id,brand_model,rating_year,stars,adult_pct,child_pct,vru_pct,sa_pct,adult_points,adult_max_points,child_points,child_max_points,vru_points,vru_max_points,sa_points,sa_max_points,total_points,total_max_points,total_points_ratio,official_weighted_score,year_bucket,P_weighted,weights_used_sum,Subscore35,SafetyRaw,SafetyScore,manufactured_from,manufactured_to,on_sale_from,on_sale_to,variants,energy_sources,is_current_model,is_conventional_only,superseded_model_count,fitted_autonomous_emergency_braking,fitted_lane_support_system,image_url,manufacturer_icon,safety_rating_image_path,vehicle_url_api,vehicle_url_view,manufacturer_model_url,tags
dcd4fa,Tesla Model 3,2025,5,90,95,89,88,36.38,40,46.6,49,56.17,63,15.91,18,155.06,170,0.91211765,0.90909932,2023p,0.9761423529411765,170,63.44925294117647,98.44925294117647,100,Sep-23,onwards,Sep-23,onwards,All variants,Battery electric,TRUE,FALSE,1,standard,standard,https://s3.amazonaws.com/cdn.ancap.com.au/app/public/assets/ca5b5f8326846eae6f3dfd1653b92fa03c470200/large.png?1747716215,https://www.ancap.com.au/assets/manufacturers/small/tesla-2c4a37acec15f0c97e7f01eb30a82dcf560d290f86cbbd37365749fd1adf125f.png,https://www.ancap.com.au/assets/logos/ratings/star-rating-logo-5-2025-997c7985fb400255a9ba79b38521ba860901a2b17b1167e1fa6249c0cf799600.png,https://api.ancap.com.au/v1/safety-ratings/dcd4fa,https://www.ancap.com.au/safety-ratings/dcd4fa,https://www.ancap.com.au/safety-ratings/tesla/model-3,"category.popular_models,category.family,category.younger_driver,category.older_driver,category.city_driver,category.tradesperson,category.fleet_manager,category.employer,body_type.sedan,price.35000_to_65000,price.over_65000,seats.5_seater"
ad5601,Tesla Model Y,2025,5,91,95,86,92,36.52,40,46.62,49,54.38,63,16.65,18,154.17,170,0.90688235,0.91312063,2023p,0.9709811764705885,170,63.11377647058825,98.11377647058825,99.02290940029314,Feb-25,onwards,May-25,onwards,All variants exc. Model Y L,Battery electric,TRUE,FALSE,1,standard,standard,https://s3.amazonaws.com/cdn.ancap.com.au/app/public/assets/49cf3aff1babc63fed4ef4fbf5529d4922f37b0c/large.png?1763509167,https://www.ancap.com.au/assets/manufacturers/small/tesla-2c4a37acec15f0c97e7f01eb30a82dcf560d290f86cbbd37365749fd1adf125f.png,https://www.ancap.com.au/assets/logos/ratings/star-rating-logo-5-2025-997c7985fb400255a9ba79b38521ba860901a2b17b1167e1fa6249c0cf799600.png,https://api.ancap.com.au/v1/safety-ratings/ad5601,https://www.ancap.com.au/safety-ratings/ad5601,https://www.ancap.com.au/safety-ratings/tesla/model-y,"category.popular_models,category.family,category.younger_driver,category.older_driver,category.city_driver,category.fleet_manager,category.employer,body_type.suv,body_type.awd,price.35000_to_65000,price.over_65000,seats.5_seater"
4c6598,Leapmotor B10,2025,5,93,95,84,86,37.29,40,47,49,53.04,63,15.65,18,152.98,170,0.89988235,0.90700658,2023p,0.9609552941176471,170,62.46209411764706,97.46209411764707,97.12485467,Sep-25,onwards,Nov-25,onwards,All variants,Battery electric,TRUE,FALSE,0,standard,standard,https://s3.amazonaws.com/cdn.ancap.com.au/app/public/assets/b0437cdf8c616008bba1f7857244aeeaec415fe5/large.png?1770097874,https://www.ancap.com.au/assets/manufacturers/small/leapmotor-36cdd2d442270368a2a698082412b20c1dc330f6192d07c477b38b819ddea7d1.png,https://www.ancap.com.au/assets/logos/ratings/star-rating-logo-5-2025-997c7985fb400255a9ba79b38521ba860901a2b17b1167e1fa6249c0cf799600.png,https://api.ancap.com.au/v1/safety-ratings/4c6598,https://www.ancap.com.au/safety-ratings/4c6598,https://www.ancap.com.au/safety-ratings/leapmotor/b10,"category.family,category.older_driver,category.city_driver,category.fleet_manager,category.employer,price.35000_to_65000,seats.5_seater,body_type.suv"
413faa,Mercedes-Benz E-Class,2024,5,92,91,84,88,37.09,40,45.06,49,53.21,63,15.97,18,151.33,170,0.89017647,0.90118345,2023p,0.9505447058823532,170,61.785405882352954,96.78540588235296,95.15396916607652,Aug-23,onwards,Jan-24,onwards,All variants exc. AMG (see ANCAP Technical Report),Petrol / diesel,TRUE,TRUE,5,standard,standard,https://s3.amazonaws.com/cdn.ancap.com.au/app/public/assets/85d6fb95a28c19661a079025f56817aa05bf290b/large.png?1755046437,https://www.ancap.com.au/assets/manufacturers/small/mercedes-benz-e77b2c8ebc765c6efef479ecc989fa49ba959a9a19a44f8687fc88ae0cc0d2e4.png,https://www.ancap.com.au/assets/logos/ratings/star-rating-logo-5-2024-c6164fac702658394851ade2462c3593ebea4131b5f9c00875bcc1784ca49bc0.png,https://api.ancap.com.au/v1/safety-ratings/413faa,https://www.ancap.com.au/safety-ratings/413faa,https://www.ancap.com.au/safety-ratings/mercedes-benz/e-class,"category.older_driver,category.city_driver,category.fleet_manager,category.employer,category.luxury,body_type.sedan,price.over_65000,seats.5_seater"
39082b,Volvo EX90,2025,5,92,94,82,84,36.94,40,46.54,49,52.24,63,15.25,18,150.97,170,0.88805882,0.8946449,2023p,0.9469835294117647,170,61.553929411764706,96.55392941,94.47978333,Dec-24,onwards,Mar-25,onwards,All variants (see Technical Report),Battery electric,TRUE,FALSE,0,standard,standard,https://s3.amazonaws.com/cdn.ancap.com.au/app/public/assets/82a6a2f56858bdefcd78d5025783c979ec6da496/large.png?1763599703,https://www.ancap.com.au/assets/manufacturers/small/volvo-76755f577091173cc96906ade329dbb87be4b1cf6e69b7ae73561a93f74106cb.png,https://www.ancap.com.au/assets/logos/ratings/star-rating-logo-5-2025-997c7985fb400255a9ba79b38521ba860901a2b17b1167e1fa6249c0cf799600.png,https://api.ancap.com.au/v1/safety-ratings/39082b,https://www.ancap.com.au/safety-ratings/39082b,https://www.ancap.com.au/safety-ratings/volvo/ex90,"category.family,category.older_driver,category.city_driver,category.fleet_manager,category.employer,category.luxury,body_type.suv,body_type.awd,price.over_65000,seats.7_seater"
8b72cd,Mercedes-Benz CLE Coupe,2025,5,93,86,87,84,37.38,40,42.43,49,55.27,63,15.24,18,150.32,170,0.88423529,0.89177732,2023p,0.9454176470588236,170,61.452147058823535,96.45214705882353,94.18333756509111,Oct-23,onwards,Jan-24,onwards,All variants,Petrol / diesel,TRUE,TRUE,0,standard,standard,https://s3.amazonaws.com/cdn.ancap.com.au/app/public/assets/de8b638ef0dc5e52eae55fa163e6aaf01afab9cc/large.png?1770171733,https://www.ancap.com.au/assets/manufacturers/small/mercedes-benz-e77b2c8ebc765c6efef479ecc989fa49ba959a9a19a44f8687fc88ae0cc0d2e4.png,https://www.ancap.com.au/assets/logos/ratings/star-rating-logo-5-2025-997c7985fb400255a9ba79b38521ba860901a2b17b1167e1fa6249c0cf799600.png,https://api.ancap.com.au/v1/safety-ratings/8b72cd,https://www.ancap.com.au/safety-ratings/8b72cd,https://www.ancap.com.au/safety-ratings/mercedes-benz/cle-coupe-7861a424-4d5f-44ce-9bf2-01297f4e5bb9,"category.older_driver,category.city_driver,category.fleet_manager,category.employer,category.luxury,body_type.awd,price.over_65000,seats.4_seater,body_type.coupe"
e9400f,BYD SEAL 6,2025,5,92,90,84,84,36.9,40,44.31,49,53.05,63,15.22,18,149.48,170,0.87929412,0.88738095,2023p,0.9429152941176471,170,61.28949411764706,96.28949411764705,93.70960341747848,Apr-26,onwards,May-26,onwards,All variants,Plug-in hybrid,TRUE,FALSE,0,standard,standard,https://s3.amazonaws.com/cdn.ancap.com.au/app/public/assets/26992e0fb2f9d43659afe7b188eb096c84e4e256/large.png?1777941381,https://www.ancap.com.au/assets/manufacturers/small/byd-ddfb68db4046218b9ee4a3bc429d6824ab6c3b6456aae92a6b61865f2addc89e.png,https://www.ancap.com.au/assets/logos/ratings/star-rating-logo-5-2025-997c7985fb400255a9ba79b38521ba860901a2b17b1167e1fa6249c0cf799600.png,https://api.ancap.com.au/v1/safety-ratings/e9400f,https://www.ancap.com.au/safety-ratings/e9400f,https://www.ancap.com.au/safety-ratings/byd/seal-6,"category.popular_models,category.family,category.older_driver,category.city_driver,category.fleet_manager,category.employer,body_type.sedan,body_type.wagon,price.35000_to_65000,seats.5_seater"
eaecda,Tesla Model Y L,2025,5,91,84,86,92,36.52,40,41.4,49,54.38,63,16.65,18,148.95,170,0.87617647,0.89181451,2023p,0.9393905882352942,170,61.06038823529412,96.06038823529411,93.04232203231281,Feb-26,onwards,Mar-26,onwards,"Model Y L (six seat, three row)",Battery electric,TRUE,FALSE,0,standard,standard,https://s3.amazonaws.com/cdn.ancap.com.au/app/public/assets/dc186e9a4fffb1210b78a90bd0e4f2cd7ddff41f/large.png?1777943983,https://www.ancap.com.au/assets/manufacturers/small/tesla-2c4a37acec15f0c97e7f01eb30a82dcf560d290f86cbbd37365749fd1adf125f.png,https://www.ancap.com.au/assets/logos/ratings/star-rating-logo-5-2025-997c7985fb400255a9ba79b38521ba860901a2b17b1167e1fa6249c0cf799600.png,https://api.ancap.com.au/v1/safety-ratings/eaecda,https://www.ancap.com.au/safety-ratings/eaecda,https://www.ancap.com.au/safety-ratings/tesla/model-y-l,"category.popular_models,category.family,category.younger_driver,category.older_driver,category.city_driver,category.tradesperson,category.fleet_manager,category.employer,category.luxury,body_type.suv,body_type.awd,price.over_65000,seats.5_seater"
bb4d51,MG U9,2024,5,91,89,84,85,36.78,40,44,49,53.13,63,15.38,18,149.29,170,0.87817647,0.88694739,2023p,0.9385094117647059,170,61.003111764705885,96.00311176470589,92.87550168602142,Jul-25,onwards,Sep-25,onwards,Diesel variants,Petrol / diesel,TRUE,TRUE,0,standard,standard,https://s3.amazonaws.com/cdn.ancap.com.au/app/public/assets/36691b1e7edc00d701354ad979bf784dc0dbe626/large.png?1758077619,https://www.ancap.com.au/assets/manufacturers/small/mg-64908a954f2375bfe93427a0a7639fe122f0f3e9a9f2e5e8e32d090836a8b44d.png,https://www.ancap.com.au/assets/logos/ratings/star-rating-logo-5-2024-c6164fac702658394851ade2462c3593ebea4131b5f9c00875bcc1784ca49bc0.png,https://api.ancap.com.au/v1/safety-ratings/bb4d51,https://www.ancap.com.au/safety-ratings/bb4d51,https://www.ancap.com.au/safety-ratings/mg/u9,"category.family,category.rural_driver,category.tradesperson,category.fleet_manager,category.employer,body_type.awd,body_type.ute,price.35000_to_65000,seats.4_seater"
c00537,LDV Terron 9,2024,5,91,89,84,85,36.78,40,44,49,53.13,63,15.38,18,149.29,170,0.87817647,0.88694739,2023p,0.9385094117647059,170,61.003111764705885,96.00311176470589,92.87550168602142,Nov-24,onwards,Jul-25,onwards,Diesel variants,Petrol / diesel,TRUE,TRUE,0,standard,standard,https://s3.amazonaws.com/cdn.ancap.com.au/app/public/assets/76287a020cc1a75c70148612e8d1e32fb0432602/large.png?1756795950,https://www.ancap.com.au/assets/manufacturers/small/ldv-36f0a24f23fe6d2e9693b6f304d5c5c4f14b40d35759a19f3ac6cc70015dd8e9.png,https://www.ancap.com.au/assets/logos/ratings/star-rating-logo-5-2024-c6164fac702658394851ade2462c3593ebea4131b5f9c00875bcc1784ca49bc0.png,https://api.ancap.com.au/v1/safety-ratings/c00537,https://www.ancap.com.au/safety-ratings/c00537,https://www.ancap.com.au/safety-ratings/ldv/terron-9,"category.rural_driver,category.tradesperson,category.fleet_manager,category.employer,body_type.awd,body_type.ute,price.35000_to_65000,seats.5_seater,category.family"
e683d7,IM 5,2025,5,89,91,85,79,35.73,40,44.81,49,53.77,63,14.35,18,148.66,170,0.87447059,0.87034082,2023p,0.9368470588235295,170,60.89505882352942,95.89505882352941,92.56079254141554,Apr-25,onwards,Jul-25,onwards,All variants,Battery electric,TRUE,FALSE,0,standard,standard,https://s3.amazonaws.com/cdn.ancap.com.au/app/public/assets/6b0050bce27209ff0de50d96bf3c660f4546cc36/large.png?1760573499,https://www.ancap.com.au/assets/manufacturers/small/im-34206747fa62b87c641919e44dac7dc761f4f6c8fc07ce1938de2e8922ef8128.png,https://www.ancap.com.au/assets/logos/ratings/star-rating-logo-5-2025-997c7985fb400255a9ba79b38521ba860901a2b17b1167e1fa6249c0cf799600.png,https://api.ancap.com.au/v1/safety-ratings/e683d7,https://www.ancap.com.au/safety-ratings/e683d7,https://www.ancap.com.au/safety-ratings/im/5-4a10a1bd-82e5-4d27-970e-40948ba78938,"category.family,price.over_65000,seats.5_seater,category.younger_driver,category.older_driver,category.city_driver,category.fleet_manager,category.employer,body_type.sedan,body_type.awd,price.35000_to_65000"
f584ba,Toyota Camry,2024,5,95,87,84,81,38.4,40,42.66,49,53.15,63,14.76,18,148.97,170,0.87629412,0.89085261,2023p,0.9361541176470589,170,60.85001764705883,95.85001764705882,92.42960805013965,Jun-24,onwards,Aug-24,onwards,All Hybrid variants,Hybrid,TRUE,FALSE,11,standard,standard,https://s3.amazonaws.com/cdn.ancap.com.au/app/public/assets/f5e151d410efbe81ec633620b5b5b10cc81d9094/large.png?1726527847,https://www.ancap.com.au/assets/manufacturers/small/toyota-82ccce5443b662fd06bc229b482b20907450f184bb900f31ac47fe4d85b75cbe.png,https://www.ancap.com.au/assets/logos/ratings/star-rating-logo-5-2024-c6164fac702658394851ade2462c3593ebea4131b5f9c00875bcc1784ca49bc0.png,https://api.ancap.com.au/v1/safety-ratings/f584ba,https://www.ancap.com.au/safety-ratings/f584ba,https://www.ancap.com.au/safety-ratings/toyota/camry,"category.popular_models,category.family,category.younger_driver,category.older_driver,category.city_driver,category.fleet_manager,category.employer,body_type.sedan,price.35000_to_65000,seats.5_seater"
84fe06,Geely Starray EM-i,2025,5,90,87,86,82,36.23,40,42.81,49,54.44,63,14.92,18,148.4,170,0.87294118,0.87563787,2023p,0.9346270588235295,170,60.75075882352942,95.75075882352942,92.14051217632625,Jun-25,onwards,Sep-25,onwards,All variants,Plug-in hybrid,TRUE,FALSE,0,standard,standard,https://s3.amazonaws.com/cdn.ancap.com.au/app/public/assets/dcae0021bee76e06ab60dcdbdbe8cfa5d82b2c02/large.png?1770095592,https://www.ancap.com.au/assets/manufacturers/small/geely-09cf069a04f9ce839ce8b023e5af7bb8d0b1b0405418e76eda366e8890627c2c.png,https://www.ancap.com.au/assets/logos/ratings/star-rating-logo-5-2025-997c7985fb400255a9ba79b38521ba860901a2b17b1167e1fa6249c0cf799600.png,https://api.ancap.com.au/v1/safety-ratings/84fe06,https://www.ancap.com.au/safety-ratings/84fe06,https://www.ancap.com.au/safety-ratings/geely/starray-em-i,"category.popular_models,category.family,category.older_driver,category.city_driver,category.fleet_manager,category.employer,body_type.suv,price.35000_to_65000,seats.5_seater"
f9f80e,JAC Hunter,2024,5,85,87,87,89,34.29,40,43,49,54.93,63,16.15,18,148.37,170,0.87276471,0.8722356,2023p,0.9342376470588236,170,60.72544705882353,95.72544705882353,92.06679050126287,Apr-26,onwards,Apr-26,onwards,All variants,Plug-in hybrid,TRUE,FALSE,0,standard,standard,https://s3.amazonaws.com/cdn.ancap.com.au/app/public/assets/17204768db7a03659fb97d091c8d7137541f81c4/large.png?1775089082,https://www.ancap.com.au/assets/manufacturers/small/jac-371d1be5c700e21543ba9d60bc1fd2182c3c19c7f16b77cff8448ccc07527785.png,https://www.ancap.com.au/assets/logos/ratings/star-rating-logo-5-2024-c6164fac702658394851ade2462c3593ebea4131b5f9c00875bcc1784ca49bc0.png,https://api.ancap.com.au/v1/safety-ratings/f9f80e,https://www.ancap.com.au/safety-ratings/f9f80e,https://www.ancap.com.au/safety-ratings/jac/hunter,"category.family,category.younger_driver,category.older_driver,category.city_driver,category.rural_driver,category.tradesperson,category.fleet_manager,category.employer,body_type.ute,price.35000_to_65000,seats.5_seater"
63e138,JAC T9,2024,5,85,87,87,89,34.29,40,43,49,54.93,63,16.15,18,148.37,170,0.87276471,0.8722356,2023p,0.9342376470588236,170,60.72544705882353,95.72544705882353,92.06679050126287,Jan-24,onwards,Aug-24,onwards,All variants,Petrol / diesel and plug-in hybrid,TRUE,FALSE,0,standard,standard,https://s3.amazonaws.com/cdn.ancap.com.au/app/public/assets/4d437bb980699b02b89de26daa8b484e7339f13f/large.png?1751844865,https://www.ancap.com.au/assets/manufacturers/small/jac-371d1be5c700e21543ba9d60bc1fd2182c3c19c7f16b77cff8448ccc07527785.png,https://www.ancap.com.au/assets/logos/ratings/star-rating-logo-5-2024-c6164fac702658394851ade2462c3593ebea4131b5f9c00875bcc1784ca49bc0.png,https://api.ancap.com.au/v1/safety-ratings/63e138,https://www.ancap.com.au/safety-ratings/63e138,https://www.ancap.com.au/safety-ratings/jac/t9,"category.family,category.rural_driver,category.tradesperson,category.fleet_manager,category.employer,body_type.awd,body_type.ute,price.35000_to_65000,seats.5_seater"
c8a13b,Mazda CX-80,2024,5,92,87,84,83,37.18,40,43,49,53.33,63,15.06,18,148.57,170,0.87394118,0.88394512,2023p,0.9326058823529412,170,60.61938235294117,95.61938235294117,91.75787218309702,Jul-24,onwards,Oct-24,onwards,All variants,Petrol / diesel and plug-in hybrid,TRUE,FALSE,0,standard,standard,https://s3.amazonaws.com/cdn.ancap.com.au/app/public/assets/a76ed9b036122e320ca39a4a614f4836a29eab06/large.png?1735003637,https://www.ancap.com.au/assets/manufacturers/small/mazda-e63ddf99d8c5754c28a3ba95351206260ccae7a227fafe4248fe00cc4b4e345e.png,https://www.ancap.com.au/assets/logos/ratings/star-rating-logo-5-2024-c6164fac702658394851ade2462c3593ebea4131b5f9c00875bcc1784ca49bc0.png,https://api.ancap.com.au/v1/safety-ratings/c8a13b,https://www.ancap.com.au/safety-ratings/c8a13b,https://www.ancap.com.au/safety-ratings/mazda/cx-80,"category.family,category.city_driver,category.fleet_manager,category.employer,category.luxury,body_type.suv,price.over_65000,seats.5_seater,seats.7_seater,price.35000_to_65000"
0c726f,Zeekr X,2024,5,91,87,84,84,36.76,40,42.81,49,52.96,63,15.19,18,147.72,170,0.86894118,0.87923946,2023p,0.9312552941176472,170,60.53159411764707,95.53159411764707,91.50218492336069,Jul-24,onwards,Oct-24,onwards,All variants,Battery electric,TRUE,FALSE,0,standard,standard,https://s3.amazonaws.com/cdn.ancap.com.au/app/public/assets/0f41e530dea01d8a94b1abf292b6a01a5ed58043/large.png?1732754596,https://www.ancap.com.au/assets/manufacturers/small/zeekr-ef9956a7c00b805049972ed9417b56279061a656a505261e47604d807da36e24.png,https://www.ancap.com.au/assets/logos/ratings/star-rating-logo-5-2024-c6164fac702658394851ade2462c3593ebea4131b5f9c00875bcc1784ca49bc0.png,https://api.ancap.com.au/v1/safety-ratings/0c726f,https://www.ancap.com.au/safety-ratings/0c726f,https://www.ancap.com.au/safety-ratings/zeekr/x,"category.popular_models,category.family,category.younger_driver,category.older_driver,category.city_driver,category.fleet_manager,body_type.suv,body_type.awd,price.35000_to_65000"
3988dd,IM 6,2025,5,90,91,83,79,36.1,40,44.81,49,52.68,63,14.39,18,147.98,170,0.87047059,0.87102494,2023p,0.9311882352941178,170,60.52723529411765,95.52723529411765,91.48948965001136,Apr-25,onwards,Jul-25,onwards,All variants,Battery electric,TRUE,FALSE,0,standard,standard,https://s3.amazonaws.com/cdn.ancap.com.au/app/public/assets/3a891863264b8b0567286c7c480351f065526508/large.png?1761698356,https://www.ancap.com.au/assets/manufacturers/small/im-34206747fa62b87c641919e44dac7dc761f4f6c8fc07ce1938de2e8922ef8128.png,https://www.ancap.com.au/assets/logos/ratings/star-rating-logo-5-2025-997c7985fb400255a9ba79b38521ba860901a2b17b1167e1fa6249c0cf799600.png,https://api.ancap.com.au/v1/safety-ratings/3988dd,https://www.ancap.com.au/safety-ratings/3988dd,https://www.ancap.com.au/safety-ratings/im/6-371d938f-28dd-4b66-a39d-8fe55d5458d2,"category.family,category.older_driver,category.city_driver,category.fleet_manager,category.employer,price.35000_to_65000,price.over_65000,seats.5_seater,body_type.suv,body_type.awd"
b407f5,BMW 5 Series,2023,5,89,87,86,81,35.63,40,42.81,49,54.56,63,14.74,18,147.74,170,0.86905882,0.86801882,2023p,0.930989412,170,60.51431176470589,95.51431176,91.45184927815126,Jul-23,onwards,Nov-23,onwards,All variants (see Technical Report),Petrol / diesel and battery electric,TRUE,FALSE,3,standard,standard,https://s3.amazonaws.com/cdn.ancap.com.au/app/public/assets/443b6d9a8f6e0ec7d642f0dae622668028b2ffcd/large.png?1701751127,https://www.ancap.com.au/assets/manufacturers/small/bmw-d0733f7f1eb33160445ec15f25cf2baf31414224842ba14487d0b69422c0d924.png,https://www.ancap.com.au/assets/logos/ratings/star-rating-logo-5-2023-e042d27b55c566111e592e7d65971206f5985a5bbf3378e38387b6f416999c17.png,https://api.ancap.com.au/v1/safety-ratings/b407f5,https://www.ancap.com.au/safety-ratings/b407f5,https://www.ancap.com.au/safety-ratings/bmw/5-series,"category.older_driver,category.city_driver,category.fleet_manager,category.employer,category.luxury,price.over_65000,seats.5_seater,body_type.sedan,body_type.awd"
344c43,Lexus RX,2022,5,90,89,89,93,34.33,38,44,49,48.17,54,14.9,16,141.4,157,0.90063694,0.90561767,2020_2022,0.9283484076433121,157,60.342646496815284,95.34264649681529,90.95186632,Oct-22,onwards,Feb-23,onwards,All variants,"Petrol / diesel, hybrid and plug-in hybrid",TRUE,FALSE,1,standard,standard,https://s3.amazonaws.com/cdn.ancap.com.au/app/public/assets/d772267fc7fd276f1b01209c97ddf5eb3bd883a7/large.png?1675901893,https://www.ancap.com.au/assets/manufacturers/small/lexus-7de87d18e9ac073414bf0befc12c1845af77365eba07c76ad571b01129bfb87f.png,https://www.ancap.com.au/assets/logos/ratings/star-rating-logo-5-2022-6fb1f080765af2b98c7726db6ea8d07e44609565ad1d219235702f4016f0b6e1.png,https://api.ancap.com.au/v1/safety-ratings/344c43,https://www.ancap.com.au/safety-ratings/344c43,https://www.ancap.com.au/safety-ratings/lexus/rx,"category.family,category.older_driver,category.city_driver,category.fleet_manager,category.employer,category.luxury,body_type.suv,body_type.awd,price.over_65000,seats.5_seater"
b972bb,Lexus RZ,2023,5,87,89,84,84,35.09,40,44,49,53.38,63,15.2,18,147.67,170,0.86864706,0.86884104,2023p,0.9273894117647058,170,60.28031176470588,95.28031176470589,90.77031355097934,Feb-23,onwards,Apr-23,onwards,See ANCAP Safety Report,Battery electric,TRUE,FALSE,0,standard,standard,https://s3.amazonaws.com/cdn.ancap.com.au/app/public/assets/96d493026a2d656ed50c4354bd44de4ed7cc6a2a/large.png?1693795950,https://www.ancap.com.au/assets/manufacturers/small/lexus-7de87d18e9ac073414bf0befc12c1845af77365eba07c76ad571b01129bfb87f.png,https://www.ancap.com.au/assets/logos/ratings/star-rating-logo-5-2023-e042d27b55c566111e592e7d65971206f5985a5bbf3378e38387b6f416999c17.png,https://api.ancap.com.au/v1/safety-ratings/b972bb,https://www.ancap.com.au/safety-ratings/b972bb,https://www.ancap.com.au/safety-ratings/lexus/rz,"category.older_driver,category.city_driver,category.fleet_manager,category.employer,category.luxury,price.over_65000,category.family,body_type.suv,body_type.awd,seats.5_seater"
3dd1dc,Mazda CX-60,2022,5,91,93,89,77,34.82,38,46,49,48.18,54,12.32,16,141.32,157,0.90012739,0.88672586,2020_2022,0.9265789808917199,157,60.22763375796179,95.22763376,90.61688644143959,Mar-23,onwards,Jul-23,onwards,All variants,Petrol / diesel and plug-in hybrid,TRUE,FALSE,0,standard,standard,https://s3.amazonaws.com/cdn.ancap.com.au/app/public/assets/0f7f913010404a099d5d8794fa8b3e24c5f6bd6d/large.png?1688434927,https://www.ancap.com.au/assets/manufacturers/small/mazda-e63ddf99d8c5754c28a3ba95351206260ccae7a227fafe4248fe00cc4b4e345e.png,https://www.ancap.com.au/assets/logos/ratings/star-rating-logo-5-2022-6fb1f080765af2b98c7726db6ea8d07e44609565ad1d219235702f4016f0b6e1.png,https://api.ancap.com.au/v1/safety-ratings/3dd1dc,https://www.ancap.com.au/safety-ratings/3dd1dc,https://www.ancap.com.au/safety-ratings/mazda/cx-60,"category.popular_models,category.family,category.younger_driver,category.older_driver,category.city_driver,category.fleet_manager,category.employer,body_type.suv,body_type.awd,price.35000_to_65000,price.over_65000,seats.5_seater"
d97c39,Skoda Superb,2024,5,93,86,82,85,37.29,40,42.41,49,51.82,63,15.42,18,146.94,170,0.86435294,0.88184331,2023p,0.9261788235294117,170,60.20162352941176,95.20162352941176,90.54113045841073,Jan-25,onwards,Mar-25,onwards,All variants,Petrol / diesel and plug-in hybrid,TRUE,FALSE,2,standard,standard,https://s3.amazonaws.com/cdn.ancap.com.au/app/public/assets/c519c726934c9bbf324bbefea7e07899eec780e8/large.png?1755045392,https://www.ancap.com.au/assets/manufacturers/small/skoda-cda08028a473eee106382fe717e8f617643d024cbf7175094445b52bde5cac8b.png,https://www.ancap.com.au/assets/logos/ratings/star-rating-logo-5-2024-c6164fac702658394851ade2462c3593ebea4131b5f9c00875bcc1784ca49bc0.png,https://api.ancap.com.au/v1/safety-ratings/d97c39,https://www.ancap.com.au/safety-ratings/d97c39,https://www.ancap.com.au/safety-ratings/skoda/superb,"category.popular_models,category.family,category.younger_driver,category.older_driver,category.city_driver,category.rural_driver,category.tradesperson,category.fleet_manager,category.employer,body_type.sedan,body_type.wagon,body_type.awd,price.over_65000,seats.5_seater"
86e617,Toyota C-HR,2024,5,85,88,86,82,34.04,40,43.59,49,54.36,63,14.83,18,146.82,170,0.86364706,0.85566757,2023p,0.9252117647058824,170,60.13876470588236,95.13876470588235,90.35805125326847,Oct-23,onwards,Feb-24,onwards,All variants exc. GR Sport (see ANCAP technical report),Hybrid,TRUE,FALSE,2,standard,standard,https://s3.amazonaws.com/cdn.ancap.com.au/app/public/assets/47e27ef2e739eca7e1e2d3fc471b36e2eee840e6/large.png?1712544806,https://www.ancap.com.au/assets/manufacturers/small/toyota-82ccce5443b662fd06bc229b482b20907450f184bb900f31ac47fe4d85b75cbe.png,https://www.ancap.com.au/assets/logos/ratings/star-rating-logo-5-2024-c6164fac702658394851ade2462c3593ebea4131b5f9c00875bcc1784ca49bc0.png,https://api.ancap.com.au/v1/safety-ratings/86e617,https://www.ancap.com.au/safety-ratings/86e617,https://www.ancap.com.au/safety-ratings/toyota/c-hr,"category.popular_models,category.family,category.younger_driver,category.older_driver,category.city_driver,category.fleet_manager,category.employer,body_type.suv,price.35000_to_65000,seats.5_seater"
74f388,Smart #3,2023,5,90,85,84,86,36.25,40,42.13,49,52.98,63,15.51,18,146.87,170,0.86394118,0.87498299,2023p,0.9249376470588236,170,60.12094705882354,95.12094705882353,90.30615653940214,Jul-24,onwards,Sep-24,onwards,All variants,Battery electric,TRUE,FALSE,0,standard,standard,https://s3.amazonaws.com/cdn.ancap.com.au/app/public/assets/6e2356c89fdadb09810dd9b2013fc98cdc2e783f/large.png?1727745233,https://www.ancap.com.au/assets/manufacturers/small/smart-e9f505550f0ce05ad50c61ec04fe7186ce8f21e25bbd2874a924347d7c6ae276.png,https://www.ancap.com.au/assets/logos/ratings/star-rating-logo-5-2023-e042d27b55c566111e592e7d65971206f5985a5bbf3378e38387b6f416999c17.png,https://api.ancap.com.au/v1/safety-ratings/74f388,https://www.ancap.com.au/safety-ratings/74f388,https://www.ancap.com.au/safety-ratings/smart/3-1bb2e63d-c365-4142-a7bf-147b1d804bb2,"category.popular_models,category.family,category.younger_driver,category.older_driver,category.city_driver,category.fleet_manager,body_type.hatch,body_type.awd,price.35000_to_65000,price.over_65000,seats.5_seater"
794873,Polestar 3,2025,5,90,94,79,79,36.04,40,46.22,49,50.1,63,14.23,18,146.59,170,0.86229412,0.86621179,2023p,0.9240482352941176,170,60.06313529411764,95.06313529411764,90.13777712445376,Mar-24,onwards,May-24,onwards,All variants,Battery electric,TRUE,FALSE,0,standard,standard,https://s3.amazonaws.com/cdn.ancap.com.au/app/public/assets/405be8e66b40fb3a6793d668792eb959e8f08eb8/large.png?1750050839,https://www.ancap.com.au/assets/manufacturers/small/polestar-35314d15a4d8e27304b908b4e1724bb6c5b209c67cbc1dfa68aef87fe79aad34.png,https://www.ancap.com.au/assets/logos/ratings/star-rating-logo-5-2025-997c7985fb400255a9ba79b38521ba860901a2b17b1167e1fa6249c0cf799600.png,https://api.ancap.com.au/v1/safety-ratings/794873,https://www.ancap.com.au/safety-ratings/794873,https://www.ancap.com.au/safety-ratings/polestar/3-fdebca83-a847-4efd-b1ba-ad5bd803a614,"category.family,category.older_driver,category.city_driver,category.fleet_manager,category.employer,category.luxury,body_type.suv,body_type.awd,price.over_65000,seats.5_seater"
726c22,Tesla Model Y,2022,5,97,89,82,98,36.87,38,43.62,49,44.81,54,15.75,16,141.05,157,0.89840764,0.92898404,2020_2022,0.9231547770700638,157,60.00506050955415,95.00506050955414,89.96863165211258,Feb-22,Apr-25,Jun-22,Apr-25,All variants,Battery electric,FALSE,FALSE,0,standard,standard,https://s3.amazonaws.com/cdn.ancap.com.au/app/public/assets/c70c2f0f8340958f3a29c649b156b0ee03c2e97c/large.png?1662427542,https://www.ancap.com.au/assets/manufacturers/small/tesla-2c4a37acec15f0c97e7f01eb30a82dcf560d290f86cbbd37365749fd1adf125f.png,https://www.ancap.com.au/assets/logos/ratings/star-rating-logo-5-2022-6fb1f080765af2b98c7726db6ea8d07e44609565ad1d219235702f4016f0b6e1.png,https://api.ancap.com.au/v1/safety-ratings/726c22,https://www.ancap.com.au/safety-ratings/726c22,https://www.ancap.com.au/safety-ratings/tesla/model-y,"category.popular_models,category.family,category.younger_driver,category.older_driver,category.city_driver,category.fleet_manager,category.employer,category.luxury,body_type.suv,body_type.awd,price.over_65000,seats.5_seater"
a8a4a9,Mercedes-Benz EQE SUV,2023,5,87,92,80,86,35,40,45.25,49,50.48,63,15.65,18,146.38,170,0.86105882,0.86883673,2023p,0.9225364705882353,170,59.96487058823529,94.96487059,89.85157666386037,Jan-23,onwards,Sep-23,onwards,All variants (exc. AMG EQE 53 4MATIC+ SUV),Battery electric,TRUE,FALSE,0,standard,standard,https://s3.amazonaws.com/cdn.ancap.com.au/app/public/assets/127682f34404ebc0de6051b558056823b2cc5ce2/large.png?1701749701,https://www.ancap.com.au/assets/manufacturers/small/mercedes-benz-e77b2c8ebc765c6efef479ecc989fa49ba959a9a19a44f8687fc88ae0cc0d2e4.png,https://www.ancap.com.au/assets/logos/ratings/star-rating-logo-5-2023-e042d27b55c566111e592e7d65971206f5985a5bbf3378e38387b6f416999c17.png,https://api.ancap.com.au/v1/safety-ratings/a8a4a9,https://www.ancap.com.au/safety-ratings/a8a4a9,https://www.ancap.com.au/safety-ratings/mercedes-benz/eqe-suv,"category.older_driver,category.city_driver,category.fleet_manager,category.employer,category.luxury,price.over_65000,body_type.suv,body_type.awd,seats.5_seater"
62fb09,GWM Tank 500,2024,5,85,93,81,84,34.38,40,46,49,51.14,63,15.28,18,146.8,170,0.86352941,0.86368209,2023p,0.9223929411764706,170,59.95554117647059,94.95554117647059,89.82440432441102,Dec-23,onwards,Apr-24,onwards,All Hybrid variants,Hybrid,TRUE,FALSE,0,standard,standard,https://s3.amazonaws.com/cdn.ancap.com.au/app/public/assets/cfc86fb0132496cdc4856fe83f9223157a7890dd/large.png?1716269130,https://www.ancap.com.au/assets/manufacturers/small/gwm-2a8e624d67ad4cd0510403509f28589d7d0c520f787c872a8ee4f7df3c0ea22e.png,https://www.ancap.com.au/assets/logos/ratings/star-rating-logo-5-2024-c6164fac702658394851ade2462c3593ebea4131b5f9c00875bcc1784ca49bc0.png,https://api.ancap.com.au/v1/safety-ratings/62fb09,https://www.ancap.com.au/safety-ratings/62fb09,https://www.ancap.com.au/safety-ratings/great-wall-motors/tank-500,"category.family,category.city_driver,category.rural_driver,category.tradesperson,category.fleet_manager,category.employer,body_type.suv,body_type.awd,price.over_65000,seats.7_seater"
93729c,GWM Haval H7,2025,5,89,91,81,80,35.93,40,44.78,49,51.12,63,14.48,18,146.31,170,0.86064706,0.86525011,2023p,0.9216847058823531,170,59.90950588235295,94.90950588235296,89.69032441991516,Apr-25,onwards,Aug-25,onwards,All variants (see Technical Report),Hybrid,TRUE,FALSE,0,standard,standard,https://s3.amazonaws.com/cdn.ancap.com.au/app/public/assets/beef5121888f60e7db149b3eb62f108f89babad8/large.png?1766037953,https://www.ancap.com.au/assets/manufacturers/small/gwm-2a8e624d67ad4cd0510403509f28589d7d0c520f787c872a8ee4f7df3c0ea22e.png,https://www.ancap.com.au/assets/logos/ratings/star-rating-logo-5-2025-997c7985fb400255a9ba79b38521ba860901a2b17b1167e1fa6249c0cf799600.png,https://api.ancap.com.au/v1/safety-ratings/93729c,https://www.ancap.com.au/safety-ratings/93729c,https://www.ancap.com.au/safety-ratings/great-wall-motors/haval-h7,"category.family,category.younger_driver,category.older_driver,category.city_driver,category.fleet_manager,category.employer,body_type.suv,seats.5_seater,price.35000_to_65000"
6a5ee7,Subaru Forester,2024,5,83,91,86,75,33.52,40,44.72,49,54.68,63,13.65,18,146.57,170,0.86217647,0.84298458,2023p,0.9213847058823531,170,59.89000588235295,94.89000588235295,89.63352977598414,May-25,onwards,Jun-25,onwards,All variants,Petrol / diesel and hybrid,TRUE,FALSE,6,standard,standard,https://s3.amazonaws.com/cdn.ancap.com.au/app/public/assets/93ee40ed8ca520eb64fd786a3a2ec86f42e0c4eb/large.png?1751959519,https://www.ancap.com.au/assets/manufacturers/small/subaru-cc06700c9f6c24b8d6ba376fb784ada8b43b605b581442d1f6bf6c1a0e49ddf5.png,https://www.ancap.com.au/assets/logos/ratings/star-rating-logo-5-2024-c6164fac702658394851ade2462c3593ebea4131b5f9c00875bcc1784ca49bc0.png,https://api.ancap.com.au/v1/safety-ratings/6a5ee7,https://www.ancap.com.au/safety-ratings/6a5ee7,https://www.ancap.com.au/safety-ratings/subaru/forester,"category.popular_models,category.family,category.older_driver,category.city_driver,category.rural_driver,category.tradesperson,category.fleet_manager,category.employer,body_type.suv,body_type.awd,price.35000_to_65000,seats.5_seater"
799bde,GWM Cannon Alpha,2024,5,84,93,82,81,33.98,40,46,49,51.99,63,14.74,18,146.71,170,0.863,0.8563805,2023p,0.920544706,170,59.835405882352944,94.83540588235294,89.47450477297734,Apr-24,onwards,Jun-24,onwards,All variants (see Technical Report),"Petrol / diesel, hybrid and plug-in hybrid",TRUE,FALSE,0,standard,standard,https://s3.amazonaws.com/cdn.ancap.com.au/app/public/assets/0a75c2d31a5967c0635c83682982d63461388830/large.png?1730689980,https://www.ancap.com.au/assets/manufacturers/small/gwm-2a8e624d67ad4cd0510403509f28589d7d0c520f787c872a8ee4f7df3c0ea22e.png,https://www.ancap.com.au/assets/logos/ratings/star-rating-logo-5-2024-c6164fac702658394851ade2462c3593ebea4131b5f9c00875bcc1784ca49bc0.png,https://api.ancap.com.au/v1/safety-ratings/799bde,https://www.ancap.com.au/safety-ratings/799bde,https://www.ancap.com.au/safety-ratings/great-wall-motors/cannon-alpha,"category.family,category.rural_driver,category.tradesperson,category.fleet_manager,category.employer,body_type.awd,body_type.ute,price.35000_to_65000,seats.5_seater"
cb1f0f,Toyota Prado,2024,5,85,89,84,82,34.39,40,43.62,49,53.38,63,14.83,18,146.22,170,0.86011765,0.85617891,2023p,0.9201141176470587,170,59.80741764705882,94.80741764705883,89.39298775462935,Aug-24,onwards,Nov-24,onwards,All variants,Petrol / diesel,TRUE,TRUE,5,standard,standard,https://s3.amazonaws.com/cdn.ancap.com.au/app/public/assets/9e690f62774b1e35cac22dbd851ff2c26b790f00/large.png?1733783932,https://www.ancap.com.au/assets/manufacturers/small/toyota-82ccce5443b662fd06bc229b482b20907450f184bb900f31ac47fe4d85b75cbe.png,https://www.ancap.com.au/assets/logos/ratings/star-rating-logo-5-2024-c6164fac702658394851ade2462c3593ebea4131b5f9c00875bcc1784ca49bc0.png,https://api.ancap.com.au/v1/safety-ratings/cb1f0f,https://www.ancap.com.au/safety-ratings/cb1f0f,https://www.ancap.com.au/safety-ratings/toyota/prado,"category.popular_models,category.family,category.older_driver,category.rural_driver,category.tradesperson,category.fleet_manager,category.employer,body_type.suv,body_type.awd,price.over_65000,seats.5_seater,seats.7_seater"
f3ed7b,MG 4 EV Urban,2025,5,87,86,85,82,34.88,40,42.62,49,54.12,63,14.78,18,146.4,170,0.86117647,0.85879093,2023p,0.9200129411764706,170,59.80084117647059,94.80084117647058,89.37383348255848,Dec-25,onwards,Mar-26,onwards,All variants,Battery electric,TRUE,FALSE,0,standard,standard,https://s3.amazonaws.com/cdn.ancap.com.au/app/public/assets/ac9f7bcb7338a0704dc8bc374b496e267e42e22c/large.png?1776833063,https://www.ancap.com.au/assets/manufacturers/small/mg-64908a954f2375bfe93427a0a7639fe122f0f3e9a9f2e5e8e32d090836a8b44d.png,https://www.ancap.com.au/assets/logos/ratings/star-rating-logo-5-2025-997c7985fb400255a9ba79b38521ba860901a2b17b1167e1fa6249c0cf799600.png,https://api.ancap.com.au/v1/safety-ratings/f3ed7b,https://www.ancap.com.au/safety-ratings/f3ed7b,https://www.ancap.com.au/safety-ratings/mg/4-ev-urban,"category.popular_models,category.family,category.younger_driver,category.older_driver,category.city_driver,category.fleet_manager,category.employer,body_type.hatch,price.under_35000,price.35000_to_65000,seats.5_seater"
6d3f38,BYD DOLPHIN,2023,5,89,86,85,77,35.81,40,42.43,49,53.64,63,14.04,18,145.92,170,0.85835294,0.85756939,2023p,0.9192835294117648,170,59.753429411764714,94.75342941176471,89.23574454437336,Jun-23,onwards,Oct-23,onwards,All variants (see Technical Report),Battery electric,TRUE,FALSE,0,standard,standard,https://s3.amazonaws.com/cdn.ancap.com.au/app/public/assets/773c61cb196d04f690e5176cd7e215eb057f4e66/large.png?1698200101,https://www.ancap.com.au/assets/manufacturers/small/byd-ddfb68db4046218b9ee4a3bc429d6824ab6c3b6456aae92a6b61865f2addc89e.png,https://www.ancap.com.au/assets/logos/ratings/star-rating-logo-5-2023-e042d27b55c566111e592e7d65971206f5985a5bbf3378e38387b6f416999c17.png,https://api.ancap.com.au/v1/safety-ratings/6d3f38,https://www.ancap.com.au/safety-ratings/6d3f38,https://www.ancap.com.au/safety-ratings/byd/dolphin,"category.family,category.younger_driver,category.older_driver,category.city_driver,category.fleet_manager,category.employer,body_type.hatch,price.35000_to_65000,seats.5_seater"
cbd707,Volkswagen Tayron,2025,5,87,87,83,85,35.03,40,42.81,49,52.91,63,15.46,18,146.21,170,0.86005882,0.86478073,2023p,0.9183458823529413,170,59.692482352941184,94.69248235294118,89.05823344157727,Feb-25,onwards,Sep-25,onwards,All variants,Petrol / diesel and plug-in hybrid,TRUE,FALSE,0,standard,standard,https://s3.amazonaws.com/cdn.ancap.com.au/app/public/assets/b0dd3ef2f6405d1528ba0e3eae4142675dfc9965/large.png?1759970564,https://www.ancap.com.au/assets/manufacturers/small/volkswagen-478585519095ad1c9ae6459c9b7e8cb60489d4e4d19fb0b3064d1adc665cbf40.png,https://www.ancap.com.au/assets/logos/ratings/star-rating-logo-5-2025-997c7985fb400255a9ba79b38521ba860901a2b17b1167e1fa6249c0cf799600.png,https://api.ancap.com.au/v1/safety-ratings/cbd707,https://www.ancap.com.au/safety-ratings/cbd707,https://www.ancap.com.au/safety-ratings/volkswagen/tayron,"category.popular_models,category.family,category.older_driver,category.city_driver,category.rural_driver,category.fleet_manager,category.employer,body_type.suv,body_type.awd,price.35000_to_65000,price.over_65000,seats.5_seater,seats.7_seater"
bf62bc,Mercedes-Benz EQE,2022,5,95,92,83,82,36.37,38,45.22,49,45.15,54,13.13,16,139.87,157,0.89089172,0.89876076,2020_2022,0.9172242038216563,157,59.619573248407654,94.61957324840765,88.84588233227934,Aug-22,onwards,Feb-23,onwards,All variants,Battery electric,TRUE,FALSE,0,standard,standard,https://s3.amazonaws.com/cdn.ancap.com.au/app/public/assets/9590aeacd0aacd73edabd80207f7b7b4e2ae0afe/large.png?1683763879,https://www.ancap.com.au/assets/manufacturers/small/mercedes-benz-e77b2c8ebc765c6efef479ecc989fa49ba959a9a19a44f8687fc88ae0cc0d2e4.png,https://www.ancap.com.au/assets/logos/ratings/star-rating-logo-5-2022-6fb1f080765af2b98c7726db6ea8d07e44609565ad1d219235702f4016f0b6e1.png,https://api.ancap.com.au/v1/safety-ratings/bf62bc,https://www.ancap.com.au/safety-ratings/bf62bc,https://www.ancap.com.au/safety-ratings/mercedes-benz/eqe,"category.family,category.older_driver,category.city_driver,category.fleet_manager,category.employer,category.luxury,body_type.sedan,body_type.awd,price.over_65000,seats.5_seater"
c983bb,Audi Q6 e-tron,2024,5,91,87,81,82,36.57,40,42.87,49,51.51,63,14.91,18,145.86,170,0.858,0.86987007,2023p,0.9167388235294118,170,59.58802352941177,94.58802352941177,88.75399232938224,Sep-24,onwards,Nov-24,onwards,All variants,Battery electric,TRUE,FALSE,0,standard,standard,https://s3.amazonaws.com/cdn.ancap.com.au/app/public/assets/386d07c025e936375b0e59085ad833f3afe021b4/large.png?1739848902,https://www.ancap.com.au/assets/manufacturers/small/audi-5fe869fc85fa218e107a3e484f7ea94dd48532030980d4fa091ba22e3b46ade6.png,https://www.ancap.com.au/assets/logos/ratings/star-rating-logo-5-2024-c6164fac702658394851ade2462c3593ebea4131b5f9c00875bcc1784ca49bc0.png,https://api.ancap.com.au/v1/safety-ratings/c983bb,https://www.ancap.com.au/safety-ratings/c983bb,https://www.ancap.com.au/safety-ratings/audi/q6-e-tron,"category.family,category.older_driver,category.city_driver,category.fleet_manager,category.luxury,body_type.suv,body_type.awd,price.over_65000,seats.5_seater"
ac1053,Geely EX5,2025,5,86,87,83,85,34.53,40,42.79,49,52.77,63,15.43,18,145.52,170,0.856,0.85892132,2023p,0.9158517647058825,170,59.53036470588236,94.53036470588236,88.58605836262159,Jan-25,onwards,Mar-25,onwards,All variants,Battery electric,TRUE,FALSE,0,standard,standard,https://s3.amazonaws.com/cdn.ancap.com.au/app/public/assets/0cdc03680d642a432d73c777738bbce8bd6c266a/large.png?1744000149,https://www.ancap.com.au/assets/manufacturers/small/geely-09cf069a04f9ce839ce8b023e5af7bb8d0b1b0405418e76eda366e8890627c2c.png,https://www.ancap.com.au/assets/logos/ratings/star-rating-logo-5-2025-997c7985fb400255a9ba79b38521ba860901a2b17b1167e1fa6249c0cf799600.png,https://api.ancap.com.au/v1/safety-ratings/ac1053,https://www.ancap.com.au/safety-ratings/ac1053,https://www.ancap.com.au/safety-ratings/geely/ex5,"category.popular_models,category.family,category.younger_driver,category.older_driver,category.city_driver,category.fleet_manager,category.employer,body_type.suv,seats.5_seater,price.35000_to_65000"
854afd,Polestar 4,2025,5,92,87,81,79,37,40,43,49,51.62,63,14.26,18,145.88,170,0.85811765,0.86782766,2023p,0.9158023529411764,170,59.52715294117647,94.52715294117647,88.57670395067997,Aug-24,onwards,Nov-24,onwards,All variants,Battery electric,TRUE,FALSE,0,standard,standard,https://s3.amazonaws.com/cdn.ancap.com.au/app/public/assets/8783091e77dd77c5754e40ea9e4fd4947234807d/large.png?1751958872,https://www.ancap.com.au/assets/manufacturers/small/polestar-35314d15a4d8e27304b908b4e1724bb6c5b209c67cbc1dfa68aef87fe79aad34.png,https://www.ancap.com.au/assets/logos/ratings/star-rating-logo-5-2025-997c7985fb400255a9ba79b38521ba860901a2b17b1167e1fa6249c0cf799600.png,https://api.ancap.com.au/v1/safety-ratings/854afd,https://www.ancap.com.au/safety-ratings/854afd,https://www.ancap.com.au/safety-ratings/polestar/4,"category.older_driver,category.fleet_manager,category.employer,category.luxury,body_type.suv,body_type.awd,price.over_65000,seats.5_seater"
3926f1,Subaru Crosstrek,2024,5,83,91,85,73,33.58,40,44.87,49,53.99,63,13.29,18,145.73,170,0.85723529,0.83800635,2023p,0.9150211764705883,170,59.47637647058824,94.47637647058824,88.42881515236556,Apr-25,onwards,Jun-25,onwards,All variants (see Technical Report),Petrol / diesel and hybrid,TRUE,FALSE,0,standard,standard,https://s3.amazonaws.com/cdn.ancap.com.au/app/public/assets/7f1f72199cc815453da9e92c201cec6633a64e9f/large.png?1749009990,https://www.ancap.com.au/assets/manufacturers/small/subaru-cc06700c9f6c24b8d6ba376fb784ada8b43b605b581442d1f6bf6c1a0e49ddf5.png,https://www.ancap.com.au/assets/logos/ratings/star-rating-logo-5-2024-c6164fac702658394851ade2462c3593ebea4131b5f9c00875bcc1784ca49bc0.png,https://api.ancap.com.au/v1/safety-ratings/3926f1,https://www.ancap.com.au/safety-ratings/3926f1,https://www.ancap.com.au/safety-ratings/subaru/crosstrek,"category.popular_models,category.family,category.younger_driver,category.older_driver,category.city_driver,category.rural_driver,category.tradesperson,category.fleet_manager,category.employer,body_type.suv,body_type.awd,price.35000_to_65000,seats.5_seater"
6f1428,Skoda Kodiaq,2024,5,89,87,82,81,35.66,40,42.94,49,51.73,63,14.69,18,145.02,170,0.85305882,0.85930975,2023p,0.9146835294117647,170,59.45442941176471,94.45442941,88.36489333743145,Oct-24,onwards,Mar-25,onwards,All variants,Petrol / diesel and plug-in hybrid,TRUE,FALSE,1,standard,standard,https://s3.amazonaws.com/cdn.ancap.com.au/app/public/assets/0b990cb5586ef6484bc1ee0d6442b28f271040d8/large.png?1742798846,https://www.ancap.com.au/assets/manufacturers/small/skoda-cda08028a473eee106382fe717e8f617643d024cbf7175094445b52bde5cac8b.png,https://www.ancap.com.au/assets/logos/ratings/star-rating-logo-5-2024-c6164fac702658394851ade2462c3593ebea4131b5f9c00875bcc1784ca49bc0.png,https://api.ancap.com.au/v1/safety-ratings/6f1428,https://www.ancap.com.au/safety-ratings/6f1428,https://www.ancap.com.au/safety-ratings/skoda/kodiaq,"category.popular_models,category.family,category.city_driver,category.rural_driver,category.fleet_manager,category.employer,body_type.suv,body_type.awd,price.35000_to_65000,seats.7_seater"
a1e728,Volkswagen Tiguan,2024,5,83,88,84,84,33.53,40,43.25,49,53.46,63,15.28,18,145.52,170,0.856,0.85132268,2023p,0.9143576470588235,170,59.433247058823525,94.43324705882353,88.30319876343583,Mar-24,onwards,Jul-24,onwards,All variants,Petrol / diesel and plug-in hybrid,TRUE,FALSE,3,standard,standard,https://s3.amazonaws.com/cdn.ancap.com.au/app/public/assets/b426fe0a561684ef46286da8c227c79afad77530/large.png?1734509159,https://www.ancap.com.au/assets/manufacturers/small/volkswagen-478585519095ad1c9ae6459c9b7e8cb60489d4e4d19fb0b3064d1adc665cbf40.png,https://www.ancap.com.au/assets/logos/ratings/star-rating-logo-5-2024-c6164fac702658394851ade2462c3593ebea4131b5f9c00875bcc1784ca49bc0.png,https://api.ancap.com.au/v1/safety-ratings/a1e728,https://www.ancap.com.au/safety-ratings/a1e728,https://www.ancap.com.au/safety-ratings/volkswagen/tiguan,"category.popular_models,category.family,category.older_driver,category.city_driver,category.rural_driver,category.fleet_manager,category.employer,body_type.suv,body_type.awd,price.35000_to_65000,seats.5_seater"
96e271,Omoda 9,2025,5,90,87,81,82,36.25,40,42.81,49,51.44,63,14.78,18,145.28,170,0.85458824,0.8647585,2023p,0.914244706,170,59.42590588235294,94.42590588235294,88.28181725042651,May-25,onwards,Jul-25,onwards,All variants,Plug-in hybrid,TRUE,FALSE,0,standard,standard,https://s3.amazonaws.com/cdn.ancap.com.au/app/public/assets/76404f341308e1031234c50f13f29fd89f20554e/large.png?1756798015,https://www.ancap.com.au/assets/manufacturers/small/omoda-4f8a74dabc205e0f9f28945f487c210da9a7854aa09fd8225d859fbe82003f3b.png,https://www.ancap.com.au/assets/logos/ratings/star-rating-logo-5-2025-997c7985fb400255a9ba79b38521ba860901a2b17b1167e1fa6249c0cf799600.png,https://api.ancap.com.au/v1/safety-ratings/96e271,https://www.ancap.com.au/safety-ratings/96e271,https://www.ancap.com.au/safety-ratings/omoda/9,"category.family,category.younger_driver,category.older_driver,category.city_driver,category.fleet_manager,category.employer,body_type.suv,body_type.awd,price.over_65000,seats.5_seater"
81e6eb,MG HS,2024,5,90,87,83,74,36.01,40,42.81,49,52.72,63,13.5,18,145.04,170,0.85317647,0.85219977,2023p,0.913249412,170,59.361211764705885,94.36121176470589,88.09339266703195,May-24,onwards,Aug-24,onwards,All variants,"Petrol / diesel, hybrid and plug-in hybrid",TRUE,FALSE,1,standard,standard,https://s3.amazonaws.com/cdn.ancap.com.au/app/public/assets/8b132045caa7d0d7e3f77a4702ecbca729b7d3db/large.png?1731379161,https://www.ancap.com.au/assets/manufacturers/small/mg-64908a954f2375bfe93427a0a7639fe122f0f3e9a9f2e5e8e32d090836a8b44d.png,https://www.ancap.com.au/assets/logos/ratings/star-rating-logo-5-2024-c6164fac702658394851ade2462c3593ebea4131b5f9c00875bcc1784ca49bc0.png,https://api.ancap.com.au/v1/safety-ratings/81e6eb,https://www.ancap.com.au/safety-ratings/81e6eb,https://www.ancap.com.au/safety-ratings/mg/hs,"category.popular_models,category.family,category.younger_driver,category.city_driver,category.rural_driver,category.fleet_manager,body_type.suv,price.35000_to_65000,seats.5_seater"
31ab80,MG MGS5 EV,2025,5,90,86,82,79,36.22,40,42.58,49,51.68,63,14.39,18,144.87,170,0.85217647,0.8599483,2023p,0.9118352941176471,170,59.26929411764706,94.26929411764706,87.82567830622783,Mar-25,onwards,May-25,onwards,All variants,Battery electric,TRUE,FALSE,0,standard,standard,https://s3.amazonaws.com/cdn.ancap.com.au/app/public/assets/624d3ff289bd7747fcd3cc62e5c630ea09d5ca91/large.png?1747716132,https://www.ancap.com.au/assets/manufacturers/small/mg-64908a954f2375bfe93427a0a7639fe122f0f3e9a9f2e5e8e32d090836a8b44d.png,https://www.ancap.com.au/assets/logos/ratings/star-rating-logo-5-2025-997c7985fb400255a9ba79b38521ba860901a2b17b1167e1fa6249c0cf799600.png,https://api.ancap.com.au/v1/safety-ratings/31ab80,https://www.ancap.com.au/safety-ratings/31ab80,https://www.ancap.com.au/safety-ratings/mg/mgs5-ev,"category.family,category.younger_driver,category.older_driver,category.city_driver,category.fleet_manager,body_type.suv,seats.5_seater,price.35000_to_65000,category.employer"
b016a2,Cupra Terramar,2025,5,89,87,82,78,35.89,40,43,49,51.78,63,14.14,18,144.81,170,0.85182353,0.85590227,2023p,0.9112529411764705,170,59.23144117647058,94.23144117647058,87.71542987977352,Nov-24,onwards,Apr-25,onwards,All variants,Petrol / diesel and hybrid,TRUE,FALSE,0,standard,standard,https://s3.amazonaws.com/cdn.ancap.com.au/app/public/assets/1800019681830ae4a3a3a4db346b5d7418299058/large.png?1753664191,https://www.ancap.com.au/assets/manufacturers/small/cupra-e926087fc1617172f0fe9db3f9b3542cc7757564e94cd5e28be311f65c84783f.png,https://www.ancap.com.au/assets/logos/ratings/star-rating-logo-5-2025-997c7985fb400255a9ba79b38521ba860901a2b17b1167e1fa6249c0cf799600.png,https://api.ancap.com.au/v1/safety-ratings/b016a2,https://www.ancap.com.au/safety-ratings/b016a2,https://www.ancap.com.au/safety-ratings/cupra/terramar,"category.popular_models,category.family,category.younger_driver,category.older_driver,category.city_driver,category.fleet_manager,category.employer,category.luxury,body_type.suv,body_type.awd,price.35000_to_65000,price.over_65000,seats.5_seater"
f51919,Subaru Impreza,2024,5,83,91,84,73,33.58,40,44.87,49,53.11,63,13.29,18,144.85,170,0.85205882,0.8352127,2023p,0.910944706,170,59.21140588235294,94.21140588235295,87.65707616718564,Apr-25,onwards,Jun-25,onwards,All variants (see Technical Report),Petrol / diesel,TRUE,TRUE,4,standard,standard,https://s3.amazonaws.com/cdn.ancap.com.au/app/public/assets/8209646094055c9a00787337961e4403a68dc499/large.png?1749780830,https://www.ancap.com.au/assets/manufacturers/small/subaru-cc06700c9f6c24b8d6ba376fb784ada8b43b605b581442d1f6bf6c1a0e49ddf5.png,https://www.ancap.com.au/assets/logos/ratings/star-rating-logo-5-2024-c6164fac702658394851ade2462c3593ebea4131b5f9c00875bcc1784ca49bc0.png,https://api.ancap.com.au/v1/safety-ratings/f51919,https://www.ancap.com.au/safety-ratings/f51919,https://www.ancap.com.au/safety-ratings/subaru/impreza,"category.family,category.younger_driver,category.older_driver,category.city_driver,category.rural_driver,category.fleet_manager,body_type.hatch,body_type.awd,price.35000_to_65000,seats.5_seater"
8f2f8a,Cupra Leon,2025,5,88,86,82,82,35.29,40,42.2,49,51.67,63,14.89,18,144.05,170,0.84735294,0.85462109,2023p,0.9102776470588235,170,59.16804705882353,94.16804705882353,87.53079160597437,Jul-25,onwards,Nov-25,onwards,All variants exc. Extreme Package,Petrol / diesel and hybrid,TRUE,FALSE,1,standard,standard,https://s3.amazonaws.com/cdn.ancap.com.au/app/public/assets/b3b5f2916f500ce0dfa5588c7f648a75212b39b7/large.png?1772582480,https://www.ancap.com.au/assets/manufacturers/small/cupra-e926087fc1617172f0fe9db3f9b3542cc7757564e94cd5e28be311f65c84783f.png,https://www.ancap.com.au/assets/logos/ratings/star-rating-logo-5-2025-997c7985fb400255a9ba79b38521ba860901a2b17b1167e1fa6249c0cf799600.png,https://api.ancap.com.au/v1/safety-ratings/8f2f8a,https://www.ancap.com.au/safety-ratings/8f2f8a,https://www.ancap.com.au/safety-ratings/cupra/leon,"category.younger_driver,category.older_driver,category.city_driver,category.fleet_manager,category.popular_models,body_type.hatch,body_type.wagon,body_type.awd,price.35000_to_65000,price.over_65000"
73e06f,Chery Tiggo 7 Pro,2023,5,88,87,80,86,35.52,40,42.74,49,50.66,63,15.54,18,144.46,170,0.84976471,0.86314104,2023p,0.9097541176470589,170,59.13401764705883,94.13401764705884,87.43167938421249,Aug-23,May-25,Oct-23,Jun-25,1.6 litre petrol variants,Petrol / diesel,FALSE,TRUE,0,standard,standard,https://s3.amazonaws.com/cdn.ancap.com.au/app/public/assets/582eec8ce03acaa82d4445768dfc86dd8c76deaa/large.png?1702868226,https://www.ancap.com.au/assets/manufacturers/small/chery-891080fd9f9fe853a1fe1dd6f739d980769db88adfbd750347794fcf60cb80b7.png,https://www.ancap.com.au/assets/logos/ratings/star-rating-logo-5-2023-e042d27b55c566111e592e7d65971206f5985a5bbf3378e38387b6f416999c17.png,https://api.ancap.com.au/v1/safety-ratings/73e06f,https://www.ancap.com.au/safety-ratings/73e06f,https://www.ancap.com.au/safety-ratings/chery/tiggo-7-pro,"category.popular_models,category.family,category.younger_driver,category.older_driver,category.city_driver,category.fleet_manager,category.employer,body_type.suv,price.35000_to_65000,seats.5_seater"
389933,Toyota Hiace,2025,5,80,86,87,81,32.27,40,42.59,49,55.23,63,14.58,18,144.67,170,0.851,0.83387007,2023p,0.9095635294117647,170,59.12162941,94.12162941,87.39559808,Jun-25,onwards,Aug-25,onwards,All van & crew van variants,Petrol / diesel,TRUE,TRUE,5,standard,standard,https://s3.amazonaws.com/cdn.ancap.com.au/app/public/assets/55efbba8b286a68d953eb6ecc98e4c3518e93707/large.png?1758588825,https://www.ancap.com.au/assets/manufacturers/small/toyota-82ccce5443b662fd06bc229b482b20907450f184bb900f31ac47fe4d85b75cbe.png,https://www.ancap.com.au/assets/logos/ratings/star-rating-logo-5-2025-997c7985fb400255a9ba79b38521ba860901a2b17b1167e1fa6249c0cf799600.png,https://api.ancap.com.au/v1/safety-ratings/389933,https://www.ancap.com.au/safety-ratings/389933,https://www.ancap.com.au/safety-ratings/toyota/hiace,"category.popular_models,category.city_driver,category.rural_driver,category.tradesperson,category.fleet_manager,category.employer,body_type.van,seats.2_seater,seats.5_seater,price.35000_to_65000"
232736,Toyota Hilux,2025,5,84,89,82,82,33.96,40,44,49,52.16,63,14.83,18,144.95,170,0.85264706,0.84955692,2023p,0.9094670588235294,170,59.11535882352941,94.11535882352942,87.37733470531379,Aug-25,onwards,Nov-25,onwards,Diesel variants exc. Rugged X,Petrol / diesel,TRUE,TRUE,6,standard,standard,https://s3.amazonaws.com/cdn.ancap.com.au/app/public/assets/33363aa97661304f18275df5a1551accbf979be4/large.png?1764913682,https://www.ancap.com.au/assets/manufacturers/small/toyota-82ccce5443b662fd06bc229b482b20907450f184bb900f31ac47fe4d85b75cbe.png,https://www.ancap.com.au/assets/logos/ratings/star-rating-logo-5-2025-997c7985fb400255a9ba79b38521ba860901a2b17b1167e1fa6249c0cf799600.png,https://api.ancap.com.au/v1/safety-ratings/232736,https://www.ancap.com.au/safety-ratings/232736,https://www.ancap.com.au/safety-ratings/toyota/hilux,"category.popular_models,category.family,category.rural_driver,category.tradesperson,category.fleet_manager,category.employer,body_type.awd,body_type.ute,price.35000_to_65000,price.over_65000,seats.2_seater,seats.5_seater"
a6a0ba,Lexus NX,2022,5,91,89,83,92,34.59,38,43.87,49,45.15,54,14.75,16,138.36,157,0.88127389,0.89476371,2020_2022,0.9083089171974522,157,59.040079617834394,94.04007962,87.15808056773139,Nov-21,onwards,Jan-22,onwards,All variants,"Petrol / diesel, hybrid and plug-in hybrid",TRUE,FALSE,2,standard,standard,https://s3.amazonaws.com/cdn.ancap.com.au/app/public/assets/8bcceef2c2ed2eca5d038a28a7d71f7d421ed41a/large.png?1652235744,https://www.ancap.com.au/assets/manufacturers/small/lexus-7de87d18e9ac073414bf0befc12c1845af77365eba07c76ad571b01129bfb87f.png,https://www.ancap.com.au/assets/logos/ratings/star-rating-logo-5-2022-6fb1f080765af2b98c7726db6ea8d07e44609565ad1d219235702f4016f0b6e1.png,https://api.ancap.com.au/v1/safety-ratings/a6a0ba,https://www.ancap.com.au/safety-ratings/a6a0ba,https://www.ancap.com.au/safety-ratings/lexus/nx,"category.city_driver,body_type.suv,body_type.awd,price.over_65000,seats.5_seater,category.family,category.younger_driver,category.older_driver,category.fleet_manager,category.employer,category.luxury"
72ba9e,BYD SEAL,2023,5,89,87,82,75,35.78,40,43,49,51.68,63,13.56,18,144.02,170,0.84717647,0.84804036,2023p,0.9078223529411765,170,59.00845294117647,94.00845294117647,87.06596642211562,Sep-23,onwards,Oct-23,onwards,All variants (see Technical Report),Battery electric,TRUE,FALSE,0,standard,standard,https://s3.amazonaws.com/cdn.ancap.com.au/app/public/assets/23da4f17d59b742b3e62a98d43ee0b78bc9e821d/large.png?1698193471,https://www.ancap.com.au/assets/manufacturers/small/byd-ddfb68db4046218b9ee4a3bc429d6824ab6c3b6456aae92a6b61865f2addc89e.png,https://www.ancap.com.au/assets/logos/ratings/star-rating-logo-5-2023-e042d27b55c566111e592e7d65971206f5985a5bbf3378e38387b6f416999c17.png,https://api.ancap.com.au/v1/safety-ratings/72ba9e,https://www.ancap.com.au/safety-ratings/72ba9e,https://www.ancap.com.au/safety-ratings/byd/seal,"category.popular_models,category.family,category.younger_driver,category.older_driver,category.city_driver,category.fleet_manager,category.employer,body_type.sedan,body_type.awd,price.35000_to_65000,price.over_65000,seats.5_seater"
304014,BYD SEALION 6,2023,5,88,86,83,75,35.51,40,42.52,49,52.59,63,13.64,18,144.26,170,0.84858824,0.84715896,2023p,0.906349412,170,58.91271176470589,93.91271176470589,86.78711585661915,Mar-24,onwards,May-24,onwards,PHEV variants,Plug-in hybrid,TRUE,FALSE,0,standard,standard,https://s3.amazonaws.com/cdn.ancap.com.au/app/public/assets/4a64113d91056e2a1674d394a6cf120d57266f5e/large.png?1725945507,https://www.ancap.com.au/assets/manufacturers/small/byd-ddfb68db4046218b9ee4a3bc429d6824ab6c3b6456aae92a6b61865f2addc89e.png,https://www.ancap.com.au/assets/logos/ratings/star-rating-logo-5-2023-e042d27b55c566111e592e7d65971206f5985a5bbf3378e38387b6f416999c17.png,https://api.ancap.com.au/v1/safety-ratings/304014,https://www.ancap.com.au/safety-ratings/304014,https://www.ancap.com.au/safety-ratings/byd/sealion-6,"category.popular_models,category.family,category.younger_driver,category.older_driver,category.city_driver,category.fleet_manager,category.employer,body_type.suv,body_type.awd,price.35000_to_65000,seats.5_seater"
28d53e,Chery Tiggo 8 Pro Max,2023,5,88,87,79,86,35.34,40,42.74,49,50.3,63,15.54,18,143.92,170,0.84658824,0.86019819,2023p,0.9056776470588236,170,58.86904705882353,93.86904705882353,86.65994039903248,Apr-24,Feb-25,May-24,Jun-25,All variants (see Technical Report),Petrol / diesel,FALSE,TRUE,0,standard,standard,https://s3.amazonaws.com/cdn.ancap.com.au/app/public/assets/4988b511521202da57fbae26d4d1eb3e1f5c53c1/large.png?1716269104,https://www.ancap.com.au/assets/manufacturers/small/chery-891080fd9f9fe853a1fe1dd6f739d980769db88adfbd750347794fcf60cb80b7.png,https://www.ancap.com.au/assets/logos/ratings/star-rating-logo-5-2023-e042d27b55c566111e592e7d65971206f5985a5bbf3378e38387b6f416999c17.png,https://api.ancap.com.au/v1/safety-ratings/28d53e,https://www.ancap.com.au/safety-ratings/28d53e,https://www.ancap.com.au/safety-ratings/chery/tiggo-8-pro-max,"category.popular_models,category.family,category.younger_driver,category.older_driver,category.city_driver,category.fleet_manager,category.employer,body_type.suv,body_type.awd,seats.7_seater,price.35000_to_65000"
1fb84e,Chery Tiggo 4 Pro,2023,5,88,87,79,85,35.52,40,42.74,49,50.37,63,15.31,18,143.94,170,0.84670588,0.85966485,2023p,0.9045341176470588,170,58.794717647058825,93.79471764705883,86.44345257981321,Sep-24,onwards,Oct-24,onwards,Petrol variants (see ANCAP Technical Report),Petrol / diesel,TRUE,TRUE,0,standard,standard,https://s3.amazonaws.com/cdn.ancap.com.au/app/public/assets/e2a7d750d69fc183d38b70ae78adf1ce1706ce0b/large.png?1740101336,https://www.ancap.com.au/assets/manufacturers/small/chery-891080fd9f9fe853a1fe1dd6f739d980769db88adfbd750347794fcf60cb80b7.png,https://www.ancap.com.au/assets/logos/ratings/star-rating-logo-5-2023-e042d27b55c566111e592e7d65971206f5985a5bbf3378e38387b6f416999c17.png,https://api.ancap.com.au/v1/safety-ratings/1fb84e,https://www.ancap.com.au/safety-ratings/1fb84e,https://www.ancap.com.au/safety-ratings/chery/tiggo-4-pro,"category.popular_models,category.family,category.younger_driver,category.older_driver,category.city_driver,category.rural_driver,category.fleet_manager,seats.5_seater,body_type.suv,price.under_35000"
8018dd,XPENG G6,2024,5,88,86,81,80,35.49,40,42.62,49,51.5,63,14.49,18,144.1,170,0.84764706,0.85335125,2023p,0.9039141176470589,170,58.75441764705883,93.75441764705883,86.32607698235581,Jul-24,onwards,Oct-24,onwards,All variants,Battery electric,TRUE,FALSE,0,standard,standard,https://s3.amazonaws.com/cdn.ancap.com.au/app/public/assets/9b13a3b28515a72ebc0b90322a8bccbde14c7af2/large.png?1732749483,https://www.ancap.com.au/assets/manufacturers/small/xpeng-0f526845ca56173456f20b6c4cc4630877c9ae29c5e5b66b86d7d1044a41fe74.png,https://www.ancap.com.au/assets/logos/ratings/star-rating-logo-5-2024-c6164fac702658394851ade2462c3593ebea4131b5f9c00875bcc1784ca49bc0.png,https://api.ancap.com.au/v1/safety-ratings/8018dd,https://www.ancap.com.au/safety-ratings/8018dd,https://www.ancap.com.au/safety-ratings/xpeng/g6,"body_type.suv,price.35000_to_65000,seats.5_seater,category.popular_models,category.family,category.younger_driver,category.older_driver,category.city_driver,category.fleet_manager"
b325ee,Subaru Solterra,2025,5,88,86,80,82,35.48,40,42.36,49,50.47,63,14.86,18,143.17,170,0.84217647,0.85303129,2023p,0.9021247058823529,170,58.63810588235294,93.63810588235293,85.98731363561444,Oct-25,onwards,Nov-25,onwards,All variants (see Technical Report),Battery electric,TRUE,FALSE,1,standard,standard,https://s3.amazonaws.com/cdn.ancap.com.au/app/public/assets/289f8898e7f9ef92ac1a2fdcd89a0066bc17f134/large.png?1770166211,https://www.ancap.com.au/assets/manufacturers/small/subaru-cc06700c9f6c24b8d6ba376fb784ada8b43b605b581442d1f6bf6c1a0e49ddf5.png,https://www.ancap.com.au/assets/logos/ratings/star-rating-logo-5-2025-997c7985fb400255a9ba79b38521ba860901a2b17b1167e1fa6249c0cf799600.png,https://api.ancap.com.au/v1/safety-ratings/b325ee,https://www.ancap.com.au/safety-ratings/b325ee,https://www.ancap.com.au/safety-ratings/subaru/solterra,"category.family,category.older_driver,category.city_driver,category.fleet_manager,category.employer,price.35000_to_65000,price.over_65000,seats.5_seater"
96c641,Toyota bZ4X,2025,5,88,86,80,82,35.48,40,42.36,49,50.47,63,14.86,18,143.17,170,0.84217647,0.85303129,2023p,0.9021247058823529,170,58.63810588235294,93.63810588235293,85.98731363561444,Oct-25,onwards,Dec-25,onwards,All variants (see Technical Report),Battery electric,TRUE,FALSE,1,standard,standard,https://s3.amazonaws.com/cdn.ancap.com.au/app/public/assets/f6bfb395f7f4aaf28c0349776bfa4b4203fd9d13/large.png?1770162583,https://www.ancap.com.au/assets/manufacturers/small/toyota-82ccce5443b662fd06bc229b482b20907450f184bb900f31ac47fe4d85b75cbe.png,https://www.ancap.com.au/assets/logos/ratings/star-rating-logo-5-2025-997c7985fb400255a9ba79b38521ba860901a2b17b1167e1fa6249c0cf799600.png,https://api.ancap.com.au/v1/safety-ratings/96c641,https://www.ancap.com.au/safety-ratings/96c641,https://www.ancap.com.au/safety-ratings/toyota/bz4x,"category.family,category.older_driver,category.city_driver,category.fleet_manager,category.employer,price.35000_to_65000,price.over_65000,seats.5_seater,body_type.suv,body_type.awd"
6dbc1f,Audi A6 e-tron,2025,5,92,91,75,77,37.07,40,45,49,47.41,63,13.95,18,143.43,170,0.84370588,0.85988141,2023p,0.9012776470588235,170,58.58304705882353,93.58304705882352,85.82695228804461,Apr-25,onwards,Jul-25,onwards,All variants,Battery electric,TRUE,FALSE,0,standard,standard,https://s3.amazonaws.com/cdn.ancap.com.au/app/public/assets/88f2af63ea9439b283f0544be5302d55877dc6bb/large.png?1759880089,https://www.ancap.com.au/assets/manufacturers/small/audi-5fe869fc85fa218e107a3e484f7ea94dd48532030980d4fa091ba22e3b46ade6.png,https://www.ancap.com.au/assets/logos/ratings/star-rating-logo-5-2025-997c7985fb400255a9ba79b38521ba860901a2b17b1167e1fa6249c0cf799600.png,https://api.ancap.com.au/v1/safety-ratings/6dbc1f,https://www.ancap.com.au/safety-ratings/6dbc1f,https://www.ancap.com.au/safety-ratings/audi/a6-e-tron,"category.family,category.older_driver,category.city_driver,category.fleet_manager,category.employer,category.luxury,body_type.wagon,body_type.awd,price.over_65000,seats.5_seater"
c27231,Audi Q3,2025,5,87,86,80,83,35,40,42.54,49,50.97,63,15.09,18,143.6,170,0.84470588,0.85310884,2023p,0.9007741176470587,170,58.55031764705882,93.55031764705882,85.73162637587808,Nov-25,onwards,Mar-26,onwards,All variants,Petrol / diesel and plug-in hybrid,TRUE,FALSE,2,standard,standard,https://s3.amazonaws.com/cdn.ancap.com.au/app/public/assets/aa17099da70df2f6634aab5c40c595bc66faf6bf/large.png?1772579163,https://www.ancap.com.au/assets/manufacturers/small/audi-5fe869fc85fa218e107a3e484f7ea94dd48532030980d4fa091ba22e3b46ade6.png,https://www.ancap.com.au/assets/logos/ratings/star-rating-logo-5-2025-997c7985fb400255a9ba79b38521ba860901a2b17b1167e1fa6249c0cf799600.png,https://api.ancap.com.au/v1/safety-ratings/c27231,https://www.ancap.com.au/safety-ratings/c27231,https://www.ancap.com.au/safety-ratings/audi/q3,"category.popular_models,category.family,category.older_driver,category.city_driver,category.fleet_manager,category.employer,price.over_65000,seats.5_seater"
17df9f,BYD SEALION 7,2025,5,87,93,76,78,34.83,40,45.81,49,48.44,63,14.21,18,143.29,170,0.84288235,0.84694626,2023p,0.9001376470588236,170,58.50894705882354,93.50894705882354,85.61113264110688,Jan-25,onwards,Feb-25,onwards,All variants,Battery electric,TRUE,FALSE,0,standard,standard,https://s3.amazonaws.com/cdn.ancap.com.au/app/public/assets/17e68c2f887a16e47eda38184e9e90c7c637d497/large.png?1744001168,https://www.ancap.com.au/assets/manufacturers/small/byd-ddfb68db4046218b9ee4a3bc429d6824ab6c3b6456aae92a6b61865f2addc89e.png,https://www.ancap.com.au/assets/logos/ratings/star-rating-logo-5-2025-997c7985fb400255a9ba79b38521ba860901a2b17b1167e1fa6249c0cf799600.png,https://api.ancap.com.au/v1/safety-ratings/17df9f,https://www.ancap.com.au/safety-ratings/17df9f,https://www.ancap.com.au/safety-ratings/byd/sealion-7,"category.popular_models,category.family,category.younger_driver,category.older_driver,category.city_driver,category.fleet_manager,category.employer,body_type.suv,body_type.awd,price.35000_to_65000,seats.5_seater"
6ec0ef,Zeekr 7X,2025,5,91,87,78,78,36.79,40,43,49,49.49,63,14.15,18,143.43,170,0.84370588,0.85774354,2023p,0.899935294,170,58.49579411764706,93.49579411764705,85.57282409696515,Aug-25,onwards,Sep-25,onwards,All variants,Battery electric,TRUE,FALSE,0,standard,standard,https://s3.amazonaws.com/cdn.ancap.com.au/app/public/assets/3cba6235f272e45b771820ca6a9d7a97a205bb32/large.png?1770168208,https://www.ancap.com.au/assets/manufacturers/small/zeekr-ef9956a7c00b805049972ed9417b56279061a656a505261e47604d807da36e24.png,https://www.ancap.com.au/assets/logos/ratings/star-rating-logo-5-2025-997c7985fb400255a9ba79b38521ba860901a2b17b1167e1fa6249c0cf799600.png,https://api.ancap.com.au/v1/safety-ratings/6ec0ef,https://www.ancap.com.au/safety-ratings/6ec0ef,https://www.ancap.com.au/safety-ratings/zeekr/7x,"category.family,category.older_driver,category.city_driver,category.fleet_manager,category.employer,body_type.suv,body_type.awd,price.35000_to_65000,price.over_65000,seats.5_seater"
15b046,MG 7,2025,5,88,85,80,81,35.41,40,41.96,49,50.54,63,14.75,18,142.66,170,0.83917647,0.84969864,2023p,0.8979258823529412,170,58.36518235294118,93.36518235294119,85.19241134467448,Sep-25,onwards,Dec-25,onwards,All variants,Petrol / diesel,TRUE,TRUE,0,standard,standard,https://s3.amazonaws.com/cdn.ancap.com.au/app/public/assets/3c0f0d751c0534ab7985cb792495906602289201/large.png?1766054600,https://www.ancap.com.au/assets/manufacturers/small/mg-64908a954f2375bfe93427a0a7639fe122f0f3e9a9f2e5e8e32d090836a8b44d.png,https://www.ancap.com.au/assets/logos/ratings/star-rating-logo-5-2025-997c7985fb400255a9ba79b38521ba860901a2b17b1167e1fa6249c0cf799600.png,https://api.ancap.com.au/v1/safety-ratings/15b046,https://www.ancap.com.au/safety-ratings/15b046,https://www.ancap.com.au/safety-ratings/mg/7,"category.family,category.younger_driver,category.older_driver,category.city_driver,category.fleet_manager,category.employer,body_type.hatch,price.35000_to_65000,seats.5_seater"
2ce1bb,GAC AION V,2025,5,88,87,79,79,35.42,40,43,49,50.05,63,14.32,18,142.79,170,0.83994118,0.8477102,2023p,0.8976729411764706,170,58.34874117647059,93.34874117647058,85.14452566449732,Sep-25,onwards,Nov-25,onwards,All variants,Battery electric,TRUE,FALSE,0,standard,standard,https://s3.amazonaws.com/cdn.ancap.com.au/app/public/assets/9ca3248bdab18d9369fb71ad00078648054b06cf/large.png?1764914315,https://www.ancap.com.au/assets/manufacturers/small/temp-logo-c2e57fa11cb021b9f773f403cdf9a592b9f18140be6289da76c843b26716606e.png,https://www.ancap.com.au/assets/logos/ratings/star-rating-logo-5-2025-997c7985fb400255a9ba79b38521ba860901a2b17b1167e1fa6249c0cf799600.png,https://api.ancap.com.au/v1/safety-ratings/2ce1bb,https://www.ancap.com.au/safety-ratings/2ce1bb,https://www.ancap.com.au/safety-ratings/gac/aion-v,"category.family,category.younger_driver,category.older_driver,category.city_driver,category.fleet_manager,category.employer,price.35000_to_65000,seats.5_seater,body_type.suv"
a2af2f,Denza B8,2025,5,86,95,75,78,34.4,40,46.81,49,47.52,63,14.07,18,142.8,170,0.84,0.8422517,2023p,0.8976599999999999,170,58.347899999999996,93.3479,85.14207569946501,Oct-25,onwards,Jan-26,onwards,All variants,Plug-in hybrid,TRUE,FALSE,0,standard,standard,https://s3.amazonaws.com/cdn.ancap.com.au/app/public/assets/e66c5df5860e5203a38bef25ecf9cccc2b99b209/large.png?1771462950,https://www.ancap.com.au/assets/manufacturers/small/temp-logo-c2e57fa11cb021b9f773f403cdf9a592b9f18140be6289da76c843b26716606e.png,https://www.ancap.com.au/assets/logos/ratings/star-rating-logo-5-2025-997c7985fb400255a9ba79b38521ba860901a2b17b1167e1fa6249c0cf799600.png,https://api.ancap.com.au/v1/safety-ratings/a2af2f,https://www.ancap.com.au/safety-ratings/a2af2f,https://www.ancap.com.au/safety-ratings/denza/b8,"category.family,category.city_driver,category.rural_driver,category.fleet_manager,category.employer,body_type.suv,body_type.awd,price.over_65000,seats.7_seater"
baadc5,Mini Countryman,2024,5,83,86,81,83,33.45,40,42.22,49,51.52,63,15.06,18,142.25,170,0.83676471,0.83771542,2023p,0.8948741176470588,170,58.16681764705882,93.16681764705882,84.61466504523526,Nov-23,onwards,Mar-24,onwards,All variants,Petrol / diesel and battery electric,TRUE,FALSE,2,standard,standard,https://s3.amazonaws.com/cdn.ancap.com.au/app/public/assets/d6f0234da58ba9300a3858e711d4dbb89b867446/large.png?1742949816,https://www.ancap.com.au/assets/manufacturers/small/mini-c919b6202bd62805e3246b5bf8a5e37bc03fce31b09599c8567c0f18f73fb9e1.png,https://www.ancap.com.au/assets/logos/ratings/star-rating-logo-5-2024-c6164fac702658394851ade2462c3593ebea4131b5f9c00875bcc1784ca49bc0.png,https://api.ancap.com.au/v1/safety-ratings/baadc5,https://www.ancap.com.au/safety-ratings/baadc5,https://www.ancap.com.au/safety-ratings/mini/countryman,"category.popular_models,category.family,category.older_driver,category.city_driver,category.fleet_manager,category.employer,category.luxury,seats.5_seater,body_type.suv,body_type.awd,price.35000_to_65000,price.over_65000"
530bf9,Toyota Corolla Cross,2022,5,85,88,87,83,32.63,38,43.2,49,46.98,54,13.4,16,136.21,157,0.86757962,0.86130021,2020_2022,0.8948140127388535,157,58.16291082802548,93.16291082802547,84.60328625570185,Jul-22,onwards,Oct-22,onwards,All variants exc. GR Sport (see ANCAP technical report),Petrol / diesel and hybrid,TRUE,FALSE,0,standard,standard,https://s3.amazonaws.com/cdn.ancap.com.au/app/public/assets/8455953cef94a32c947709c8125466427628ee9a/large.png?1668471997,https://www.ancap.com.au/assets/manufacturers/small/toyota-82ccce5443b662fd06bc229b482b20907450f184bb900f31ac47fe4d85b75cbe.png,https://www.ancap.com.au/assets/logos/ratings/star-rating-logo-5-2022-6fb1f080765af2b98c7726db6ea8d07e44609565ad1d219235702f4016f0b6e1.png,https://api.ancap.com.au/v1/safety-ratings/530bf9,https://www.ancap.com.au/safety-ratings/530bf9,https://www.ancap.com.au/safety-ratings/toyota/corolla-cross,"category.popular_models,category.family,category.younger_driver,category.older_driver,category.city_driver,category.fleet_manager,body_type.suv,body_type.awd,price.35000_to_65000,seats.5_seater"
d50378,Denza B5,2025,5,86,95,74,78,34.71,40,46.81,49,47.01,63,14.07,18,142.6,170,0.83882353,0.84373265,2023p,0.8935835294117647,170,58.08292941,93.08292941,84.37033671428505,Jul-25,onwards,Dec-25,onwards,All variants,Plug-in hybrid,TRUE,FALSE,0,standard,standard,https://s3.amazonaws.com/cdn.ancap.com.au/app/public/assets/09848ebc73b1de5b888db45b926798438f7f4a55/large.png?1765164679,https://www.ancap.com.au/assets/manufacturers/small/temp-logo-c2e57fa11cb021b9f773f403cdf9a592b9f18140be6289da76c843b26716606e.png,https://www.ancap.com.au/assets/logos/ratings/star-rating-logo-5-2025-997c7985fb400255a9ba79b38521ba860901a2b17b1167e1fa6249c0cf799600.png,https://api.ancap.com.au/v1/safety-ratings/d50378,https://www.ancap.com.au/safety-ratings/d50378,https://www.ancap.com.au/safety-ratings/denza/b5,"category.family,category.younger_driver,category.older_driver,category.city_driver,category.rural_driver,category.fleet_manager,category.employer,body_type.suv,body_type.awd,seats.5_seater,price.over_65000"
3dfba7,Hyundai Elexio,2024,5,88,86,77,85,35.47,40,42.41,49,48.6,63,15.42,18,141.9,170,0.83470588,0.85342109,2023p,0.8933258823529413,170,58.06618235294118,93.06618235294118,84.32156014,Oct-25,onwards,Feb-26,onwards,All variants,Battery electric,TRUE,FALSE,0,standard,standard,https://s3.amazonaws.com/cdn.ancap.com.au/app/public/assets/463ed70f66a5b8bed0c1d59063f3b93f0628c206/large.png?1771466567,https://www.ancap.com.au/assets/manufacturers/small/hyundai-fc7aa7616090539d442af372062f91227c79006c33e7aebb9457a87e9fd21f04.png,https://www.ancap.com.au/assets/logos/ratings/star-rating-logo-5-2024-c6164fac702658394851ade2462c3593ebea4131b5f9c00875bcc1784ca49bc0.png,https://api.ancap.com.au/v1/safety-ratings/3dfba7,https://www.ancap.com.au/safety-ratings/3dfba7,https://www.ancap.com.au/safety-ratings/hyundai/elexio,"category.family,category.city_driver,category.fleet_manager,category.employer,body_type.suv,price.35000_to_65000,seats.5_seater"
dc3b66,Volvo EX30,2024,5,88,85,79,80,35.27,40,42.03,49,50.36,63,14.48,18,142.14,170,0.83611765,0.84501293,2023p,0.8927058823529412,170,58.02588235294118,93.02588235294118,84.20418454027522,Apr-24,onwards,May-24,onwards,All variants,Battery electric,TRUE,FALSE,0,standard,standard,https://s3.amazonaws.com/cdn.ancap.com.au/app/public/assets/6037e0b0546d149ea34d500d40ceb582f1bdfd43/large.png?1733309910,https://www.ancap.com.au/assets/manufacturers/small/volvo-76755f577091173cc96906ade329dbb87be4b1cf6e69b7ae73561a93f74106cb.png,https://www.ancap.com.au/assets/logos/ratings/star-rating-logo-5-2024-c6164fac702658394851ade2462c3593ebea4131b5f9c00875bcc1784ca49bc0.png,https://api.ancap.com.au/v1/safety-ratings/dc3b66,https://www.ancap.com.au/safety-ratings/dc3b66,https://www.ancap.com.au/safety-ratings/volvo/ex30,"category.popular_models,category.family,category.older_driver,category.city_driver,category.fleet_manager,category.employer,body_type.suv,body_type.awd,price.35000_to_65000,price.over_65000,seats.5_seater"
982bb2,Mercedes-Benz C-Class,2022,5,91,90,80,84,34.6,38,44.1,49,43.29,54,13.53,16,135.52,157,0.86318471,0.87366886,2020_2022,0.8922318471337579,157,57.995070063694264,92.99507006369427,84.11444233532768,Jul-21,onwards,Feb-22,onwards,C 200 & C 300 petrol variants,Petrol / diesel,TRUE,TRUE,4,standard,standard,https://s3.amazonaws.com/cdn.ancap.com.au/app/public/assets/cf802afd560d5ade342c9365d4b1e100cdced90a/large.png?1653455703,https://www.ancap.com.au/assets/manufacturers/small/mercedes-benz-e77b2c8ebc765c6efef479ecc989fa49ba959a9a19a44f8687fc88ae0cc0d2e4.png,https://www.ancap.com.au/assets/logos/ratings/star-rating-logo-5-2022-6fb1f080765af2b98c7726db6ea8d07e44609565ad1d219235702f4016f0b6e1.png,https://api.ancap.com.au/v1/safety-ratings/982bb2,https://www.ancap.com.au/safety-ratings/982bb2,https://www.ancap.com.au/safety-ratings/mercedes-benz/c-class,"category.family,category.older_driver,category.city_driver,category.fleet_manager,body_type.sedan,price.over_65000,seats.5_seater,category.employer,category.luxury"
7384cb,Audi A5,2024,5,87,87,78,79,34.82,40,42.97,49,49.62,63,14.37,18,141.78,170,0.834,0.84077823,2023p,0.8911023529411766,170,57.921652941176475,92.92165294117648,83.90061160036173,Dec-24,onwards,Mar-25,onwards,All variants,Petrol / diesel,TRUE,TRUE,1,standard,standard,https://s3.amazonaws.com/cdn.ancap.com.au/app/public/assets/61869cf99d3e02380cbd11e6bdeb8288d7bbac65/large.png?1750048578,https://www.ancap.com.au/assets/manufacturers/small/audi-5fe869fc85fa218e107a3e484f7ea94dd48532030980d4fa091ba22e3b46ade6.png,https://www.ancap.com.au/assets/logos/ratings/star-rating-logo-5-2024-c6164fac702658394851ade2462c3593ebea4131b5f9c00875bcc1784ca49bc0.png,https://api.ancap.com.au/v1/safety-ratings/7384cb,https://www.ancap.com.au/safety-ratings/7384cb,https://www.ancap.com.au/safety-ratings/audi/a5,"category.popular_models,category.family,category.older_driver,category.city_driver,category.fleet_manager,category.employer,category.luxury,body_type.sedan,body_type.wagon,body_type.awd,price.over_65000,seats.5_seater"
01d699,Cupra Tavascan,2024,4,89,87,80,67,35.78,40,42.87,49,50.82,63,12.14,18,141.61,170,0.833,0.82900181,2023p,0.8905211764705883,170,57.883876470588234,92.88387647058823,83.79058589800128,Sep-24,onwards,Apr-25,onwards,All variants,Battery electric,TRUE,FALSE,0,standard,standard,https://s3.amazonaws.com/cdn.ancap.com.au/app/public/assets/c319ad49b8adf67750a63c3902496fd78443943a/large.png?1745991926,https://www.ancap.com.au/assets/manufacturers/small/cupra-e926087fc1617172f0fe9db3f9b3542cc7757564e94cd5e28be311f65c84783f.png,https://www.ancap.com.au/assets/logos/ratings/star-rating-logo-4-2024-7d88bcda2480cc653abe9d50a49afb9937d3bb837df0ec1ce16dfdfcabe749d3.png,https://api.ancap.com.au/v1/safety-ratings/01d699,https://www.ancap.com.au/safety-ratings/01d699,https://www.ancap.com.au/safety-ratings/cupra/tavascan,"category.popular_models,category.family,category.younger_driver,category.older_driver,category.city_driver,category.fleet_manager,category.employer,body_type.suv,body_type.awd,seats.5_seater,price.over_65000,price.35000_to_65000"
697fff,Honda Civic,2022,5,89,89,82,83,33.94,38,44,49,44.39,54,13.32,16,135.65,157,0.86401274,0.8677624,2020_2022,0.8901152866242038,157,57.857493630573245,92.85749363057325,83.71374466699925,Sep-22,onwards,Oct-22,onwards,e:HEV (Hybrid) variant only,Hybrid,TRUE,FALSE,6,standard,standard,https://s3.amazonaws.com/cdn.ancap.com.au/app/public/assets/cd19869207adefc0610232eac627f04168c238c9/large.png?1721360964,https://www.ancap.com.au/assets/manufacturers/small/honda-99696356908c610a092b98f5bfb499e8c3fe3c5024ee01b2f35f912aa14c6d89.png,https://www.ancap.com.au/assets/logos/ratings/star-rating-logo-5-2022-6fb1f080765af2b98c7726db6ea8d07e44609565ad1d219235702f4016f0b6e1.png,https://api.ancap.com.au/v1/safety-ratings/697fff,https://www.ancap.com.au/safety-ratings/697fff,https://www.ancap.com.au/safety-ratings/honda/civic,"category.popular_models,category.family,category.younger_driver,category.older_driver,category.city_driver,category.fleet_manager,body_type.hatch,price.35000_to_65000,seats.5_seater"
00117b,Leapmotor C10,2024,5,89,87,77,77,35.87,40,42.81,49,48.93,63,13.99,18,141.6,170,0.83294118,0.84421247,2023p,0.8897270588235294,170,57.832258823529415,92.83225882352941,83.64024713465454,Sep-24,onwards,Nov-24,onwards,Battery electric variants,Battery electric,TRUE,FALSE,0,standard,standard,https://s3.amazonaws.com/cdn.ancap.com.au/app/public/assets/341616e680fd3abb0e148f8cfa3de096855c61bf/large.png?1733280076,https://www.ancap.com.au/assets/manufacturers/small/leapmotor-36cdd2d442270368a2a698082412b20c1dc330f6192d07c477b38b819ddea7d1.png,https://www.ancap.com.au/assets/logos/ratings/star-rating-logo-5-2024-c6164fac702658394851ade2462c3593ebea4131b5f9c00875bcc1784ca49bc0.png,https://api.ancap.com.au/v1/safety-ratings/00117b,https://www.ancap.com.au/safety-ratings/00117b,https://www.ancap.com.au/safety-ratings/leapmotor/c10,"category.popular_models,category.family,category.older_driver,category.city_driver,category.fleet_manager,category.employer,body_type.suv,price.35000_to_65000,seats.5_seater"
f58a31,Audi Q5,2025,5,85,86,79,80,34.21,40,42.15,49,50.27,63,14.43,18,141.06,170,0.82976471,0.83406145,2023p,0.8882788235294119,170,57.73812352941177,92.73812352941178,83.36607378,Feb-25,onwards,Jul-25,onwards,All variants,Petrol / diesel,TRUE,TRUE,2,standard,standard,https://s3.amazonaws.com/cdn.ancap.com.au/app/public/assets/1cf940d8593f34995cfe308e15167adad0e19551/large.png?1756812427,https://www.ancap.com.au/assets/manufacturers/small/audi-5fe869fc85fa218e107a3e484f7ea94dd48532030980d4fa091ba22e3b46ade6.png,https://www.ancap.com.au/assets/logos/ratings/star-rating-logo-5-2025-997c7985fb400255a9ba79b38521ba860901a2b17b1167e1fa6249c0cf799600.png,https://api.ancap.com.au/v1/safety-ratings/f58a31,https://www.ancap.com.au/safety-ratings/f58a31,https://www.ancap.com.au/safety-ratings/audi/q5,"category.popular_models,category.family,category.older_driver,category.city_driver,category.fleet_manager,category.employer,category.luxury,body_type.suv,body_type.awd,price.over_65000,seats.5_seater"
7f567d,Chery Tiggo 7,2025,5,82,86,80,82,32.99,40,42.23,49,50.6,63,14.79,18,140.61,170,0.82711765,0.8272356,2023p,0.8871600000000001,170,57.665400000000005,92.6654,83.15426316188035,Jun-25,onwards,Jul-25,onwards,All variants,Petrol / diesel and hybrid,TRUE,FALSE,0,standard,standard,https://s3.amazonaws.com/cdn.ancap.com.au/app/public/assets/1c4276421ffdb943669097b6d295641119a61dfd/large.png?1766380375,https://www.ancap.com.au/assets/manufacturers/small/chery-891080fd9f9fe853a1fe1dd6f739d980769db88adfbd750347794fcf60cb80b7.png,https://www.ancap.com.au/assets/logos/ratings/star-rating-logo-5-2025-997c7985fb400255a9ba79b38521ba860901a2b17b1167e1fa6249c0cf799600.png,https://api.ancap.com.au/v1/safety-ratings/7f567d,https://www.ancap.com.au/safety-ratings/7f567d,https://www.ancap.com.au/safety-ratings/chery/tiggo-7,"category.popular_models,category.family,category.younger_driver,category.older_driver,category.city_driver,category.rural_driver,category.tradesperson,category.fleet_manager,category.employer,body_type.suv,price.35000_to_65000,seats.5_seater"
60ce71,Chery Tiggo 8,2025,5,82,86,80,82,33.17,40,42.23,49,50.6,63,14.79,18,140.79,170,0.82817647,0.8290356,2023p,0.8871600000000001,170,57.665400000000005,92.6654,83.15426316188035,Mar-25,onwards,Jul-25,onwards,All variants,Petrol / diesel and plug-in hybrid,TRUE,FALSE,0,standard,standard,https://s3.amazonaws.com/cdn.ancap.com.au/app/public/assets/048db5d46b14d75315e21d480ba0ea7dee997c74/large.png?1766378779,https://www.ancap.com.au/assets/manufacturers/small/chery-891080fd9f9fe853a1fe1dd6f739d980769db88adfbd750347794fcf60cb80b7.png,https://www.ancap.com.au/assets/logos/ratings/star-rating-logo-5-2025-997c7985fb400255a9ba79b38521ba860901a2b17b1167e1fa6249c0cf799600.png,https://api.ancap.com.au/v1/safety-ratings/60ce71,https://www.ancap.com.au/safety-ratings/60ce71,https://www.ancap.com.au/safety-ratings/chery/tiggo-8,"category.popular_models,category.family,category.younger_driver,category.older_driver,category.city_driver,category.rural_driver,category.tradesperson,category.fleet_manager,category.employer,body_type.suv,body_type.awd,price.35000_to_65000,seats.7_seater"
9cd3ff,GWM Tank 300,2022,5,88,89,81,85,33.47,38,43.81,49,43.85,54,13.6,16,134.73,157,0.85815287,0.86353952,2020_2022,0.8861853503184713,157,57.602047770700636,92.60204777070064,82.96974688981409,Sep-22,onwards,Dec-22,onwards,All variants,Petrol / diesel and hybrid,TRUE,FALSE,0,standard,standard,https://s3.amazonaws.com/cdn.ancap.com.au/app/public/assets/a0578690cafcbc82b7b8cbb3808eba8a5091e35b/large.png?1671517190,https://www.ancap.com.au/assets/manufacturers/small/gwm-2a8e624d67ad4cd0510403509f28589d7d0c520f787c872a8ee4f7df3c0ea22e.png,https://www.ancap.com.au/assets/logos/ratings/star-rating-logo-5-2022-6fb1f080765af2b98c7726db6ea8d07e44609565ad1d219235702f4016f0b6e1.png,https://api.ancap.com.au/v1/safety-ratings/9cd3ff,https://www.ancap.com.au/safety-ratings/9cd3ff,https://www.ancap.com.au/safety-ratings/great-wall-motors/tank-300,"category.family,category.younger_driver,category.city_driver,category.rural_driver,body_type.suv,body_type.wagon,body_type.awd,price.35000_to_65000,seats.5_seater"
9fafab,Jeep Grand Cherokee,2022,5,83,93,81,84,31.83,38,45.89,49,43.79,54,13.6,16,135.11,157,0.86057325,0.85454394,2020_2022,0.8855089171974523,157,57.55807962,92.55807961783441,82.84168763,Sep-22,onwards,Feb-23,onwards,LWB petrol & SWB PHEV variants,Petrol / diesel and plug-in hybrid,TRUE,FALSE,4,standard,standard,https://s3.amazonaws.com/cdn.ancap.com.au/app/public/assets/d8ce1f35cb9aa901888d104933b6004253d73ed9/large.png?1683171768,https://www.ancap.com.au/assets/manufacturers/small/jeep-66d864da68eec140a28aa10735675d4532407c1c2801217e328547b643aca0d4.png,https://www.ancap.com.au/assets/logos/ratings/star-rating-logo-5-2022-6fb1f080765af2b98c7726db6ea8d07e44609565ad1d219235702f4016f0b6e1.png,https://api.ancap.com.au/v1/safety-ratings/9fafab,https://www.ancap.com.au/safety-ratings/9fafab,https://www.ancap.com.au/safety-ratings/jeep/grand-cherokee,"category.family,category.rural_driver,category.fleet_manager,category.employer,body_type.suv,body_type.awd,price.over_65000,seats.5_seater,seats.7_seater,category.city_driver,category.luxury"
b187d8,Subaru Solterra,2022,5,88,88,79,93,33.69,38,43.43,49,42.76,54,14.9,16,134.78,157,0.85847134,0.87651726,2020_2022,0.8843770700636941,157,57.48450955414012,92.48450955414012,82.62741144582237,Nov-23,Sep-25,Jan-24,Oct-25,All variants (see Technical Report),Battery electric,FALSE,FALSE,0,standard,standard,https://s3.amazonaws.com/cdn.ancap.com.au/app/public/assets/6f96d4787f156f199c634cd2cb830bf4dc9f54d8/large.png?1707960078,https://www.ancap.com.au/assets/manufacturers/small/subaru-cc06700c9f6c24b8d6ba376fb784ada8b43b605b581442d1f6bf6c1a0e49ddf5.png,https://www.ancap.com.au/assets/logos/ratings/star-rating-logo-5-2022-6fb1f080765af2b98c7726db6ea8d07e44609565ad1d219235702f4016f0b6e1.png,https://api.ancap.com.au/v1/safety-ratings/b187d8,https://www.ancap.com.au/safety-ratings/b187d8,https://www.ancap.com.au/safety-ratings/subaru/solterra,"category.popular_models,category.family,category.older_driver,category.city_driver,category.fleet_manager,category.employer,category.luxury,body_type.suv,body_type.awd,price.over_65000,seats.5_seater"
a3ec18,Toyota bZ4X,2022,5,88,88,79,93,33.69,38,43.43,49,42.76,54,14.9,16,134.78,157,0.85847134,0.87651726,2020_2022,0.8843770700636941,157,57.48450955414012,92.48450955414012,82.62741144582237,Nov-23,Sep-25,Jan-24,Nov-25,All variants (see Technical Report),Battery electric,FALSE,FALSE,0,standard,standard,https://s3.amazonaws.com/cdn.ancap.com.au/app/public/assets/733181ee1c75c88d40961e0f5804e881ea03dc16/large.png?1707783201,https://www.ancap.com.au/assets/manufacturers/small/toyota-82ccce5443b662fd06bc229b482b20907450f184bb900f31ac47fe4d85b75cbe.png,https://www.ancap.com.au/assets/logos/ratings/star-rating-logo-5-2022-6fb1f080765af2b98c7726db6ea8d07e44609565ad1d219235702f4016f0b6e1.png,https://api.ancap.com.au/v1/safety-ratings/a3ec18,https://www.ancap.com.au/safety-ratings/a3ec18,https://www.ancap.com.au/safety-ratings/toyota/bz4x,"category.family,category.older_driver,category.city_driver,category.fleet_manager,category.employer,category.luxury,body_type.suv,body_type.awd,price.over_65000,seats.5_seater,category.popular_models"
8525c5,Mini Cooper E,2025,5,89,83,77,83,35.74,40,40.68,49,49.01,63,15.06,18,140.49,170,0.82641176,0.84636145,2023p,0.8843670588235294,170,57.48385882352941,92.48385882,82.62551616308747,Mar-24,onwards,Jul-24,onwards,Battery electric variants,Battery electric,TRUE,FALSE,0,standard,standard,https://s3.amazonaws.com/cdn.ancap.com.au/app/public/assets/e6f9d52046fc5421a6ee4f6315c8117b7b18be27/large.png?1742949737,https://www.ancap.com.au/assets/manufacturers/small/mini-c919b6202bd62805e3246b5bf8a5e37bc03fce31b09599c8567c0f18f73fb9e1.png,https://www.ancap.com.au/assets/logos/ratings/star-rating-logo-5-2025-997c7985fb400255a9ba79b38521ba860901a2b17b1167e1fa6249c0cf799600.png,https://api.ancap.com.au/v1/safety-ratings/8525c5,https://www.ancap.com.au/safety-ratings/8525c5,https://www.ancap.com.au/safety-ratings/mini/cooper-e,"category.popular_models,category.younger_driver,category.older_driver,category.city_driver,category.fleet_manager,body_type.hatch,price.35000_to_65000,seats.4_seater"
bb352d,Jaecoo J7,2025,5,81,85,80,84,32.79,40,42.1,49,50.56,63,15.28,18,140.73,170,0.82782353,0.83002245,2023p,0.8838976470588237,170,57.45334705882354,92.45334705882354,82.53664924964256,Dec-24,onwards,May-25,onwards,PHEV variants,Plug-in hybrid,TRUE,FALSE,0,standard,standard,https://s3.amazonaws.com/cdn.ancap.com.au/app/public/assets/dbb6bf6a19d8b8c96c59fb8e492c0ce3ca438cc7/large.png?1746057180,https://www.ancap.com.au/assets/manufacturers/small/jaecoo-ce455510b5b3988bacba729bd2959ab61c1be2ba209ecd6d9a992ffd253d47c5.png,https://www.ancap.com.au/assets/logos/ratings/star-rating-logo-5-2025-997c7985fb400255a9ba79b38521ba860901a2b17b1167e1fa6249c0cf799600.png,https://api.ancap.com.au/v1/safety-ratings/bb352d,https://www.ancap.com.au/safety-ratings/bb352d,https://www.ancap.com.au/safety-ratings/jaecoo/j7,"category.popular_models,category.family,category.younger_driver,category.city_driver,category.fleet_manager,category.employer,body_type.suv,price.35000_to_65000,seats.5_seater"
a7dcc6,MG QS,2025,5,88,86,76,80,35.23,40,42.61,49,48.05,63,14.4,18,140.29,170,0.82523529,0.83875805,2023p,0.8835317647058823,170,57.429564705882356,92.42956470588236,82.46738205645612,Apr-25,onwards,Jun-25,onwards,All variants,Petrol / diesel,TRUE,TRUE,0,standard,standard,https://s3.amazonaws.com/cdn.ancap.com.au/app/public/assets/d6d8255dd1908296a28b6631ebe17ea430e51d5e/large.png?1763512254,https://www.ancap.com.au/assets/manufacturers/small/mg-64908a954f2375bfe93427a0a7639fe122f0f3e9a9f2e5e8e32d090836a8b44d.png,https://www.ancap.com.au/assets/logos/ratings/star-rating-logo-5-2025-997c7985fb400255a9ba79b38521ba860901a2b17b1167e1fa6249c0cf799600.png,https://api.ancap.com.au/v1/safety-ratings/a7dcc6,https://www.ancap.com.au/safety-ratings/a7dcc6,https://www.ancap.com.au/safety-ratings/mg/qs,"category.popular_models,category.family,category.younger_driver,category.older_driver,category.city_driver,category.rural_driver,category.tradesperson,category.fleet_manager,body_type.suv,body_type.awd,price.35000_to_65000,seats.5_seater,seats.7_seater"
fbc79e,Skoda Octavia,2025,5,85,81,81,82,34.22,40,40.04,49,51.39,63,14.86,18,140.51,170,0.82652941,0.83388254,2023p,0.8834423529411766,170,57.423752941176474,92.42375294117647,82.45045502532373,Jul-25,onwards,Mar-26,onwards,All variants (see Technical Report),Petrol / diesel,TRUE,TRUE,5,standard,standard,https://s3.amazonaws.com/cdn.ancap.com.au/app/public/assets/917c16d80dda0ae023073842d0b8288ff67aaed7/large.png?1777939695,https://www.ancap.com.au/assets/manufacturers/small/skoda-cda08028a473eee106382fe717e8f617643d024cbf7175094445b52bde5cac8b.png,https://www.ancap.com.au/assets/logos/ratings/star-rating-logo-5-2025-997c7985fb400255a9ba79b38521ba860901a2b17b1167e1fa6249c0cf799600.png,https://api.ancap.com.au/v1/safety-ratings/fbc79e,https://www.ancap.com.au/safety-ratings/fbc79e,https://www.ancap.com.au/safety-ratings/skoda/octavia,"category.popular_models,category.family,category.younger_driver,category.older_driver,category.city_driver,category.rural_driver,category.tradesperson,category.fleet_manager,category.employer,body_type.sedan,body_type.wagon,price.35000_to_65000,seats.5_seater"
0b1756,Hyundai IONIQ 9,2025,5,84,86,77,85,33.86,40,42.57,49,48.99,63,15.46,18,140.88,170,0.82870588,0.83965669,2023p,0.8833494117647058,170,57.41771176470588,92.41771176470587,82.43285982190979,Apr-25,onwards,Aug-25,onwards,All variants,Battery electric,TRUE,FALSE,0,standard,standard,https://s3.amazonaws.com/cdn.ancap.com.au/app/public/assets/daafda645eaa6f976cc57ee4540679498ecb34af/large.png?1757046860,https://www.ancap.com.au/assets/manufacturers/small/hyundai-fc7aa7616090539d442af372062f91227c79006c33e7aebb9457a87e9fd21f04.png,https://www.ancap.com.au/assets/logos/ratings/star-rating-logo-5-2025-997c7985fb400255a9ba79b38521ba860901a2b17b1167e1fa6249c0cf799600.png,https://api.ancap.com.au/v1/safety-ratings/0b1756,https://www.ancap.com.au/safety-ratings/0b1756,https://www.ancap.com.au/safety-ratings/hyundai/ioniq-9,"category.family,category.city_driver,category.fleet_manager,category.employer,category.luxury,body_type.suv,body_type.awd,price.over_65000,seats.7_seater"
8ab95b,Nissan Pathfinder,2022,5,86,93,78,85,32.87,38,45.8,49,42.31,54,13.61,16,134.59,157,0.85726115,0.85976748,2020_2022,0.8833267515923566,157,57.41623885350318,92.41623885350319,82.42856990050987,Jul-22,onwards,Dec-22,onwards,All variants,Petrol / diesel,TRUE,TRUE,2,standard,standard,https://s3.amazonaws.com/cdn.ancap.com.au/app/public/assets/32996f9a00a48338f7c063143db9ab8ea133af83/large.png?1669769365,https://www.ancap.com.au/assets/manufacturers/small/nissan-a4a6ecc0c23cafd6746078da665055789f03023f671a059bdee3d0dd9a04e68e.png,https://www.ancap.com.au/assets/logos/ratings/star-rating-logo-5-2022-6fb1f080765af2b98c7726db6ea8d07e44609565ad1d219235702f4016f0b6e1.png,https://api.ancap.com.au/v1/safety-ratings/8ab95b,https://www.ancap.com.au/safety-ratings/8ab95b,https://www.ancap.com.au/safety-ratings/nissan/pathfinder,"category.family,category.city_driver,category.rural_driver,category.fleet_manager,category.employer,body_type.suv,body_type.wagon,body_type.awd,price.35000_to_65000,price.over_65000,seats.5_seater,seats.7_seater"
fd7032,Kia EV9,2023,5,84,87,76,85,33.65,40,42.65,49,48.42,63,15.43,18,140.15,170,0.82441176,0.83574036,2023p,0.8823282352941176,170,57.351335294117646,92.35133529411765,82.23953531,Aug-23,onwards,Oct-23,onwards,All variants (see Technical Report),Battery electric,TRUE,FALSE,0,standard,standard,https://s3.amazonaws.com/cdn.ancap.com.au/app/public/assets/636dda19bda24c5a315b55b176c133fc93ee57e6/large.png?1701752559,https://www.ancap.com.au/assets/manufacturers/small/kia-fd32864bb76bbca8aca6303ede71093093674e6316c5e88f399a280769820c90.png,https://www.ancap.com.au/assets/logos/ratings/star-rating-logo-5-2023-e042d27b55c566111e592e7d65971206f5985a5bbf3378e38387b6f416999c17.png,https://api.ancap.com.au/v1/safety-ratings/fd7032,https://www.ancap.com.au/safety-ratings/fd7032,https://www.ancap.com.au/safety-ratings/kia/ev9,"category.popular_models,category.family,category.city_driver,category.fleet_manager,category.employer,body_type.suv,body_type.awd,price.over_65000,seats.5_seater,seats.7_seater"
eedada,Mini Aceman,2025,5,83,87,77,83,33.35,40,42.81,49,48.68,63,15.06,18,139.9,170,0.82294118,0.83010771,2023p,0.8816235294117647,170,57.30552941,92.30552941,82.10612358,May-24,onwards,Sep-24,onwards,All variants,Battery electric,TRUE,FALSE,0,standard,standard,https://s3.amazonaws.com/cdn.ancap.com.au/app/public/assets/67c85d0acb50eab2b595e859c7c7a4ed8ce12112/large.png?1763589578,https://www.ancap.com.au/assets/manufacturers/small/mini-c919b6202bd62805e3246b5bf8a5e37bc03fce31b09599c8567c0f18f73fb9e1.png,https://www.ancap.com.au/assets/logos/ratings/star-rating-logo-5-2025-997c7985fb400255a9ba79b38521ba860901a2b17b1167e1fa6249c0cf799600.png,https://api.ancap.com.au/v1/safety-ratings/eedada,https://www.ancap.com.au/safety-ratings/eedada,https://www.ancap.com.au/safety-ratings/mini/aceman,"category.family,category.older_driver,category.city_driver,category.employer,body_type.suv,price.over_65000,seats.5_seater"
f8f2d3,Renault Scenic E-Tech,2022,5,88,92,77,85,33.74,38,45.48,49,42,54,13.63,16,134.85,157,0.8589172,0.8667211,2020_2022,0.8815210191082802,157,57.29886624203821,92.29886624,82.08671678895067,Jul-25,onwards,Nov-25,onwards,All variants,Battery electric,TRUE,FALSE,0,standard,standard,https://s3.amazonaws.com/cdn.ancap.com.au/app/public/assets/901a67c5353884bf0bff974590afac9381699cf9/large.png?1765941820,https://www.ancap.com.au/assets/manufacturers/small/renault-6e5d3dc1139792f1d5db0565c8c2365ddbbcd2657ba3b9f9cce761784d4a8528.png,https://www.ancap.com.au/assets/logos/ratings/star-rating-logo-5-2022-6fb1f080765af2b98c7726db6ea8d07e44609565ad1d219235702f4016f0b6e1.png,https://api.ancap.com.au/v1/safety-ratings/f8f2d3,https://www.ancap.com.au/safety-ratings/f8f2d3,https://www.ancap.com.au/safety-ratings/renault/scenic-e-tech,"category.family,category.older_driver,category.city_driver,category.fleet_manager,category.employer,body_type.suv,price.35000_to_65000,seats.5_seater"
cc365d,Mitsubishi Outlander,2022,5,83,92,81,83,31.61,38,45.43,49,44.2,54,13.35,16,134.59,157,0.85726115,0.84874412,2020_2022,0.8812242038216559,157,57.27957324840763,92.27957324840763,82.03052506056035,Jul-21,Mar-25,Oct-21,May-25,All ZM variants,Petrol / diesel and plug-in hybrid,FALSE,FALSE,0,standard,standard,https://s3.amazonaws.com/cdn.ancap.com.au/app/public/assets/d8ec6dc51c5d34e0cf2873904202443611ec0207/large.png?1642112352,https://www.ancap.com.au/assets/manufacturers/small/mitsubishi-d2ee0d37dbfbbca85d9f978e92f9d14f0d697cea5e5cbd698b61e3bba50a7efc.png,https://www.ancap.com.au/assets/logos/ratings/star-rating-logo-5-2022-6fb1f080765af2b98c7726db6ea8d07e44609565ad1d219235702f4016f0b6e1.png,https://api.ancap.com.au/v1/safety-ratings/cc365d,https://www.ancap.com.au/safety-ratings/cc365d,https://www.ancap.com.au/safety-ratings/mitsubishi/outlander,"category.popular_models,category.family,category.city_driver,category.rural_driver,category.fleet_manager,category.employer,body_type.suv,body_type.awd,price.35000_to_65000,seats.7_seater,seats.5_seater"
c98bbf,Jeep Grand Cherokee,2022,4,81,93,81,84,31.06,38,45.89,49,43.79,54,13.6,16,134.34,157,0.85566879,0.84643868,2020_2022,0.8805229299363057,157,57.23399044585987,92.23399044585986,81.89776306,Sep-22,onwards,Feb-23,onwards,SWB petrol variants,Petrol / diesel,TRUE,TRUE,4,standard,standard,https://s3.amazonaws.com/cdn.ancap.com.au/app/public/assets/ddc1e8485e365a431a26806120265e0e8ffef3a5/large.png?1687410802,https://www.ancap.com.au/assets/manufacturers/small/jeep-66d864da68eec140a28aa10735675d4532407c1c2801217e328547b643aca0d4.png,https://www.ancap.com.au/assets/logos/ratings/star-rating-logo-4-2022-57a3a773fe768b692350ba59cf396c193021d6666c9fc3dd4e0eafaa8caf980c.png,https://api.ancap.com.au/v1/safety-ratings/c98bbf,https://www.ancap.com.au/safety-ratings/c98bbf,https://www.ancap.com.au/safety-ratings/jeep/grand-cherokee,"category.family,category.younger_driver,category.city_driver,category.rural_driver,body_type.suv,body_type.awd,price.over_65000,seats.5_seater"
1695a1,Kia EV3,2025,5,83,86,78,81,33.52,40,42.4,49,49.24,63,14.58,18,139.74,170,0.822,0.82657868,2023p,0.8803576470588235,170,57.223247058823524,92.22324705882352,81.86647245125681,Dec-24,onwards,Mar-25,onwards,All variants,Battery electric,TRUE,FALSE,0,standard,standard,https://s3.amazonaws.com/cdn.ancap.com.au/app/public/assets/a32c47370b905a13869fbdc9a235eec724737e9a/large.png?1747716305,https://www.ancap.com.au/assets/manufacturers/small/kia-fd32864bb76bbca8aca6303ede71093093674e6316c5e88f399a280769820c90.png,https://www.ancap.com.au/assets/logos/ratings/star-rating-logo-5-2025-997c7985fb400255a9ba79b38521ba860901a2b17b1167e1fa6249c0cf799600.png,https://api.ancap.com.au/v1/safety-ratings/1695a1,https://www.ancap.com.au/safety-ratings/1695a1,https://www.ancap.com.au/safety-ratings/kia/ev3,"category.popular_models,category.family,category.younger_driver,category.older_driver,category.city_driver,category.fleet_manager,category.employer,body_type.suv,price.35000_to_65000,price.over_65000,seats.5_seater"
850805,Deepal S07,2024,5,95,86,74,70,38.03,40,42.62,49,47.21,63,12.74,18,140.6,170,0.82705882,0.84568776,2023p,0.8797552941176471,170,57.184094117647064,92.18409411764706,81.75243771520718,Sep-24,onwards,Jan-25,onwards,All variants,Battery electric,TRUE,FALSE,0,standard,standard,https://s3.amazonaws.com/cdn.ancap.com.au/app/public/assets/8c6faa380542e240ea9a21d4e402a15a2b43f20e/large.png?1737679348,https://www.ancap.com.au/assets/manufacturers/small/deepal-18cfe856e95932cf44030722eb49e7f941ba4343be2f4f8ac0dcf04b0c91bc65.png,https://www.ancap.com.au/assets/logos/ratings/star-rating-logo-5-2024-c6164fac702658394851ade2462c3593ebea4131b5f9c00875bcc1784ca49bc0.png,https://api.ancap.com.au/v1/safety-ratings/850805,https://www.ancap.com.au/safety-ratings/850805,https://www.ancap.com.au/safety-ratings/deepal/s07,"category.family,category.younger_driver,category.older_driver,category.city_driver,category.fleet_manager,category.employer,body_type.suv,price.35000_to_65000,seats.5_seater"
4a11d5,Mercedes-Benz GLC,2022,5,92,92,74,84,35.2,38,45.39,49,40.41,54,13.57,16,134.57,157,0.85713376,0.87508329,2020_2022,0.87969172,157,57.179961783439495,92.17996178,81.74040210239062,Nov-22,onwards,Jun-23,onwards,GLC 200 & GLC 300 petrol variants,Petrol / diesel,TRUE,TRUE,1,standard,standard,https://s3.amazonaws.com/cdn.ancap.com.au/app/public/assets/acc44690b34a895e505480445b308fd28f3cae43/large.png?1686627235,https://www.ancap.com.au/assets/manufacturers/small/mercedes-benz-e77b2c8ebc765c6efef479ecc989fa49ba959a9a19a44f8687fc88ae0cc0d2e4.png,https://www.ancap.com.au/assets/logos/ratings/star-rating-logo-5-2022-6fb1f080765af2b98c7726db6ea8d07e44609565ad1d219235702f4016f0b6e1.png,https://api.ancap.com.au/v1/safety-ratings/4a11d5,https://www.ancap.com.au/safety-ratings/4a11d5,https://www.ancap.com.au/safety-ratings/mercedes-benz/glc,"category.popular_models,category.family,category.older_driver,category.city_driver,category.fleet_manager,category.employer,category.luxury,body_type.suv,body_type.awd,price.over_65000,seats.5_seater"
fbb00a,Lexus LBX,2024,5,82,86,79,79,33.08,40,42.6,49,50.02,63,14.33,18,140.03,170,0.82370588,0.82269342,2023p,0.8796529411764705,170,57.17744117647059,92.17744117647058,81.73306071904244,Dec-23,onwards,Mar-24,onwards,1.5L hybrid variants,Hybrid,TRUE,FALSE,0,standard,standard,https://s3.amazonaws.com/cdn.ancap.com.au/app/public/assets/1078c8bc9099cbc733d353a0c81af11c459ecdcb/large.png?1733314912,https://www.ancap.com.au/assets/manufacturers/small/lexus-7de87d18e9ac073414bf0befc12c1845af77365eba07c76ad571b01129bfb87f.png,https://www.ancap.com.au/assets/logos/ratings/star-rating-logo-5-2024-c6164fac702658394851ade2462c3593ebea4131b5f9c00875bcc1784ca49bc0.png,https://api.ancap.com.au/v1/safety-ratings/fbb00a,https://www.ancap.com.au/safety-ratings/fbb00a,https://www.ancap.com.au/safety-ratings/lexus/lbx,"category.popular_models,category.family,category.older_driver,category.city_driver,category.fleet_manager,category.employer,body_type.suv,body_type.awd,price.35000_to_65000,seats.5_seater"
feb4a4,Kia EV4,2025,5,84,86,77,81,33.92,40,42.53,49,49.13,63,14.64,18,140.22,170,0.82482353,0.83142676,2023p,0.878775294,170,57.12039411764705,92.12039411764705,81.56690854503258,Jun-25,onwards,Sep-25,onwards,All variants,Battery electric,TRUE,FALSE,0,standard,standard,https://s3.amazonaws.com/cdn.ancap.com.au/app/public/assets/2f1e5231c34224b0877e15f4504bac2b2067236e/large.png?1770099591,https://www.ancap.com.au/assets/manufacturers/small/kia-fd32864bb76bbca8aca6303ede71093093674e6316c5e88f399a280769820c90.png,https://www.ancap.com.au/assets/logos/ratings/star-rating-logo-5-2025-997c7985fb400255a9ba79b38521ba860901a2b17b1167e1fa6249c0cf799600.png,https://api.ancap.com.au/v1/safety-ratings/feb4a4,https://www.ancap.com.au/safety-ratings/feb4a4,https://www.ancap.com.au/safety-ratings/kia/ev4,"category.family,category.younger_driver,category.older_driver,category.city_driver,category.fleet_manager,category.employer,body_type.sedan,price.35000_to_65000,seats.5_seater"
75d7d4,BYD SHARK 6,2025,5,85,87,74,86,34.37,40,43,49,47.14,63,15.59,18,140.1,170,0.82411765,0.84208322,2023p,0.8778129411764707,170,57.057841176470596,92.05784117647059,81.38472023626572,Sep-24,onwards,Jan-25,onwards,All variants,Plug-in hybrid,TRUE,FALSE,0,standard,standard,https://s3.amazonaws.com/cdn.ancap.com.au/app/public/assets/4a25a3a9286e62ab945ddaa006f0264cda0554e9/large.png?1740011409,https://www.ancap.com.au/assets/manufacturers/small/byd-ddfb68db4046218b9ee4a3bc429d6824ab6c3b6456aae92a6b61865f2addc89e.png,https://www.ancap.com.au/assets/logos/ratings/star-rating-logo-5-2025-997c7985fb400255a9ba79b38521ba860901a2b17b1167e1fa6249c0cf799600.png,https://api.ancap.com.au/v1/safety-ratings/75d7d4,https://www.ancap.com.au/safety-ratings/75d7d4,https://www.ancap.com.au/safety-ratings/byd/shark-6,"category.popular_models,category.family,category.city_driver,category.rural_driver,category.tradesperson,category.fleet_manager,category.employer,body_type.awd,body_type.ute,price.35000_to_65000,seats.5_seater"
518902,Kia EV5,2024,5,88,86,74,82,35.47,40,42.41,49,46.96,63,14.79,18,139.63,170,0.82135294,0.84121474,2023p,0.8776658823529412,170,57.04828235294118,92.04828235294119,81.35687972453488,Apr-24,onwards,Oct-24,onwards,All variants,Battery electric,TRUE,FALSE,0,standard,standard,https://s3.amazonaws.com/cdn.ancap.com.au/app/public/assets/5e164ccf8ff476fdb3d1442e3223aeacfa4ec759/large.png?1733981278,https://www.ancap.com.au/assets/manufacturers/small/kia-fd32864bb76bbca8aca6303ede71093093674e6316c5e88f399a280769820c90.png,https://www.ancap.com.au/assets/logos/ratings/star-rating-logo-5-2024-c6164fac702658394851ade2462c3593ebea4131b5f9c00875bcc1784ca49bc0.png,https://api.ancap.com.au/v1/safety-ratings/518902,https://www.ancap.com.au/safety-ratings/518902,https://www.ancap.com.au/safety-ratings/kia/ev5,"category.popular_models,category.family,category.older_driver,category.city_driver,category.fleet_manager,category.employer,body_type.suv,body_type.awd,price.35000_to_65000,price.over_65000,seats.5_seater"
b81993,Hyundai Santa Fe,2024,5,84,86,77,80,33.97,40,42.34,49,48.73,63,14.56,18,139.6,170,0.82117647,0.82899252,2023p,0.8776317647058823,170,57.04606470588235,92.04606470588234,81.35042072581327,Mar-24,onwards,May-24,onwards,All variants,Petrol / diesel and hybrid,TRUE,FALSE,4,standard,standard,https://s3.amazonaws.com/cdn.ancap.com.au/app/public/assets/9f7a8f22e4da862380987072325d07263d52c23c/large.png?1733307870,https://www.ancap.com.au/assets/manufacturers/small/hyundai-fc7aa7616090539d442af372062f91227c79006c33e7aebb9457a87e9fd21f04.png,https://www.ancap.com.au/assets/logos/ratings/star-rating-logo-5-2024-c6164fac702658394851ade2462c3593ebea4131b5f9c00875bcc1784ca49bc0.png,https://api.ancap.com.au/v1/safety-ratings/b81993,https://www.ancap.com.au/safety-ratings/b81993,https://www.ancap.com.au/safety-ratings/hyundai/santa-fe,"category.popular_models,category.family,category.city_driver,category.rural_driver,category.fleet_manager,category.employer,body_type.suv,body_type.awd,price.35000_to_65000,price.over_65000,seats.5_seater,seats.7_seater"
c95f28,Toyota Landcruiser,2022,5,89,88,81,77,34.08,38,43.6,49,44.02,54,12.4,16,134.1,157,0.85414013,0.85473306,2020_2022,0.8769031847133758,157,56.99870700636943,91.99870700636943,81.21248925498111,Jul-21,onwards,Oct-21,onwards,All 300 Series variants (exc. GR Sport),Petrol / diesel,TRUE,TRUE,5,standard,standard,https://s3.amazonaws.com/cdn.ancap.com.au/app/public/assets/b66a1ed3d142aea0c008bedad3f46c66aa9334f7/large.png?1639537070,https://www.ancap.com.au/assets/manufacturers/small/toyota-82ccce5443b662fd06bc229b482b20907450f184bb900f31ac47fe4d85b75cbe.png,https://www.ancap.com.au/assets/logos/ratings/star-rating-logo-5-2022-6fb1f080765af2b98c7726db6ea8d07e44609565ad1d219235702f4016f0b6e1.png,https://api.ancap.com.au/v1/safety-ratings/c95f28,https://www.ancap.com.au/safety-ratings/c95f28,https://www.ancap.com.au/safety-ratings/toyota/landcruiser,"category.popular_models,category.family,category.older_driver,category.city_driver,category.rural_driver,category.fleet_manager,category.employer,body_type.suv,body_type.awd,price.over_65000,seats.7_seater,category.tradesperson,body_type.wagon,seats.5_seater"
0fa4bd,Honda CR-V,2024,4,88,88,76,68,35.23,40,43.25,49,48.48,63,12.26,18,139.22,170,0.81894118,0.8189576,2023p,0.8759200000000001,170,56.93480000000001,91.93480000000001,81.02635716926589,Jul-23,onwards,Sep-23,onwards,All variants,Petrol / diesel and hybrid,TRUE,FALSE,4,standard,standard,https://s3.amazonaws.com/cdn.ancap.com.au/app/public/assets/279e163027bbeb0707702a9d56fc02c7ed4f0d9d/large.png?1721357215,https://www.ancap.com.au/assets/manufacturers/small/honda-99696356908c610a092b98f5bfb499e8c3fe3c5024ee01b2f35f912aa14c6d89.png,https://www.ancap.com.au/assets/logos/ratings/star-rating-logo-4-2024-7d88bcda2480cc653abe9d50a49afb9937d3bb837df0ec1ce16dfdfcabe749d3.png,https://api.ancap.com.au/v1/safety-ratings/0fa4bd,https://www.ancap.com.au/safety-ratings/0fa4bd,https://www.ancap.com.au/safety-ratings/honda/cr-v,"category.popular_models,category.family,category.older_driver,category.city_driver,category.rural_driver,body_type.suv,body_type.awd,price.35000_to_65000,seats.7_seater"
1f0c5c,Honda ZR-V,2023,4,79,88,81,68,31.92,40,43.25,49,51.12,63,12.41,18,138.7,170,0.81588235,0.79590522,2023p,0.8738552941176472,170,56.800594117647066,91.80059411764707,80.63547638456436,Mar-23,onwards,May-23,onwards,All variants,Petrol / diesel and hybrid,TRUE,FALSE,0,standard,standard,https://s3.amazonaws.com/cdn.ancap.com.au/app/public/assets/13878ca01d2c0f972637793c975fce710adfb021/large.png?1721359097,https://www.ancap.com.au/assets/manufacturers/small/honda-99696356908c610a092b98f5bfb499e8c3fe3c5024ee01b2f35f912aa14c6d89.png,https://www.ancap.com.au/assets/logos/ratings/star-rating-logo-4-2023-c688c27a0b74454806c1294e8095a0c593b56d0d98770c9fa55ae886e6465300.png,https://api.ancap.com.au/v1/safety-ratings/1f0c5c,https://www.ancap.com.au/safety-ratings/1f0c5c,https://www.ancap.com.au/safety-ratings/honda/zr-v,"category.popular_models,category.family,category.older_driver,category.city_driver,category.rural_driver,body_type.suv,price.35000_to_65000,seats.5_seater"
0a04e9,LDV MIFA,2022,5,93,88,73,90,35.53,38,43.41,49,39.59,54,14.43,16,132.96,157,0.84687898,0.8781883,2020_2022,0.8721694267515925,157,56.69101273885351,91.69101273885352,80.31631559533119,Nov-22,onwards,Nov-22,onwards,Seven seat variants,Petrol / diesel,TRUE,TRUE,0,standard,standard,https://s3.amazonaws.com/cdn.ancap.com.au/app/public/assets/9c070658451a6967415d7a9dfd96e5eea052be70/large.png?1670905598,https://www.ancap.com.au/assets/manufacturers/small/ldv-36f0a24f23fe6d2e9693b6f304d5c5c4f14b40d35759a19f3ac6cc70015dd8e9.png,https://www.ancap.com.au/assets/logos/ratings/star-rating-logo-5-2022-6fb1f080765af2b98c7726db6ea8d07e44609565ad1d219235702f4016f0b6e1.png,https://api.ancap.com.au/v1/safety-ratings/0a04e9,https://www.ancap.com.au/safety-ratings/0a04e9,https://www.ancap.com.au/safety-ratings/ldv/mifa,"category.family,category.tradesperson,category.fleet_manager,category.employer,body_type.wagon,price.35000_to_65000,price.over_65000,seats.5_seater,seats.7_seater"
2fa737,LDV MIFA 9,2022,5,93,88,73,90,35.53,38,43.41,49,39.59,54,14.43,16,132.96,157,0.84687898,0.8781883,2020_2022,0.8721694267515925,157,56.69101273885351,91.69101273885352,80.31631559533119,Nov-22,onwards,Nov-22,onwards,All variants,Battery electric,TRUE,FALSE,0,standard,standard,https://s3.amazonaws.com/cdn.ancap.com.au/app/public/assets/33e7203c378a40c48fe39a9d9f7799fe7b46f3b4/large.png?1670369205,https://www.ancap.com.au/assets/manufacturers/small/ldv-36f0a24f23fe6d2e9693b6f304d5c5c4f14b40d35759a19f3ac6cc70015dd8e9.png,https://www.ancap.com.au/assets/logos/ratings/star-rating-logo-5-2022-6fb1f080765af2b98c7726db6ea8d07e44609565ad1d219235702f4016f0b6e1.png,https://api.ancap.com.au/v1/safety-ratings/2fa737,https://www.ancap.com.au/safety-ratings/2fa737,https://www.ancap.com.au/safety-ratings/ldv/mifa-9,"category.family,category.city_driver,category.fleet_manager,category.employer,body_type.wagon,price.over_65000,seats.5_seater,seats.7_seater"
a62ab7,Mitsubishi Outlander,2025,5,85,84,79,70,34.38,40,41.24,49,50.36,63,12.64,18,138.62,170,0.81541176,0.81244399,2023p,0.8707329411764707,170,56.597641176470596,91.59764118,80.04436663949437,Apr-25,onwards,Jun-25,onwards,All variants (see Technical Report),Petrol / diesel and plug-in hybrid,TRUE,FALSE,6,standard,standard,https://s3.amazonaws.com/cdn.ancap.com.au/app/public/assets/a97aa9bab7d06092fa3104c2efb212f635fd0a1f/large.png?1758594785,https://www.ancap.com.au/assets/manufacturers/small/mitsubishi-d2ee0d37dbfbbca85d9f978e92f9d14f0d697cea5e5cbd698b61e3bba50a7efc.png,https://www.ancap.com.au/assets/logos/ratings/star-rating-logo-5-2025-997c7985fb400255a9ba79b38521ba860901a2b17b1167e1fa6249c0cf799600.png,https://api.ancap.com.au/v1/safety-ratings/a62ab7,https://www.ancap.com.au/safety-ratings/a62ab7,https://www.ancap.com.au/safety-ratings/mitsubishi/outlander,"category.popular_models,category.family,category.older_driver,category.city_driver,category.rural_driver,category.tradesperson,category.fleet_manager,body_type.suv,body_type.awd,price.35000_to_65000,price.over_65000,seats.5_seater,seats.7_seater"
f18eb7,Ford Everest,2022,5,86,93,74,86,32.99,38,45.66,49,39.96,54,13.89,16,132.5,157,0.84394904,0.8552555,2020_2022,0.8700885350318472,157,56.55575477707007,91.55575477707006,79.92237058105822,May-22,onwards,Aug-22,onwards,All variants,Petrol / diesel,TRUE,TRUE,1,standard,standard,https://s3.amazonaws.com/cdn.ancap.com.au/app/public/assets/be78fc73414e140ac07c7035f9a84901034acd9a/large.png?1660525534,https://www.ancap.com.au/assets/manufacturers/small/ford-265612f017d18e609840ab9cf9c9e3f7dc64d09f179243709455cb0eff8e682c.png,https://www.ancap.com.au/assets/logos/ratings/star-rating-logo-5-2022-6fb1f080765af2b98c7726db6ea8d07e44609565ad1d219235702f4016f0b6e1.png,https://api.ancap.com.au/v1/safety-ratings/f18eb7,https://www.ancap.com.au/safety-ratings/f18eb7,https://www.ancap.com.au/safety-ratings/ford/everest,"category.family,category.city_driver,category.rural_driver,category.tradesperson,category.fleet_manager,category.employer,body_type.suv,body_type.wagon,body_type.awd,price.35000_to_65000,price.over_65000,seats.5_seater,seats.7_seater"
5dfbf1,Smart #1,2022,5,96,87,70,94,36.62,38,43.06,49,37.86,54,15.05,16,132.59,157,0.84452229,0.88957601,2020_2022,0.8699828025477707,157,56.54888216560509,91.54888217,79.90235378510802,Jul-24,onwards,Sep-24,onwards,All variants,Battery electric,TRUE,FALSE,0,standard,standard,https://s3.amazonaws.com/cdn.ancap.com.au/app/public/assets/75990d0b16d9daedd7865cba108456654d4cdd46/large.png?1727678757,https://www.ancap.com.au/assets/manufacturers/small/smart-e9f505550f0ce05ad50c61ec04fe7186ce8f21e25bbd2874a924347d7c6ae276.png,https://www.ancap.com.au/assets/logos/ratings/star-rating-logo-5-2022-6fb1f080765af2b98c7726db6ea8d07e44609565ad1d219235702f4016f0b6e1.png,https://api.ancap.com.au/v1/safety-ratings/5dfbf1,https://www.ancap.com.au/safety-ratings/5dfbf1,https://www.ancap.com.au/safety-ratings/smart/1,"category.popular_models,category.family,category.younger_driver,category.older_driver,category.city_driver,category.fleet_manager,body_type.suv,body_type.awd,price.35000_to_65000,price.over_65000,seats.5_seater"
d35132,Kia Tasman,2025,5,87,85,74,80,35.14,40,41.86,49,46.82,63,14.42,18,138.24,170,0.81317647,0.83111429,2023p,0.869829412,170,56.53891176470589,91.53891176470589,79.87331453541982,May-25,onwards,Jun-25,onwards,All variants (exc. X-Line & X-Pro),Petrol / diesel,TRUE,TRUE,0,standard,standard,https://s3.amazonaws.com/cdn.ancap.com.au/app/public/assets/9bebf54c548d0abd7f27e45d2459f2a2cb7928e6/large.png?1752815578,https://www.ancap.com.au/assets/manufacturers/small/kia-fd32864bb76bbca8aca6303ede71093093674e6316c5e88f399a280769820c90.png,https://www.ancap.com.au/assets/logos/ratings/star-rating-logo-5-2025-997c7985fb400255a9ba79b38521ba860901a2b17b1167e1fa6249c0cf799600.png,https://api.ancap.com.au/v1/safety-ratings/d35132,https://www.ancap.com.au/safety-ratings/d35132,https://www.ancap.com.au/safety-ratings/kia/tasman,"category.popular_models,category.family,category.younger_driver,category.rural_driver,category.tradesperson,category.fleet_manager,category.employer,body_type.awd,body_type.ute,price.35000_to_65000,price.over_65000,seats.5_seater"
ad425e,BMW iX1,2022,5,86,88,76,94,32.77,38,43.3,49,41.08,54,15.07,16,132.22,157,0.84216561,0.86220521,2020_2022,0.8697299363057326,157,56.53244585987262,91.53244585987261,79.85448229117893,Jul-22,onwards,Jul-22,onwards,See ANCAP Safety Report,Petrol / diesel and battery electric,TRUE,FALSE,0,standard,standard,https://s3.amazonaws.com/cdn.ancap.com.au/app/public/assets/c88f6f5a59a49c4a374c63fdceb5210c610c12bc/large.png?1694411819,https://www.ancap.com.au/assets/manufacturers/small/bmw-d0733f7f1eb33160445ec15f25cf2baf31414224842ba14487d0b69422c0d924.png,https://www.ancap.com.au/assets/logos/ratings/star-rating-logo-5-2022-6fb1f080765af2b98c7726db6ea8d07e44609565ad1d219235702f4016f0b6e1.png,https://api.ancap.com.au/v1/safety-ratings/ad425e,https://www.ancap.com.au/safety-ratings/ad425e,https://www.ancap.com.au/safety-ratings/bmw/ix1,"category.family,category.older_driver,category.city_driver,category.fleet_manager,category.employer,category.luxury,body_type.suv,body_type.awd,price.over_65000,seats.5_seater"
c968f1,BMW X1,2022,5,86,88,76,94,32.77,38,43.3,49,41.08,54,15.07,16,132.22,157,0.84216561,0.86220521,2020_2022,0.8697299363057326,157,56.53244585987262,91.53244585987261,79.85448229117893,Jul-22,onwards,Jul-22,onwards,See ANCAP Safety Report,Petrol / diesel and battery electric,TRUE,FALSE,2,standard,standard,https://s3.amazonaws.com/cdn.ancap.com.au/app/public/assets/9703302b4b05e64a423bbf4661a8df29bc64d664/large.jpg?1670292935,https://www.ancap.com.au/assets/manufacturers/small/bmw-d0733f7f1eb33160445ec15f25cf2baf31414224842ba14487d0b69422c0d924.png,https://www.ancap.com.au/assets/logos/ratings/star-rating-logo-5-2022-6fb1f080765af2b98c7726db6ea8d07e44609565ad1d219235702f4016f0b6e1.png,https://api.ancap.com.au/v1/safety-ratings/c968f1,https://www.ancap.com.au/safety-ratings/c968f1,https://www.ancap.com.au/safety-ratings/bmw/x1,"category.family,category.older_driver,category.city_driver,category.fleet_manager,category.employer,category.luxury,body_type.suv,body_type.awd,price.35000_to_65000,price.over_65000,seats.5_seater"
fd8942,Nissan Navara,2024,5,86,89,74,70,34.64,40,44.03,49,47.01,63,12.75,18,138.43,170,0.81429412,0.81701905,2023p,0.8681211764705883,170,56.42787647058824,91.42787647058825,79.54991915115397,Jul-25,onwards,Mar-26,onwards,All dual cab variants,Petrol / diesel,TRUE,TRUE,7,standard,standard,https://s3.amazonaws.com/cdn.ancap.com.au/app/public/assets/6c663ed655a5b171696860a09e8855303a27e2e5/large.png?1763598816,https://www.ancap.com.au/assets/manufacturers/small/nissan-a4a6ecc0c23cafd6746078da665055789f03023f671a059bdee3d0dd9a04e68e.png,https://www.ancap.com.au/assets/logos/ratings/star-rating-logo-5-2024-c6164fac702658394851ade2462c3593ebea4131b5f9c00875bcc1784ca49bc0.png,https://api.ancap.com.au/v1/safety-ratings/fd8942,https://www.ancap.com.au/safety-ratings/fd8942,https://www.ancap.com.au/safety-ratings/nissan/navara,"category.popular_models,category.family,category.younger_driver,category.rural_driver,category.tradesperson,category.fleet_manager,price.35000_to_65000,category.employer,body_type.awd,body_type.ute"
2d8d6c,BYD ATTO 1,2025,5,82,86,76,79,33.19,40,42.44,49,48.39,63,14.27,18,138.29,170,0.81347059,0.81729909,2023p,0.8674235294117646,170,56.38252941,91.38252941,79.41784376,Aug-25,onwards,Nov-25,onwards,All variants,Battery electric,TRUE,FALSE,0,standard,standard,https://s3.amazonaws.com/cdn.ancap.com.au/app/public/assets/9744eaa1a81b94fa045dda7fef0bbc2229782818/large.png?1763594314,https://www.ancap.com.au/assets/manufacturers/small/byd-ddfb68db4046218b9ee4a3bc429d6824ab6c3b6456aae92a6b61865f2addc89e.png,https://www.ancap.com.au/assets/logos/ratings/star-rating-logo-5-2025-997c7985fb400255a9ba79b38521ba860901a2b17b1167e1fa6249c0cf799600.png,https://api.ancap.com.au/v1/safety-ratings/2d8d6c,https://www.ancap.com.au/safety-ratings/2d8d6c,https://www.ancap.com.au/safety-ratings/byd/atto-1,"category.popular_models,category.family,category.younger_driver,category.older_driver,category.city_driver,category.fleet_manager,category.employer,body_type.hatch,price.under_35000,seats.4_seater"
262acd,Volkswagen Amarok,2022,5,86,93,74,83,32.98,38,46,49,39.96,54,13.39,16,132.33,157,0.84286624,0.850288,2020_2022,0.8668783439490445,157,56.347092356687895,91.34709236,79.31463171606417,Nov-22,onwards,May-23,onwards,All dual cab variants,Petrol / diesel,TRUE,TRUE,3,standard,standard,https://s3.amazonaws.com/cdn.ancap.com.au/app/public/assets/95e7fbf23df73f74acf1de1009019696b3a16fe4/large.png?1681194058,https://www.ancap.com.au/assets/manufacturers/small/volkswagen-478585519095ad1c9ae6459c9b7e8cb60489d4e4d19fb0b3064d1adc665cbf40.png,https://www.ancap.com.au/assets/logos/ratings/star-rating-logo-5-2022-6fb1f080765af2b98c7726db6ea8d07e44609565ad1d219235702f4016f0b6e1.png,https://api.ancap.com.au/v1/safety-ratings/262acd,https://www.ancap.com.au/safety-ratings/262acd,https://www.ancap.com.au/safety-ratings/volkswagen/amarok,"category.popular_models,category.family,category.younger_driver,category.city_driver,category.rural_driver,category.tradesperson,category.fleet_manager,category.employer,body_type.awd,body_type.ute,price.35000_to_65000,price.over_65000,seats.5_seater"
c64170,Nissan Ariya,2022,5,86,89,74,95,32.97,38,43.86,49,40.38,54,15.23,16,132.44,157,0.84356688,0.8660036,2020_2022,0.8668605095541402,157,56.345933121019115,91.34593312101912,79.31125538903646,Jan-24,onwards,Nov-24,onwards,All variants,Battery electric,TRUE,FALSE,0,standard,standard,https://s3.amazonaws.com/cdn.ancap.com.au/app/public/assets/046f01834126cec16a560edde66fa1b9f20b8bd0/large.png?1734482617,https://www.ancap.com.au/assets/manufacturers/small/nissan-a4a6ecc0c23cafd6746078da665055789f03023f671a059bdee3d0dd9a04e68e.png,https://www.ancap.com.au/assets/logos/ratings/star-rating-logo-5-2022-6fb1f080765af2b98c7726db6ea8d07e44609565ad1d219235702f4016f0b6e1.png,https://api.ancap.com.au/v1/safety-ratings/c64170,https://www.ancap.com.au/safety-ratings/c64170,https://www.ancap.com.au/safety-ratings/nissan/ariya,"category.popular_models,category.family,category.older_driver,category.city_driver,category.fleet_manager,category.employer,body_type.suv,body_type.awd,price.35000_to_65000,price.over_65000,seats.5_seater"
d45664,Peugeot 3008,2025,4,82,87,79,65,33.09,40,43,49,50.19,63,11.72,18,138,170,0.81176471,0.79596576,2023p,0.8666988235294119,170,56.33542352941177,91.33542352941177,79.28064572,Apr-24,onwards,Jan-25,onwards,All Australian variants,Hybrid,TRUE,FALSE,2,standard,standard,https://s3.amazonaws.com/cdn.ancap.com.au/app/public/assets/dd952902abea677768386c9e12864c3590e59522/large.png?1753772199,https://www.ancap.com.au/assets/manufacturers/small/peugeot-69f6c7d5d81a3aefad5ffd8da267ad75bc1e48c83f61c682983f5bfc08019f95.png,https://www.ancap.com.au/assets/logos/ratings/star-rating-logo-4-2025-2407a799876b06d177b9d3adc0140b3d6f1be6b1d2be3f369283ab0d9fbcc2e3.png,https://api.ancap.com.au/v1/safety-ratings/d45664,https://www.ancap.com.au/safety-ratings/d45664,https://www.ancap.com.au/safety-ratings/peugeot/3008,"category.family,category.older_driver,category.city_driver,body_type.suv,price.35000_to_65000,seats.5_seater"
b55589,Peugeot 5008,2025,4,82,87,79,65,33.09,40,43,49,50.19,63,11.72,18,138,170,0.81176471,0.79596576,2023p,0.8666988235294119,170,56.33542352941177,91.33542352941177,79.28064572,Sep-24,onwards,Jun-25,onwards,All Australian variants,Hybrid,TRUE,FALSE,2,standard,standard,https://s3.amazonaws.com/cdn.ancap.com.au/app/public/assets/4a937123cbcfd78d7b2d500c28548b402577303c/large.png?1753774495,https://www.ancap.com.au/assets/manufacturers/small/peugeot-69f6c7d5d81a3aefad5ffd8da267ad75bc1e48c83f61c682983f5bfc08019f95.png,https://www.ancap.com.au/assets/logos/ratings/star-rating-logo-4-2025-2407a799876b06d177b9d3adc0140b3d6f1be6b1d2be3f369283ab0d9fbcc2e3.png,https://api.ancap.com.au/v1/safety-ratings/b55589,https://www.ancap.com.au/safety-ratings/b55589,https://www.ancap.com.au/safety-ratings/peugeot/5008,"category.older_driver,category.city_driver,body_type.suv,price.35000_to_65000,price.over_65000,seats.5_seater,seats.7_seater"
af2eec,Cupra Born,2022,5,93,89,73,80,35.47,38,43.81,49,39.91,54,12.83,16,132.02,157,0.84089172,0.86037456,2020_2022,0.8646834394904459,157,56.20442356687899,91.20442356687899,78.89910232543534,Oct-22,onwards,Mar-23,onwards,All variants,Battery electric,TRUE,FALSE,0,standard,standard,https://s3.amazonaws.com/cdn.ancap.com.au/app/public/assets/0dec2039cc15293f24564aaf811b7ed550d8af02/large.png?1679022635,https://www.ancap.com.au/assets/manufacturers/small/cupra-e926087fc1617172f0fe9db3f9b3542cc7757564e94cd5e28be311f65c84783f.png,https://www.ancap.com.au/assets/logos/ratings/star-rating-logo-5-2022-6fb1f080765af2b98c7726db6ea8d07e44609565ad1d219235702f4016f0b6e1.png,https://api.ancap.com.au/v1/safety-ratings/af2eec,https://www.ancap.com.au/safety-ratings/af2eec,https://www.ancap.com.au/safety-ratings/cupra/born,"category.family,category.younger_driver,category.older_driver,category.city_driver,category.fleet_manager,category.employer,category.luxury,body_type.hatch,price.35000_to_65000,seats.5_seater"
08109a,Mitsubishi Triton,2024,5,86,89,73,70,34.64,40,44.03,49,46.51,63,12.75,18,137.93,170,0.81135294,0.81543175,2023p,0.864044706,170,56.162905882352945,91.16290588235294,78.77818017,Nov-23,onwards,Feb-24,onwards,All variants,Petrol / diesel,TRUE,TRUE,5,standard,standard,https://s3.amazonaws.com/cdn.ancap.com.au/app/public/assets/d1072bed65291d8aafbb012b845d6f680fd7fad3/large.png?1712635740,https://www.ancap.com.au/assets/manufacturers/small/mitsubishi-d2ee0d37dbfbbca85d9f978e92f9d14f0d697cea5e5cbd698b61e3bba50a7efc.png,https://www.ancap.com.au/assets/logos/ratings/star-rating-logo-5-2024-c6164fac702658394851ade2462c3593ebea4131b5f9c00875bcc1784ca49bc0.png,https://api.ancap.com.au/v1/safety-ratings/08109a,https://www.ancap.com.au/safety-ratings/08109a,https://www.ancap.com.au/safety-ratings/mitsubishi/triton,"category.popular_models,category.rural_driver,category.tradesperson,category.fleet_manager,category.employer,body_type.awd,body_type.ute,price.35000_to_65000,seats.5_seater,seats.2_seater"
e7a6fe,GWM Ora,2022,5,92,84,74,93,35.29,38,41.59,49,40.02,54,14.94,16,131.84,157,0.83974522,0.87620101,2020_2022,0.8636050955414013,157,56.134331210191085,91.13433121019108,78.69495512336488,Jan-23,onwards,Feb-23,onwards,All variants,Battery electric,TRUE,FALSE,0,standard,standard,https://s3.amazonaws.com/cdn.ancap.com.au/app/public/assets/4a14ccccb11c4d7952398d98b786cd841c9027b8/large.png?1675738372,https://www.ancap.com.au/assets/manufacturers/small/gwm-2a8e624d67ad4cd0510403509f28589d7d0c520f787c872a8ee4f7df3c0ea22e.png,https://www.ancap.com.au/assets/logos/ratings/star-rating-logo-5-2022-6fb1f080765af2b98c7726db6ea8d07e44609565ad1d219235702f4016f0b6e1.png,https://api.ancap.com.au/v1/safety-ratings/e7a6fe,https://www.ancap.com.au/safety-ratings/e7a6fe,https://www.ancap.com.au/safety-ratings/great-wall-motors/ora,"category.younger_driver,category.older_driver,category.city_driver,category.fleet_manager,body_type.hatch,price.35000_to_65000,seats.5_seater"
fcf71f,Volvo C40 Recharge,2022,5,92,89,70,91,35.29,38,43.81,49,37.86,54,14.57,16,131.53,157,0.8377707,0.87263723,2020_2022,0.8632299363057324,157,56.10994585987261,91.10994585987261,78.62393167267412,Jul-22,onwards,Oct-22,onwards,All single and twin motor variants,Battery electric,TRUE,FALSE,0,standard,standard,https://s3.amazonaws.com/cdn.ancap.com.au/app/public/assets/bd82959f37ef141d82d51fc92cf6b56558b27fc0/large.png?1665377251,https://www.ancap.com.au/assets/manufacturers/small/volvo-76755f577091173cc96906ade329dbb87be4b1cf6e69b7ae73561a93f74106cb.png,https://www.ancap.com.au/assets/logos/ratings/star-rating-logo-5-2022-6fb1f080765af2b98c7726db6ea8d07e44609565ad1d219235702f4016f0b6e1.png,https://api.ancap.com.au/v1/safety-ratings/fcf71f,https://www.ancap.com.au/safety-ratings/fcf71f,https://www.ancap.com.au/safety-ratings/volvo/c40-recharge,"category.family,category.older_driver,category.city_driver,category.fleet_manager,category.employer,category.luxury,body_type.suv,body_type.awd,price.over_65000,seats.5_seater"
58f98d,Ford Ranger,2022,5,84,93,74,83,32.24,38,46,49,39.96,54,13.39,16,131.59,157,0.83815287,0.84249852,2020_2022,0.8618923566878982,157,56.02300318471338,91.02300318471339,78.37070714559331,Feb-22,onwards,Jul-22,onwards,All variants exc. Raptor,Petrol / diesel and plug-in hybrid,TRUE,FALSE,5,standard,standard,https://s3.amazonaws.com/cdn.ancap.com.au/app/public/assets/9537ac61fe096f6304ee151dfab8eb63c2e8bc9a/large.png?1660271536,https://www.ancap.com.au/assets/manufacturers/small/ford-265612f017d18e609840ab9cf9c9e3f7dc64d09f179243709455cb0eff8e682c.png,https://www.ancap.com.au/assets/logos/ratings/star-rating-logo-5-2022-6fb1f080765af2b98c7726db6ea8d07e44609565ad1d219235702f4016f0b6e1.png,https://api.ancap.com.au/v1/safety-ratings/58f98d,https://www.ancap.com.au/safety-ratings/58f98d,https://www.ancap.com.au/safety-ratings/ford/ranger,"category.popular_models,category.family,category.city_driver,category.rural_driver,category.tradesperson,category.fleet_manager,category.employer,body_type.awd,body_type.ute,price.35000_to_65000,price.over_65000,seats.2_seater,seats.5_seater"
8a3def,Suzuki e VITARA,2025,4,77,87,79,71,31,40,43,49,50.34,63,12.78,18,137.12,170,0.80658824,0.78731973,2023p,0.861089412,170,55.97081176470589,90.97081176,78.21869724223033,Nov-25,onwards,Mar-26,onwards,All variants,Battery electric,TRUE,FALSE,0,standard,standard,https://s3.amazonaws.com/cdn.ancap.com.au/app/public/assets/6b22f222ca82c293af133d369092ef41c06ec96b/large.png?1774848608,https://www.ancap.com.au/assets/manufacturers/small/suzuki-90e51c6ed276c925b8825fd8ea7790df7977132ea780ca8f2cae9096465eda89.png,https://www.ancap.com.au/assets/logos/ratings/star-rating-logo-4-2025-2407a799876b06d177b9d3adc0140b3d6f1be6b1d2be3f369283ab0d9fbcc2e3.png,https://api.ancap.com.au/v1/safety-ratings/8a3def,https://www.ancap.com.au/safety-ratings/8a3def,https://www.ancap.com.au/safety-ratings/suzuki/e-vitara,"category.family,category.younger_driver,category.older_driver,category.city_driver,body_type.suv,body_type.awd,price.35000_to_65000,seats.5_seater"
64daef,Kia K4,2025,5,85,80,77,77,34.22,40,39.58,49,48.54,63,14.02,18,136.36,170,0.80211765,0.81362404,2023p,0.8583635294117649,170,55.79362941176471,90.79362941176471,77.70264551678673,Sep-24,onwards,Jan-25,onwards,All variants (exc. S without Safety Pack),Petrol / diesel,TRUE,TRUE,0,standard,standard,https://s3.amazonaws.com/cdn.ancap.com.au/app/public/assets/a5cbc83ca3f4352bde2dd2a8dbb37a5922e30137/large.png?1755672960,https://www.ancap.com.au/assets/manufacturers/small/kia-fd32864bb76bbca8aca6303ede71093093674e6316c5e88f399a280769820c90.png,https://www.ancap.com.au/assets/logos/ratings/star-rating-logo-5-2025-997c7985fb400255a9ba79b38521ba860901a2b17b1167e1fa6249c0cf799600.png,https://api.ancap.com.au/v1/safety-ratings/64daef,https://www.ancap.com.au/safety-ratings/64daef,https://www.ancap.com.au/safety-ratings/kia/k4,"category.popular_models,category.family,category.younger_driver,category.older_driver,category.city_driver,category.fleet_manager,body_type.sedan,price.under_35000,price.35000_to_65000,seats.5_seater,category.employer"
7c2065,Hyundai IONIQ 6,2022,5,97,88,66,90,36.96,38,43.41,49,36.02,54,14.49,16,130.88,157,0.83363057,0.88076871,2020_2022,0.8571019108280254,157,55.71162420382166,90.71162420382166,77.46380158931942,Dec-22,onwards,Feb-23,onwards,All variants,Battery electric,TRUE,FALSE,0,standard,standard,https://s3.amazonaws.com/cdn.ancap.com.au/app/public/assets/34f9a9755028bf392f621d18d888a9a00c73d9d8/large.png?1676429703,https://www.ancap.com.au/assets/manufacturers/small/hyundai-fc7aa7616090539d442af372062f91227c79006c33e7aebb9457a87e9fd21f04.png,https://www.ancap.com.au/assets/logos/ratings/star-rating-logo-5-2022-6fb1f080765af2b98c7726db6ea8d07e44609565ad1d219235702f4016f0b6e1.png,https://api.ancap.com.au/v1/safety-ratings/7c2065,https://www.ancap.com.au/safety-ratings/7c2065,https://www.ancap.com.au/safety-ratings/hyundai/ioniq-6,"category.older_driver,category.city_driver,category.fleet_manager,category.employer,category.luxury,body_type.sedan,body_type.awd,price.over_65000,seats.5_seater"
989419,Audi A3,2025,5,86,80,76,75,34.44,40,39.34,49,48.29,63,13.61,18,135.68,170,0.79811765,0.80949524,2023p,0.8544941176470591,170,55.54211764705884,90.54211764705883,76.97010597212387,Jul-25,onwards,Sep-25,onwards,All variants,Petrol / diesel and plug-in hybrid,TRUE,FALSE,3,standard,standard,https://s3.amazonaws.com/cdn.ancap.com.au/app/public/assets/a37a6239e19e2bfa4353bb0b45262366788d4f9d/large.png?1772576804,https://www.ancap.com.au/assets/manufacturers/small/audi-5fe869fc85fa218e107a3e484f7ea94dd48532030980d4fa091ba22e3b46ade6.png,https://www.ancap.com.au/assets/logos/ratings/star-rating-logo-5-2025-997c7985fb400255a9ba79b38521ba860901a2b17b1167e1fa6249c0cf799600.png,https://api.ancap.com.au/v1/safety-ratings/989419,https://www.ancap.com.au/safety-ratings/989419,https://www.ancap.com.au/safety-ratings/audi/a3,"category.popular_models,category.family,category.older_driver,category.city_driver,category.fleet_manager,category.employer,body_type.hatch,body_type.sedan,price.over_65000,price.35000_to_65000,seats.5_seater"
f9ae7f,Kia Niro,2022,5,88,84,76,87,33.71,38,41.62,49,41.44,54,13.98,16,130.75,157,0.83280255,0.85295114,2020_2022,0.8543668789808918,157,55.533847133757966,90.53384713375797,76.94601772299318,Apr-22,onwards,Jun-22,onwards,All variants,"Battery electric, hybrid and plug-in hybrid",TRUE,FALSE,1,standard,standard,https://s3.amazonaws.com/cdn.ancap.com.au/app/public/assets/24ba8bca97a0c3e9ba90285b73f359c2dd4ab025/large.png?1662428852,https://www.ancap.com.au/assets/manufacturers/small/kia-fd32864bb76bbca8aca6303ede71093093674e6316c5e88f399a280769820c90.png,https://www.ancap.com.au/assets/logos/ratings/star-rating-logo-5-2022-6fb1f080765af2b98c7726db6ea8d07e44609565ad1d219235702f4016f0b6e1.png,https://api.ancap.com.au/v1/safety-ratings/f9ae7f,https://www.ancap.com.au/safety-ratings/f9ae7f,https://www.ancap.com.au/safety-ratings/kia/niro,"category.family,category.younger_driver,category.older_driver,category.city_driver,category.fleet_manager,category.employer,body_type.suv,price.35000_to_65000,price.over_65000,seats.5_seater"
b7830d,GWM Haval H6,2022,5,88,88,73,81,33.66,38,43.55,49,39.45,54,13.06,16,129.72,157,0.82624204,0.841432,2020_2022,0.8500738853503185,157,55.25480255,90.25480254777071,76.13328757417176,Feb-21,onwards,Mar-21,onwards,All variants (see Technical Report),"Petrol / diesel, hybrid and plug-in hybrid",TRUE,FALSE,0,standard,standard,https://s3.amazonaws.com/cdn.ancap.com.au/app/public/assets/5897fe8e0d1ddef30adf0be05b35c4dc1d1a6da9/large.png?1647394760,https://www.ancap.com.au/assets/manufacturers/small/gwm-2a8e624d67ad4cd0510403509f28589d7d0c520f787c872a8ee4f7df3c0ea22e.png,https://www.ancap.com.au/assets/logos/ratings/star-rating-logo-5-2022-6fb1f080765af2b98c7726db6ea8d07e44609565ad1d219235702f4016f0b6e1.png,https://api.ancap.com.au/v1/safety-ratings/b7830d,https://www.ancap.com.au/safety-ratings/b7830d,https://www.ancap.com.au/safety-ratings/great-wall-motors/haval-h6,"category.popular_models,category.family,category.city_driver,category.fleet_manager,body_type.suv,body_type.awd,price.under_35000,price.35000_to_65000,seats.5_seater,category.younger_driver,category.older_driver,category.rural_driver,category.employer"
2acd6f,MG ZS,2025,5,81,84,73,79,32.8,40,41.19,49,46.55,63,14.25,18,134.79,170,0.79288235,0.80223356,2023p,0.8465894117647058,170,55.028311764705876,90.02831176470588,75.47362279,Dec-25,onwards,Dec-25,onwards,All variants,Petrol / diesel and hybrid,TRUE,FALSE,2,standard,standard,https://s3.amazonaws.com/cdn.ancap.com.au/app/public/assets/9fa093848a174333387b95e6450341eaea5f9cf1/large.png?1765857791,https://www.ancap.com.au/assets/manufacturers/small/mg-64908a954f2375bfe93427a0a7639fe122f0f3e9a9f2e5e8e32d090836a8b44d.png,https://www.ancap.com.au/assets/logos/ratings/star-rating-logo-5-2025-997c7985fb400255a9ba79b38521ba860901a2b17b1167e1fa6249c0cf799600.png,https://api.ancap.com.au/v1/safety-ratings/2acd6f,https://www.ancap.com.au/safety-ratings/2acd6f,https://www.ancap.com.au/safety-ratings/mg/zs,"category.popular_models,category.family,category.younger_driver,category.older_driver,category.city_driver,category.fleet_manager,category.employer,body_type.suv,seats.5_seater,price.under_35000"
82e130,Hyundai Palisade,2025,5,84,86,71,73,33.9,40,42.57,49,44.97,63,13.27,18,134.71,170,0.79241176,0.80296145,2023p,0.8451682352941178,170,54.935935294117655,89.93593529411766,75.20457208019852,Aug-25,onwards,Oct-25,onwards,All variants,Hybrid,TRUE,FALSE,3,standard,standard,https://s3.amazonaws.com/cdn.ancap.com.au/app/public/assets/1d552279ccd70ae7032bf161a434919c3d04809e/large.png?1765169521,https://www.ancap.com.au/assets/manufacturers/small/hyundai-fc7aa7616090539d442af372062f91227c79006c33e7aebb9457a87e9fd21f04.png,https://www.ancap.com.au/assets/logos/ratings/star-rating-logo-5-2025-997c7985fb400255a9ba79b38521ba860901a2b17b1167e1fa6249c0cf799600.png,https://api.ancap.com.au/v1/safety-ratings/82e130,https://www.ancap.com.au/safety-ratings/82e130,https://www.ancap.com.au/safety-ratings/hyundai/palisade,"category.popular_models,category.family,category.city_driver,category.fleet_manager,category.employer,category.luxury,body_type.suv,body_type.wagon,body_type.awd,price.over_65000,seats.5_seater,seats.7_seater"
6b6fc4,Volkswagen Golf,2022,5,88,87,74,76,33.66,38,42.71,49,39.98,54,12.17,16,128.52,157,0.81859873,0.82884139,2020_2022,0.8450859872611466,157,54.930589171974525,89.93058917197453,75.18900125437645,Nov-22,onwards,Feb-23,onwards,All variants (see Technical Report),Petrol / diesel and plug-in hybrid,TRUE,FALSE,6,standard,standard,https://s3.amazonaws.com/cdn.ancap.com.au/app/public/assets/cfb05ef0a526ea82e7fb2e9419e1046dd565f201/large.png?1693284516,https://www.ancap.com.au/assets/manufacturers/small/volkswagen-478585519095ad1c9ae6459c9b7e8cb60489d4e4d19fb0b3064d1adc665cbf40.png,https://www.ancap.com.au/assets/logos/ratings/star-rating-logo-5-2022-6fb1f080765af2b98c7726db6ea8d07e44609565ad1d219235702f4016f0b6e1.png,https://api.ancap.com.au/v1/safety-ratings/6b6fc4,https://www.ancap.com.au/safety-ratings/6b6fc4,https://www.ancap.com.au/safety-ratings/volkswagen/golf,"category.popular_models,category.family,category.younger_driver,category.older_driver,category.city_driver,category.fleet_manager,category.employer,body_type.hatch,body_type.wagon,body_type.awd,price.35000_to_65000,price.over_65000,seats.5_seater"
9674a9,Peugeot 408,2022,4,79,86,78,82,30.09,38,42.2,49,42.19,54,13.27,16,127.75,157,0.81369427,0.811116,2020_2022,0.8401630573248409,157,54.61059872611466,89.61059872611466,74.25701441161078,Jun-23,onwards,Aug-23,onwards,All variants,Hybrid and plug-in hybrid,TRUE,FALSE,0,standard,standard,https://s3.amazonaws.com/cdn.ancap.com.au/app/public/assets/c4ef8e1a6ea0d544e4d7742ff5c552009356ccd4/large.png?1754018787,https://www.ancap.com.au/assets/manufacturers/small/peugeot-69f6c7d5d81a3aefad5ffd8da267ad75bc1e48c83f61c682983f5bfc08019f95.png,https://www.ancap.com.au/assets/logos/ratings/star-rating-logo-4-2022-57a3a773fe768b692350ba59cf396c193021d6666c9fc3dd4e0eafaa8caf980c.png,https://api.ancap.com.au/v1/safety-ratings/9674a9,https://www.ancap.com.au/safety-ratings/9674a9,https://www.ancap.com.au/safety-ratings/peugeot/408,"category.family,category.older_driver,category.city_driver,body_type.hatch,price.35000_to_65000,seats.5_seater"
c0a254,Volkswagen Multivan,2022,5,90,88,69,79,34.23,38,43.36,49,37.32,54,12.65,16,127.56,157,0.81248408,0.8336426,2020_2022,0.8386114649681529,157,54.509745222929936,89.50974522292994,73.96327396019697,Jan-22,onwards,May-22,onwards,All variants,Petrol / diesel and plug-in hybrid,TRUE,FALSE,0,standard,standard,https://s3.amazonaws.com/cdn.ancap.com.au/app/public/assets/7bf13597c3e68b6f4289b809c2d16694a953a6fe/large.png?1653450874,https://www.ancap.com.au/assets/manufacturers/small/volkswagen-478585519095ad1c9ae6459c9b7e8cb60489d4e4d19fb0b3064d1adc665cbf40.png,https://www.ancap.com.au/assets/logos/ratings/star-rating-logo-5-2022-6fb1f080765af2b98c7726db6ea8d07e44609565ad1d219235702f4016f0b6e1.png,https://api.ancap.com.au/v1/safety-ratings/c0a254,https://www.ancap.com.au/safety-ratings/c0a254,https://www.ancap.com.au/safety-ratings/volkswagen/multivan,"category.family,category.fleet_manager,category.employer,price.over_65000,seats.7_seater,seats.5_seater,category.city_driver,body_type.van"
1304d2,MG 4 Electric,2022,5,83,86,75,81,31.64,38,42.35,49,40.63,54,12.98,16,127.6,157,0.81273885,0.81864126,2020_2022,0.8383337579617834,157,54.491694267515925,89.49169426751592,73.91069972505066,Mar-23,onwards,Aug-23,onwards,2WD variants,Battery electric,TRUE,FALSE,0,standard,standard,https://s3.amazonaws.com/cdn.ancap.com.au/app/public/assets/b003abefd4521b964f57b63a4627731fc704de22/large.png?1690941221,https://www.ancap.com.au/assets/manufacturers/small/mg-64908a954f2375bfe93427a0a7639fe122f0f3e9a9f2e5e8e32d090836a8b44d.png,https://www.ancap.com.au/assets/logos/ratings/star-rating-logo-5-2022-6fb1f080765af2b98c7726db6ea8d07e44609565ad1d219235702f4016f0b6e1.png,https://api.ancap.com.au/v1/safety-ratings/1304d2,https://www.ancap.com.au/safety-ratings/1304d2,https://www.ancap.com.au/safety-ratings/mg/4-electric,"category.family,category.younger_driver,category.older_driver,category.city_driver,category.fleet_manager,category.employer,body_type.hatch,price.35000_to_65000,seats.5_seater"
064aad,Land Rover Discovery Sport,2022,5,85,88,71,83,32.31,38,43.22,49,38.66,54,13.31,16,127.5,157,0.81210191,0.82607361,2020_2022,0.8375808917197453,157,54.44275796178344,89.44275796178344,73.76817049123659,Feb-22,onwards,Apr-22,onwards,All variants excluding PHEV,Petrol / diesel,TRUE,TRUE,1,standard,standard,https://s3.amazonaws.com/cdn.ancap.com.au/app/public/assets/2acd75756f0a2b472112c8f68e36bae0d1268fcc/large.png?1684895328,https://www.ancap.com.au/assets/manufacturers/small/land-rover-b26939dafc7b723b232cb55af78b9a0b4b1fd61233ff8b46cc0dfb5a83c9d1a4.png,https://www.ancap.com.au/assets/logos/ratings/star-rating-logo-5-2022-6fb1f080765af2b98c7726db6ea8d07e44609565ad1d219235702f4016f0b6e1.png,https://api.ancap.com.au/v1/safety-ratings/064aad,https://www.ancap.com.au/safety-ratings/064aad,https://www.ancap.com.au/safety-ratings/land-rover/discovery-sport,"category.family,category.older_driver,category.city_driver,category.rural_driver,category.fleet_manager,category.luxury,body_type.suv,body_type.awd,price.over_65000,seats.7_seater,seats.5_seater"
d9fa82,Isuzu D-Max,2022,5,86,89,69,84,33,38,44,49,37.63,54,13.49,16,128.12,157,0.81605096,0.83495563,2020_2022,0.8372044585987262,157,54.41828981,89.41828981,73.69690587432953,Jul-22,onwards,Sep-22,onwards,All variants exc. Blade,Petrol / diesel,TRUE,TRUE,7,standard,standard,https://s3.amazonaws.com/cdn.ancap.com.au/app/public/assets/5b5d97e4fb80c4f175eb9880ef86380dc1cb10cf/large.png?1670286959,https://www.ancap.com.au/assets/manufacturers/small/isuzu-c64dd8df7f5d9c191c75fd3b79db54fdbc5be939055a2d9636ad0cc99d8aef3d.png,https://www.ancap.com.au/assets/logos/ratings/star-rating-logo-5-2022-6fb1f080765af2b98c7726db6ea8d07e44609565ad1d219235702f4016f0b6e1.png,https://api.ancap.com.au/v1/safety-ratings/d9fa82,https://www.ancap.com.au/safety-ratings/d9fa82,https://www.ancap.com.au/safety-ratings/isuzu/d-max,"category.popular_models,category.family,category.rural_driver,category.tradesperson,category.fleet_manager,category.employer,body_type.awd,body_type.ute,price.over_65000,seats.5_seater"
edbc90,Land Rover Range Rover,2022,5,84,86,72,84,32.12,38,42.2,49,39.13,54,13.54,16,126.99,157,0.8088535,0.82452609,2020_2022,0.8333057324840765,157,54.16487261146497,89.16487261146497,72.95881666944292,Aug-21,onwards,Oct-21,onwards,All variants,Petrol / diesel and plug-in hybrid,TRUE,FALSE,2,standard,standard,https://s3.amazonaws.com/cdn.ancap.com.au/app/public/assets/96271a612bb3d73b05c720fdc86a7fe3b564291f/large.png?1668554879,https://www.ancap.com.au/assets/manufacturers/small/land-rover-b26939dafc7b723b232cb55af78b9a0b4b1fd61233ff8b46cc0dfb5a83c9d1a4.png,https://www.ancap.com.au/assets/logos/ratings/star-rating-logo-5-2022-6fb1f080765af2b98c7726db6ea8d07e44609565ad1d219235702f4016f0b6e1.png,https://api.ancap.com.au/v1/safety-ratings/edbc90,https://www.ancap.com.au/safety-ratings/edbc90,https://www.ancap.com.au/safety-ratings/land-rover/range-rover,"category.family,category.older_driver,category.city_driver,category.rural_driver,body_type.suv,body_type.awd,price.over_65000,seats.7_seater,seats.5_seater"
841031,Mitsubishi ASX,2024,4,76,83,76,70,30.61,40,40.84,49,48.35,63,12.7,18,132.5,170,0.77941176,0.76739705,2023p,0.8330011764705884,170,54.14507647058824,89.14507647058824,72.90115950163258,Jun-25,onwards,Oct-25,onwards,All variants,Petrol / diesel,TRUE,TRUE,3,standard,standard,https://s3.amazonaws.com/cdn.ancap.com.au/app/public/assets/5ab3c67457c02831123f8ed13ac7a46c88b36d30/large.png?1765162810,https://www.ancap.com.au/assets/manufacturers/small/mitsubishi-d2ee0d37dbfbbca85d9f978e92f9d14f0d697cea5e5cbd698b61e3bba50a7efc.png,https://www.ancap.com.au/assets/logos/ratings/star-rating-logo-4-2024-7d88bcda2480cc653abe9d50a49afb9937d3bb837df0ec1ce16dfdfcabe749d3.png,https://api.ancap.com.au/v1/safety-ratings/841031,https://www.ancap.com.au/safety-ratings/841031,https://www.ancap.com.au/safety-ratings/mitsubishi/asx,"category.popular_models,category.family,category.younger_driver,category.older_driver,category.city_driver,body_type.suv,price.35000_to_65000,seats.5_seater"
e18ca2,Chery C5,2022,5,87,88,68,83,33.42,38,43.32,49,36.96,54,13.36,16,127.06,157,0.80929936,0.83249469,2020_2022,0.8318356687898089,157,54.069318471337574,89.06931847133757,72.68051085587021,Mar-25,onwards,May-25,onwards,Petrol & battery electric variants,Petrol / diesel and battery electric,TRUE,FALSE,0,standard,standard,https://s3.amazonaws.com/cdn.ancap.com.au/app/public/assets/4bfe7af46322ee512880f420de519c640537e95e/large.png?1756773818,https://www.ancap.com.au/assets/manufacturers/small/chery-891080fd9f9fe853a1fe1dd6f739d980769db88adfbd750347794fcf60cb80b7.png,https://www.ancap.com.au/assets/logos/ratings/star-rating-logo-5-2022-6fb1f080765af2b98c7726db6ea8d07e44609565ad1d219235702f4016f0b6e1.png,https://api.ancap.com.au/v1/safety-ratings/e18ca2,https://www.ancap.com.au/safety-ratings/e18ca2,https://www.ancap.com.au/safety-ratings/chery/c5-c742b28b-a5ca-4b0d-b1d8-8ebacea02bbc,"category.family,category.younger_driver,category.older_driver,category.city_driver,category.fleet_manager,body_type.suv,price.under_35000,price.35000_to_65000,seats.5_seater"
632e46,Omoda C5,2022,5,87,88,68,83,33.42,38,43.32,49,36.96,54,13.36,16,127.06,157,0.80929936,0.83249469,2020_2022,0.8318356687898089,157,54.069318471337574,89.06931847133757,72.68051085587021,Feb-24,onwards,Apr-24,onwards,Petrol & battery electric variants,Petrol / diesel and battery electric,TRUE,FALSE,0,standard,standard,https://s3.amazonaws.com/cdn.ancap.com.au/app/public/assets/2abaf23938178a7cc4c83ce5ebe1fa090c7f477b/large.png?1734411431,https://www.ancap.com.au/assets/manufacturers/small/omoda-4f8a74dabc205e0f9f28945f487c210da9a7854aa09fd8225d859fbe82003f3b.png,https://www.ancap.com.au/assets/logos/ratings/star-rating-logo-5-2022-6fb1f080765af2b98c7726db6ea8d07e44609565ad1d219235702f4016f0b6e1.png,https://api.ancap.com.au/v1/safety-ratings/632e46,https://www.ancap.com.au/safety-ratings/632e46,https://www.ancap.com.au/safety-ratings/omoda/c5-009fb6c6-accf-4473-bd4b-f93044e7b8ca,"category.family,category.younger_driver,category.older_driver,category.city_driver,category.fleet_manager,body_type.suv,price.under_35000,price.35000_to_65000,seats.5_seater"
b8a56a,Chery Omoda 5,2022,5,87,88,68,83,33.42,38,43.32,49,36.96,54,13.36,16,127.06,157,0.80929936,0.83249469,2020_2022,0.8318356687898089,157,54.069318471337574,89.06931847133757,72.68051085587021,Jan-23,Mar-25,Mar-23,Apr-25,Petrol & battery electric variants,Petrol / diesel and battery electric,FALSE,FALSE,0,standard,standard,https://s3.amazonaws.com/cdn.ancap.com.au/app/public/assets/49f22bfc6e16c0f91056f90e9633e4bfcce53796/large.png?1679286638,https://www.ancap.com.au/assets/manufacturers/small/chery-891080fd9f9fe853a1fe1dd6f739d980769db88adfbd750347794fcf60cb80b7.png,https://www.ancap.com.au/assets/logos/ratings/star-rating-logo-5-2022-6fb1f080765af2b98c7726db6ea8d07e44609565ad1d219235702f4016f0b6e1.png,https://api.ancap.com.au/v1/safety-ratings/b8a56a,https://www.ancap.com.au/safety-ratings/b8a56a,https://www.ancap.com.au/safety-ratings/chery/omoda-5,"category.family,category.younger_driver,category.older_driver,category.city_driver,category.fleet_manager,body_type.suv,price.under_35000,price.35000_to_65000,seats.5_seater,category.popular_models"
67243d,MG ZS,2024,4,75,84,73,79,30.3,40,41.19,49,46.55,63,14.25,18,132.29,170,0.77817647,0.77723356,2023p,0.8316247058823528,170,54.055605882352936,89.05560588235294,72.64057231183153,Sep-24,Nov-25,Nov-24,Nov-25,Hybrid variants,Hybrid,FALSE,FALSE,0,standard,standard,https://s3.amazonaws.com/cdn.ancap.com.au/app/public/assets/d88de91bb063ef8c7d957096e9338fbf24cb27dd/large.png?1733311603,https://www.ancap.com.au/assets/manufacturers/small/mg-64908a954f2375bfe93427a0a7639fe122f0f3e9a9f2e5e8e32d090836a8b44d.png,https://www.ancap.com.au/assets/logos/ratings/star-rating-logo-4-2024-7d88bcda2480cc653abe9d50a49afb9937d3bb837df0ec1ce16dfdfcabe749d3.png,https://api.ancap.com.au/v1/safety-ratings/67243d,https://www.ancap.com.au/safety-ratings/67243d,https://www.ancap.com.au/safety-ratings/mg/zs,"category.popular_models,category.family,category.younger_driver,category.older_driver,category.city_driver,body_type.suv,price.under_35000,price.35000_to_65000,seats.5_seater"
d7c175,Mazda BT-50,2022,5,86,89,67,84,33,38,44,49,36.62,54,13.49,16,127.11,157,0.80961783,0.83121489,2020_2022,0.8300503184713376,157,53.95327070063694,88.95327070063695,72.3425164,Jul-22,onwards,Aug-22,onwards,All variants exc. Thunder & XTR LE,Petrol / diesel,TRUE,TRUE,4,standard,standard,https://s3.amazonaws.com/cdn.ancap.com.au/app/public/assets/ce51bd9554ed9e3ba755def2cdd8d743d07090f9/large.png?1670291104,https://www.ancap.com.au/assets/manufacturers/small/mazda-e63ddf99d8c5754c28a3ba95351206260ccae7a227fafe4248fe00cc4b4e345e.png,https://www.ancap.com.au/assets/logos/ratings/star-rating-logo-5-2022-6fb1f080765af2b98c7726db6ea8d07e44609565ad1d219235702f4016f0b6e1.png,https://api.ancap.com.au/v1/safety-ratings/d7c175,https://www.ancap.com.au/safety-ratings/d7c175,https://www.ancap.com.au/safety-ratings/mazda/bt-50,"category.popular_models,category.family,category.rural_driver,category.tradesperson,category.fleet_manager,category.employer,body_type.awd,body_type.ute,price.35000_to_65000,price.over_65000"
e5634a,BYD ATTO 3,2022,5,91,84,69,80,34.68,38,41.62,49,37.54,54,12.89,16,126.73,157,0.80719745,0.83509222,2020_2022,0.8293159235668791,157,53.905535031847144,88.90553503184714,72.20348408009318,May-22,onwards,Jul-22,onwards,All Australian variants,Battery electric,TRUE,FALSE,0,standard,standard,https://s3.amazonaws.com/cdn.ancap.com.au/app/public/assets/26da87aa74aef117c9fa0456b53c280abf5119f4/large.png?1668661466,https://www.ancap.com.au/assets/manufacturers/small/byd-ddfb68db4046218b9ee4a3bc429d6824ab6c3b6456aae92a6b61865f2addc89e.png,https://www.ancap.com.au/assets/logos/ratings/star-rating-logo-5-2022-6fb1f080765af2b98c7726db6ea8d07e44609565ad1d219235702f4016f0b6e1.png,https://api.ancap.com.au/v1/safety-ratings/e5634a,https://www.ancap.com.au/safety-ratings/e5634a,https://www.ancap.com.au/safety-ratings/byd/atto-3,"category.popular_models,category.family,category.younger_driver,category.older_driver,category.city_driver,category.fleet_manager,category.employer,body_type.suv,price.35000_to_65000,seats.5_seater"
c500d0,BYD ATTO 3,2022,5,91,84,69,80,34.68,38,41.62,49,37.54,54,12.89,16,126.73,157,0.80719745,0.83509222,2020_2022,0.8293159235668791,157,53.905535031847144,88.90553503184714,72.20348408009318,May-22,onwards,Jul-22,onwards,All New Zealand variants,Battery electric,TRUE,FALSE,0,standard,standard,https://s3.amazonaws.com/cdn.ancap.com.au/app/public/assets/8c045e834d9042b90218ab9fe2d4d48c7b61d7f0/large.png?1665559212,https://www.ancap.com.au/assets/manufacturers/small/byd-ddfb68db4046218b9ee4a3bc429d6824ab6c3b6456aae92a6b61865f2addc89e.png,https://www.ancap.com.au/assets/logos/ratings/star-rating-logo-5-2022-6fb1f080765af2b98c7726db6ea8d07e44609565ad1d219235702f4016f0b6e1.png,https://api.ancap.com.au/v1/safety-ratings/c500d0,https://www.ancap.com.au/safety-ratings/c500d0,https://www.ancap.com.au/safety-ratings/byd/atto-3,"category.popular_models,category.family,category.younger_driver,category.older_driver,category.city_driver,category.fleet_manager,category.employer,body_type.suv,price.35000_to_65000,seats.5_seater"
f402d7,Genesis GV60,2022,5,89,89,63,88,34.09,38,43.62,49,34.22,54,14.22,16,126.15,157,0.80350318,0.84137366,2020_2022,0.8275012738853503,157,53.787582802547774,88.78758280254777,71.85994280502015,May-22,onwards,Sep-22,onwards,All variants,Battery electric,TRUE,FALSE,0,standard,standard,https://s3.amazonaws.com/cdn.ancap.com.au/app/public/assets/d3ae0290974cb421ce0ab706b38d86f4c11e7336/large.png?1662436261,https://www.ancap.com.au/assets/manufacturers/small/genesis-c6fc949d9077c39baad396603ced675231d33703137b01367093d799b11a23b7.png,https://www.ancap.com.au/assets/logos/ratings/star-rating-logo-5-2022-6fb1f080765af2b98c7726db6ea8d07e44609565ad1d219235702f4016f0b6e1.png,https://api.ancap.com.au/v1/safety-ratings/f402d7,https://www.ancap.com.au/safety-ratings/f402d7,https://www.ancap.com.au/safety-ratings/genesis/gv60,"category.family,category.older_driver,category.city_driver,category.employer,category.luxury,body_type.suv,body_type.awd,price.over_65000,seats.5_seater,category.younger_driver,category.fleet_manager"
2e375e,Kia K4,2025,4,85,80,73,64,34.22,40,39.58,49,46.54,63,11.58,18,131.92,170,0.776,0.78016372,2023p,0.8271917647058824,170,53.767464705882354,88.76746470588236,71.80134792621598,Sep-24,onwards,Jan-25,onwards,S without Safety Pack,Petrol / diesel,TRUE,TRUE,0,standard,standard,https://s3.amazonaws.com/cdn.ancap.com.au/app/public/assets/96aa37dd7ec55064788c242e5431aa3e20d553c7/large.png?1755736268,https://www.ancap.com.au/assets/manufacturers/small/kia-fd32864bb76bbca8aca6303ede71093093674e6316c5e88f399a280769820c90.png,https://www.ancap.com.au/assets/logos/ratings/star-rating-logo-4-2025-2407a799876b06d177b9d3adc0140b3d6f1be6b1d2be3f369283ab0d9fbcc2e3.png,https://api.ancap.com.au/v1/safety-ratings/2e375e,https://www.ancap.com.au/safety-ratings/2e375e,https://www.ancap.com.au/safety-ratings/kia/k4,"category.popular_models,category.family,category.younger_driver,category.older_driver,category.city_driver,body_type.sedan,price.under_35000,seats.5_seater"
1d4e4f,Kia EV6,2022,5,90,87,64,88,34.48,38,42.96,49,35.08,54,14.17,16,126.69,157,0.80694268,0.84534523,2020_2022,0.8271420382165605,157,53.76423248407643,88.76423248407643,71.79193393203272,Dec-21,onwards,Feb-22,onwards,All variants exc. GT,Battery electric,TRUE,FALSE,0,standard,standard,https://s3.amazonaws.com/cdn.ancap.com.au/app/public/assets/ad68779bb316c00a3d945b57d8ab177a83de6cc5/large.png?1653197739,https://www.ancap.com.au/assets/manufacturers/small/kia-fd32864bb76bbca8aca6303ede71093093674e6316c5e88f399a280769820c90.png,https://www.ancap.com.au/assets/logos/ratings/star-rating-logo-5-2022-6fb1f080765af2b98c7726db6ea8d07e44609565ad1d219235702f4016f0b6e1.png,https://api.ancap.com.au/v1/safety-ratings/1d4e4f,https://www.ancap.com.au/safety-ratings/1d4e4f,https://www.ancap.com.au/safety-ratings/kia/ev6,"category.family,category.city_driver,category.fleet_manager,body_type.suv,body_type.awd,price.over_65000,seats.5_seater,category.younger_driver,category.older_driver,category.luxury,category.employer"
aefaf7,Land Rover Range Rover Sport,2022,5,85,86,69,84,32.44,38,42.6,49,37.5,54,13.54,16,126.08,157,0.80305732,0.82349012,2020_2022,0.825067516,157,53.62938853503185,88.62938853503185,71.39919474884114,May-22,onwards,Nov-22,onwards,All variants,Petrol / diesel and plug-in hybrid,TRUE,FALSE,0,standard,standard,https://s3.amazonaws.com/cdn.ancap.com.au/app/public/assets/c38d259669311e905675f558ad1d9c586d8ee04e/large.png?1668555837,https://www.ancap.com.au/assets/manufacturers/small/land-rover-b26939dafc7b723b232cb55af78b9a0b4b1fd61233ff8b46cc0dfb5a83c9d1a4.png,https://www.ancap.com.au/assets/logos/ratings/star-rating-logo-5-2022-6fb1f080765af2b98c7726db6ea8d07e44609565ad1d219235702f4016f0b6e1.png,https://api.ancap.com.au/v1/safety-ratings/aefaf7,https://www.ancap.com.au/safety-ratings/aefaf7,https://www.ancap.com.au/safety-ratings/land-rover/range-rover-sport,"category.family,category.older_driver,category.city_driver,category.luxury,body_type.suv,body_type.awd,price.over_65000,seats.5_seater"
2f75e8,Isuzu MU-X,2022,5,86,85,69,84,33,38,41.99,49,37.63,54,13.49,16,126.11,157,0.80324841,0.82675155,2020_2022,0.8243458598726116,157,53.582480891719754,88.58248089171975,71.26257408732563,Jul-22,onwards,Sep-22,onwards,All variants,Petrol / diesel,TRUE,TRUE,3,standard,standard,https://s3.amazonaws.com/cdn.ancap.com.au/app/public/assets/6aba53b6250e4d694a55970900f759620236a1db/large.png?1670289494,https://www.ancap.com.au/assets/manufacturers/small/isuzu-c64dd8df7f5d9c191c75fd3b79db54fdbc5be939055a2d9636ad0cc99d8aef3d.png,https://www.ancap.com.au/assets/logos/ratings/star-rating-logo-5-2022-6fb1f080765af2b98c7726db6ea8d07e44609565ad1d219235702f4016f0b6e1.png,https://api.ancap.com.au/v1/safety-ratings/2f75e8,https://www.ancap.com.au/safety-ratings/2f75e8,https://www.ancap.com.au/safety-ratings/isuzu/mu-x,"category.popular_models,category.family,category.rural_driver,category.fleet_manager,category.employer,body_type.suv,body_type.awd,price.35000_to_65000,price.over_65000,seats.7_seater,seats.5_seater"
659b96,Citroen C5 X,2022,5,82,88,69,84,31.21,38,43.27,49,37.77,54,13.52,16,125.77,157,0.8010828,0.81402745,2020_2022,0.8240178343949045,157,53.56115923566879,88.56115923566878,71.20047378663672,Jun-22,Oct-24,Oct-22,Oct-24,All variants,Petrol / diesel,FALSE,TRUE,0,standard,standard,https://s3.amazonaws.com/cdn.ancap.com.au/app/public/assets/8b1e83ed99f1a6448138733cc68dd7f8145be3b6/large.png?1675732157,https://www.ancap.com.au/assets/manufacturers/small/citroen-402c415c17af0fcd3ad7c134e93887809e04f60e38f62d9ca082e533053ffc9d.png,https://www.ancap.com.au/assets/logos/ratings/star-rating-logo-5-2022-6fb1f080765af2b98c7726db6ea8d07e44609565ad1d219235702f4016f0b6e1.png,https://api.ancap.com.au/v1/safety-ratings/659b96,https://www.ancap.com.au/safety-ratings/659b96,https://www.ancap.com.au/safety-ratings/citroen/c5-x,"category.family,category.older_driver,category.city_driver,category.employer,body_type.hatch,price.35000_to_65000,seats.5_seater"
fa1e86,MG 3,2025,4,74,75,81,70,29.73,40,37.16,49,51.3,63,12.64,18,130.83,170,0.76958824,0.75227506,2023p,0.8239529411764706,170,53.55694117647059,88.55694117647059,71.1881885,Apr-25,onwards,May-25,onwards,All variants (see Technical Report),Petrol / diesel and hybrid,TRUE,FALSE,2,standard,standard,https://s3.amazonaws.com/cdn.ancap.com.au/app/public/assets/82f4fb25bda006e68bdb8ef87358060e9ca6f4e3/large.png?1757297603,https://www.ancap.com.au/assets/manufacturers/small/mg-64908a954f2375bfe93427a0a7639fe122f0f3e9a9f2e5e8e32d090836a8b44d.png,https://www.ancap.com.au/assets/logos/ratings/star-rating-logo-4-2025-2407a799876b06d177b9d3adc0140b3d6f1be6b1d2be3f369283ab0d9fbcc2e3.png,https://api.ancap.com.au/v1/safety-ratings/fa1e86,https://www.ancap.com.au/safety-ratings/fa1e86,https://www.ancap.com.au/safety-ratings/mg/3-124a6356-9c4d-4b19-bdac-1cb66738eb8d,"category.popular_models,category.family,category.younger_driver,category.older_driver,category.city_driver,body_type.hatch,price.under_35000,seats.5_seater"
c43ce7,BMW i4,2022,4,87,89,71,62,33.3,38,43.62,49,38.66,54,10.07,16,125.65,157,0.80031847,0.79762732,2020_2022,0.8233101910828026,157,53.51516242038217,88.51516242038217,71.06650595350015,Nov-21,onwards,Mar-22,onwards,All variants,Battery electric,TRUE,FALSE,0,standard,standard,https://s3.amazonaws.com/cdn.ancap.com.au/app/public/assets/f199e54c9ecc02a6066a95138eea3f545374dffa/large.png?1675733032,https://www.ancap.com.au/assets/manufacturers/small/bmw-d0733f7f1eb33160445ec15f25cf2baf31414224842ba14487d0b69422c0d924.png,https://www.ancap.com.au/assets/logos/ratings/star-rating-logo-4-2022-57a3a773fe768b692350ba59cf396c193021d6666c9fc3dd4e0eafaa8caf980c.png,https://api.ancap.com.au/v1/safety-ratings/c43ce7,https://www.ancap.com.au/safety-ratings/c43ce7,https://www.ancap.com.au/safety-ratings/bmw/i4,"category.older_driver,category.city_driver,category.employer,body_type.sedan,body_type.awd,price.over_65000,seats.5_seater"
016ae7,GWM Haval Jolion,2022,5,90,84,64,92,34.53,38,41.18,49,35.05,54,14.87,16,125.63,157,0.80019108,0.84724513,2020_2022,0.8217783439490447,157,53.41559236,88.41559235668791,70.77650357843854,Dec-20,onwards,May-21,onwards,All variants,Petrol / diesel and hybrid,TRUE,FALSE,0,standard,standard,https://s3.amazonaws.com/cdn.ancap.com.au/app/public/assets/a795b3ae1aee3fbda30b1034633335dfbccd47b3/large.png?1663217616,https://www.ancap.com.au/assets/manufacturers/small/gwm-2a8e624d67ad4cd0510403509f28589d7d0c520f787c872a8ee4f7df3c0ea22e.png,https://www.ancap.com.au/assets/logos/ratings/star-rating-logo-5-2022-6fb1f080765af2b98c7726db6ea8d07e44609565ad1d219235702f4016f0b6e1.png,https://api.ancap.com.au/v1/safety-ratings/016ae7,https://www.ancap.com.au/safety-ratings/016ae7,https://www.ancap.com.au/safety-ratings/great-wall-motors/haval-jolion,"category.popular_models,category.family,category.younger_driver,category.older_driver,category.city_driver,category.fleet_manager,category.employer,body_type.suv,price.under_35000,seats.5_seater,price.35000_to_65000"
6d3f50,Nissan Qashqai,2025,4,78,91,68,62,31.39,40,44.78,49,43.29,63,11.33,18,130.79,170,0.76935294,0.75999297,2023p,0.8206717647058824,170,53.34366470588236,88.34366470588236,70.56701099811579,Nov-25,onwards,Mar-26,onwards,All variants,Hybrid,TRUE,FALSE,3,standard,standard,https://s3.amazonaws.com/cdn.ancap.com.au/app/public/assets/cac9636450c8628b72bffafb68736affb5a8c8af/large.png?1775002402,https://www.ancap.com.au/assets/manufacturers/small/nissan-a4a6ecc0c23cafd6746078da665055789f03023f671a059bdee3d0dd9a04e68e.png,https://www.ancap.com.au/assets/logos/ratings/star-rating-logo-4-2025-2407a799876b06d177b9d3adc0140b3d6f1be6b1d2be3f369283ab0d9fbcc2e3.png,https://api.ancap.com.au/v1/safety-ratings/6d3f50,https://www.ancap.com.au/safety-ratings/6d3f50,https://www.ancap.com.au/safety-ratings/nissan/qashqai,"category.popular_models,category.family,category.younger_driver,category.older_driver,category.city_driver,body_type.suv,price.35000_to_65000,seats.5_seater"
440690,Alfa Romeo Tonale,2022,5,84,87,67,85,32.15,38,42.88,49,36.23,54,13.62,16,124.88,157,0.79541401,0.81787665,2020_2022,0.8197050955414014,157,53.28083121019109,88.28083121019108,70.38400556146318,Sep-22,onwards,Feb-23,onwards,See ANCAP Safety Report,Hybrid,TRUE,FALSE,0,standard,standard,https://s3.amazonaws.com/cdn.ancap.com.au/app/public/assets/04f640ad63747d9f2a20649e2c88a95455292863/large.png?1675660859,https://www.ancap.com.au/assets/manufacturers/small/alfa-romeo-2d59ce8bd56e2b08cfef8b7a766bef74b454e2fc89acb0486de3ea0c1ab7a2db.png,https://www.ancap.com.au/assets/logos/ratings/star-rating-logo-5-2022-6fb1f080765af2b98c7726db6ea8d07e44609565ad1d219235702f4016f0b6e1.png,https://api.ancap.com.au/v1/safety-ratings/440690,https://www.ancap.com.au/safety-ratings/440690,https://www.ancap.com.au/safety-ratings/alfa-romeo/tonale,"category.older_driver,category.city_driver,category.employer,category.luxury,body_type.suv,price.35000_to_65000,seats.5_seater"
703f7c,Volkswagen Polo,2022,5,94,80,70,70,35.88,38,39.5,49,37.97,54,11.36,16,124.71,157,0.79433121,0.82153833,2020_2022,0.8168127388535031,157,53.09282803,88.09282803,69.83643766742786,Feb-22,onwards,May-22,onwards,All Australian variants,Petrol / diesel,TRUE,TRUE,5,standard,standard,https://s3.amazonaws.com/cdn.ancap.com.au/app/public/assets/117d45cbb38fa674d4457e181313341b2a706bbc/large.png?1651019621,https://www.ancap.com.au/assets/manufacturers/small/volkswagen-478585519095ad1c9ae6459c9b7e8cb60489d4e4d19fb0b3064d1adc665cbf40.png,https://www.ancap.com.au/assets/logos/ratings/star-rating-logo-5-2022-6fb1f080765af2b98c7726db6ea8d07e44609565ad1d219235702f4016f0b6e1.png,https://api.ancap.com.au/v1/safety-ratings/703f7c,https://www.ancap.com.au/safety-ratings/703f7c,https://www.ancap.com.au/safety-ratings/volkswagen/polo,"category.family,category.younger_driver,category.older_driver,category.city_driver,body_type.hatch,price.under_35000,seats.5_seater,category.fleet_manager,category.employer,price.35000_to_65000"
fa7689,Volkswagen ID. Buzz,2022,5,92,89,60,81,35.25,38,44,49,32.91,54,13.06,16,125.22,157,0.79757962,0.83578336,2020_2022,0.8167585987261147,157,53.08930891719746,88.08930891719746,69.82618810323652,Apr-25,onwards,Jan-25,onwards,Short wheel base variants,Battery electric,TRUE,FALSE,0,standard,standard,https://s3.amazonaws.com/cdn.ancap.com.au/app/public/assets/c1fd5567eef6e587a5e325c6a96973b7246579e6/large.png?1766117054,https://www.ancap.com.au/assets/manufacturers/small/volkswagen-478585519095ad1c9ae6459c9b7e8cb60489d4e4d19fb0b3064d1adc665cbf40.png,https://www.ancap.com.au/assets/logos/ratings/star-rating-logo-5-2022-6fb1f080765af2b98c7726db6ea8d07e44609565ad1d219235702f4016f0b6e1.png,https://api.ancap.com.au/v1/safety-ratings/fa7689,https://www.ancap.com.au/safety-ratings/fa7689,https://www.ancap.com.au/safety-ratings/volkswagen/id-buzz,"category.popular_models,category.family,category.city_driver,category.fleet_manager,category.employer,body_type.van,price.over_65000,seats.5_seater"
cc714e,Skoda Octavia,2022,5,89,82,68,81,33.84,38,40.66,49,37.11,54,13.07,16,124.68,157,0.79414013,0.82298915,2020_2022,0.8153936305732483,157,53.00058598726114,88.00058598726113,69.56777850250586,Sep-24,Jun-25,Nov-24,Feb-26,All variants,Petrol / diesel,FALSE,TRUE,0,standard,standard,https://s3.amazonaws.com/cdn.ancap.com.au/app/public/assets/18ea79b60310644d5cce5e2d6dd86556be2b8cec/large.png?1738807084,https://www.ancap.com.au/assets/manufacturers/small/skoda-cda08028a473eee106382fe717e8f617643d024cbf7175094445b52bde5cac8b.png,https://www.ancap.com.au/assets/logos/ratings/star-rating-logo-5-2022-6fb1f080765af2b98c7726db6ea8d07e44609565ad1d219235702f4016f0b6e1.png,https://api.ancap.com.au/v1/safety-ratings/cc714e,https://www.ancap.com.au/safety-ratings/cc714e,https://www.ancap.com.au/safety-ratings/skoda/octavia,"category.popular_models,category.family,category.younger_driver,category.older_driver,category.city_driver,category.rural_driver,category.tradesperson,category.fleet_manager,category.employer,body_type.sedan,body_type.wagon,price.35000_to_65000,seats.5_seater"
c3a374,Renault Megane E-Tech,2022,5,85,88,65,80,32.61,38,43.14,49,35.44,54,12.82,16,124.01,157,0.78987261,0.81085405,2020_2022,0.8129082802547771,157,52.83903821656051,87.83903821656051,69.09726321456806,Sep-23,onwards,Nov-23,onwards,All variants (see Technical Report),Battery electric,TRUE,FALSE,0,standard,standard,https://s3.amazonaws.com/cdn.ancap.com.au/app/public/assets/ba4a9d44dee18e768ccd30fd1388acf6dcaa42e7/large.png?1701221293,https://www.ancap.com.au/assets/manufacturers/small/renault-6e5d3dc1139792f1d5db0565c8c2365ddbbcd2657ba3b9f9cce761784d4a8528.png,https://www.ancap.com.au/assets/logos/ratings/star-rating-logo-5-2022-6fb1f080765af2b98c7726db6ea8d07e44609565ad1d219235702f4016f0b6e1.png,https://api.ancap.com.au/v1/safety-ratings/c3a374,https://www.ancap.com.au/safety-ratings/c3a374,https://www.ancap.com.au/safety-ratings/renault/megane-e-tech,"category.older_driver,category.city_driver,category.fleet_manager,category.employer,body_type.suv,price.over_65000,seats.5_seater"
92c727,Kia Sportage,2022,5,87,87,66,74,33.43,38,42.73,49,36.1,54,11.9,16,124.16,157,0.79082803,0.8087566,2020_2022,0.8118363057324841,157,52.76935987261147,87.76935987261146,68.89432184357895,Sep-21,onwards,Nov-21,onwards,All variants (see Technical Report),Petrol / diesel and hybrid,TRUE,FALSE,2,standard,standard,https://s3.amazonaws.com/cdn.ancap.com.au/app/public/assets/d80e419d1dd2432cd21ae3c1a01615be470650a7/large.png?1656910431,https://www.ancap.com.au/assets/manufacturers/small/kia-fd32864bb76bbca8aca6303ede71093093674e6316c5e88f399a280769820c90.png,https://www.ancap.com.au/assets/logos/ratings/star-rating-logo-5-2022-6fb1f080765af2b98c7726db6ea8d07e44609565ad1d219235702f4016f0b6e1.png,https://api.ancap.com.au/v1/safety-ratings/92c727,https://www.ancap.com.au/safety-ratings/92c727,https://www.ancap.com.au/safety-ratings/kia/sportage,"category.popular_models,category.family,category.younger_driver,category.city_driver,category.fleet_manager,category.employer,body_type.suv,body_type.awd,price.35000_to_65000,seats.5_seater,category.older_driver,category.rural_driver"
a6c730,Peugeot 308,2022,4,79,86,68,82,30.09,38,42.2,49,37.02,54,13.27,16,122.58,157,0.78076433,0.79196785,2020_2022,0.8043923566878981,157,52.28550318471338,87.28550318471338,67.48506705881996,Jun-22,onwards,Nov-22,onwards,All variants,Petrol / diesel and plug-in hybrid,TRUE,FALSE,3,standard,standard,https://s3.amazonaws.com/cdn.ancap.com.au/app/public/assets/b31f672c2477407ccecb8ed6b02fffac8ece3bcd/large.png?1675733731,https://www.ancap.com.au/assets/manufacturers/small/peugeot-69f6c7d5d81a3aefad5ffd8da267ad75bc1e48c83f61c682983f5bfc08019f95.png,https://www.ancap.com.au/assets/logos/ratings/star-rating-logo-4-2022-57a3a773fe768b692350ba59cf396c193021d6666c9fc3dd4e0eafaa8caf980c.png,https://api.ancap.com.au/v1/safety-ratings/a6c730,https://www.ancap.com.au/safety-ratings/a6c730,https://www.ancap.com.au/safety-ratings/peugeot/308,"category.family,category.younger_driver,category.older_driver,category.city_driver,body_type.hatch,body_type.wagon,price.35000_to_65000,seats.5_seater"
b42b00,Hyundai Palisade,2022,5,84,88,62,83,32.21,38,43.24,49,33.75,54,13.41,16,122.61,157,0.78095541,0.80816743,2020_2022,0.8028942675159235,157,52.18812738853503,87.18812738853504,67.20145558848942,May-22,Sep-25,Aug-22,Sep-25,All Australian & New Zealand variants,Petrol / diesel,FALSE,TRUE,0,standard,standard,https://s3.amazonaws.com/cdn.ancap.com.au/app/public/assets/5bfd6137fe9e139191af85b29f051df940ac5564/large.png?1659314330,https://www.ancap.com.au/assets/manufacturers/small/hyundai-fc7aa7616090539d442af372062f91227c79006c33e7aebb9457a87e9fd21f04.png,https://www.ancap.com.au/assets/logos/ratings/star-rating-logo-5-2022-6fb1f080765af2b98c7726db6ea8d07e44609565ad1d219235702f4016f0b6e1.png,https://api.ancap.com.au/v1/safety-ratings/b42b00,https://www.ancap.com.au/safety-ratings/b42b00,https://www.ancap.com.au/safety-ratings/hyundai/palisade,"category.popular_models,category.family,category.city_driver,category.fleet_manager,body_type.suv,body_type.awd,price.35000_to_65000,price.over_65000,seats.7_seater,category.employer,seats.5_seater"
68673a,Hyundai Inster,2025,4,70,83,70,69,28.33,40,41.1,49,44.24,63,12.58,18,126.25,170,0.74264706,0.73127732,2023p,0.7924341176470587,170,51.50821764705882,86.50821764705881,65.22118729759946,Jan-25,onwards,May-25,onwards,All variants,Battery electric,TRUE,FALSE,0,standard,standard,https://s3.amazonaws.com/cdn.ancap.com.au/app/public/assets/f09834b68aa49c608a44fc791f537b882ff873fe/large.png?1751603300,https://www.ancap.com.au/assets/manufacturers/small/hyundai-fc7aa7616090539d442af372062f91227c79006c33e7aebb9457a87e9fd21f04.png,https://www.ancap.com.au/assets/logos/ratings/star-rating-logo-4-2025-2407a799876b06d177b9d3adc0140b3d6f1be6b1d2be3f369283ab0d9fbcc2e3.png,https://api.ancap.com.au/v1/safety-ratings/68673a,https://www.ancap.com.au/safety-ratings/68673a,https://www.ancap.com.au/safety-ratings/hyundai/inster,"category.younger_driver,category.city_driver,body_type.suv,price.35000_to_65000,seats.4_seater"
dc1c52,Hyundai Kona,2023,4,80,84,64,62,32.13,40,41.62,49,40.85,63,11.17,18,125.77,170,0.73982353,0.7449712,2023p,0.7879670588235294,170,51.21785882352941,86.21785882352941,64.37550391326232,Apr-23,onwards,Jun-23,onwards,All variants (see Technical Report),"Petrol / diesel, battery electric and hybrid",TRUE,FALSE,1,standard,standard,https://s3.amazonaws.com/cdn.ancap.com.au/app/public/assets/cd8cc9b6a75f7b2f06fc578dd1de1e4fcf03eb94/large.png?1705033523,https://www.ancap.com.au/assets/manufacturers/small/hyundai-fc7aa7616090539d442af372062f91227c79006c33e7aebb9457a87e9fd21f04.png,https://www.ancap.com.au/assets/logos/ratings/star-rating-logo-4-2023-c688c27a0b74454806c1294e8095a0c593b56d0d98770c9fa55ae886e6465300.png,https://api.ancap.com.au/v1/safety-ratings/dc1c52,https://www.ancap.com.au/safety-ratings/dc1c52,https://www.ancap.com.au/safety-ratings/hyundai/kona,"category.popular_models,category.family,category.younger_driver,category.older_driver,body_type.awd,body_type.suv,price.35000_to_65000,seats.5_seater"
6c96cb,Opel Astra,2022,4,83,84,67,66,31.66,38,41.45,49,36.36,54,10.68,16,120.15,157,0.76528662,0.7706135,2020_2022,0.7872369426751593,157,51.17040127388535,86.17040127388535,64.23728162434581,Sep-22,onwards,Apr-23,onwards,All petrol variants,Petrol / diesel,TRUE,TRUE,2,standard,standard,https://s3.amazonaws.com/cdn.ancap.com.au/app/public/assets/05d4a926b535aeff9b2d627cc3ffbcec84e030e5/large.png?1666844395,https://www.ancap.com.au/assets/manufacturers/small/opel-8e14e6104305af96ebca473f2a269f6dc1e040d2a54db5b40108c6c267bd1054.png,https://www.ancap.com.au/assets/logos/ratings/star-rating-logo-4-2022-57a3a773fe768b692350ba59cf396c193021d6666c9fc3dd4e0eafaa8caf980c.png,https://api.ancap.com.au/v1/safety-ratings/6c96cb,https://www.ancap.com.au/safety-ratings/6c96cb,https://www.ancap.com.au/safety-ratings/opel/astra,"category.family,category.younger_driver,category.older_driver,category.city_driver,body_type.hatch,seats.5_seater,price.35000_to_65000"
f61c1c,Honda HR-V,2022,4,82,77,72,69,31.34,38,37.73,49,39.13,54,11.05,16,119.25,157,0.75955414,0.76694566,2020_2022,0.7833369426751592,157,50.916901273885344,85.91690127388534,63.49895125324292,Feb-22,onwards,Apr-22,onwards,All variants,Petrol / diesel and hybrid,TRUE,FALSE,1,standard,standard,https://s3.amazonaws.com/cdn.ancap.com.au/app/public/assets/42dd6e6b1feb6a65db98a6f1346664da697de9ad/large.png?1670911543,https://www.ancap.com.au/assets/manufacturers/small/honda-99696356908c610a092b98f5bfb499e8c3fe3c5024ee01b2f35f912aa14c6d89.png,https://www.ancap.com.au/assets/logos/ratings/star-rating-logo-4-2022-57a3a773fe768b692350ba59cf396c193021d6666c9fc3dd4e0eafaa8caf980c.png,https://api.ancap.com.au/v1/safety-ratings/f61c1c,https://www.ancap.com.au/safety-ratings/f61c1c,https://www.ancap.com.au/safety-ratings/honda/hr-v,"category.popular_models,category.family,category.younger_driver,category.older_driver,category.city_driver,body_type.suv,price.35000_to_65000,seats.4_seater"
9e8449,MG 3,2024,3,72,74,76,58,28.85,40,36.39,49,48.03,63,10.62,18,123.89,170,0.72876471,0.7075068,2023p,0.781804706,170,50.81730588235294,85.81730588235294,63.20887510969162,Apr-24,Apr-25,Jun-24,Apr-25,All variants,Petrol / diesel and hybrid,FALSE,FALSE,0,standard,standard,https://s3.amazonaws.com/cdn.ancap.com.au/app/public/assets/650b850a311542695757c29a6108845e3acebad0/large.png?1728869878,https://www.ancap.com.au/assets/manufacturers/small/mg-64908a954f2375bfe93427a0a7639fe122f0f3e9a9f2e5e8e32d090836a8b44d.png,https://www.ancap.com.au/assets/logos/ratings/star-rating-logo-3-2024-9a41375d08716fae42454a70e4766ec6b39f5f9a17bc7eae8611ded92a15195e.png,https://api.ancap.com.au/v1/safety-ratings/9e8449,https://www.ancap.com.au/safety-ratings/9e8449,https://www.ancap.com.au/safety-ratings/mg/3-124a6356-9c4d-4b19-bdac-1cb66738eb8d,"category.popular_models,category.younger_driver,category.older_driver,category.city_driver,body_type.hatch,price.under_35000"
6be945,Hyundai Palisade,2022,4,79,88,63,63,30.21,38,43.24,49,34.33,54,10.19,16,117.97,157,0.75140127,0.74901294,2020_2022,0.7726050955414013,157,50.219331210191086,85.21933121019109,61.46724646429758,Sep-20,Oct-22,Nov-20,Dec-22,New Zealand LX2 diesel variants,Petrol / diesel,FALSE,TRUE,0,standard,standard,https://s3.amazonaws.com/cdn.ancap.com.au/app/public/assets/6945b8d92294b2c5385c58174b1b31b5c466b307/large.png?1659407703,https://www.ancap.com.au/assets/manufacturers/small/hyundai-fc7aa7616090539d442af372062f91227c79006c33e7aebb9457a87e9fd21f04.png,https://www.ancap.com.au/assets/logos/ratings/star-rating-logo-4-2022-57a3a773fe768b692350ba59cf396c193021d6666c9fc3dd4e0eafaa8caf980c.png,https://api.ancap.com.au/v1/safety-ratings/6be945,https://www.ancap.com.au/safety-ratings/6be945,https://www.ancap.com.au/safety-ratings/hyundai/palisade,"category.family,category.city_driver,category.fleet_manager,body_type.suv,body_type.awd,price.35000_to_65000,price.over_65000,seats.5_seater,seats.7_seater,category.older_driver,category.rural_driver,category.employer"
f1baf2,Hyundai Palisade,2022,4,79,88,63,63,30.21,38,43.24,49,34.33,54,10.19,16,117.97,157,0.75140127,0.74901294,2020_2022,0.7726050955414013,157,50.219331210191086,85.21933121019109,61.46724646429758,Sep-20,Apr-22,Nov-20,Jul-22,Australian LX2 diesel variants,Petrol / diesel,FALSE,TRUE,0,standard,standard,https://s3.amazonaws.com/cdn.ancap.com.au/app/public/assets/d4feef0e4a33339f88f53a4507863afe8e5bc647/large.png?1654212774,https://www.ancap.com.au/assets/manufacturers/small/hyundai-fc7aa7616090539d442af372062f91227c79006c33e7aebb9457a87e9fd21f04.png,https://www.ancap.com.au/assets/logos/ratings/star-rating-logo-4-2022-57a3a773fe768b692350ba59cf396c193021d6666c9fc3dd4e0eafaa8caf980c.png,https://api.ancap.com.au/v1/safety-ratings/f1baf2,https://www.ancap.com.au/safety-ratings/f1baf2,https://www.ancap.com.au/safety-ratings/hyundai/palisade,"category.popular_models,category.family,category.city_driver,category.fleet_manager,body_type.suv,body_type.awd,price.35000_to_65000,price.over_65000,seats.7_seater,seats.5_seater"
50afac,Renault Duster,2024,3,70,86,60,58,28.15,40,42.42,49,38.2,63,10.46,18,119.23,170,0.70135294,0.69213492,2023p,0.7482564705882353,170,48.63667059,83.63667058823529,56.85767484954986,Apr-25,onwards,Aug-25,onwards,2WD variants,Petrol / diesel,TRUE,TRUE,0,standard,standard,https://s3.amazonaws.com/cdn.ancap.com.au/app/public/assets/34a474cbe67bb1357ae6cb3e16183d02b3d6bd23/large.png?1761693970,https://www.ancap.com.au/assets/manufacturers/small/renault-6e5d3dc1139792f1d5db0565c8c2365ddbbcd2657ba3b9f9cce761784d4a8528.png,https://www.ancap.com.au/assets/logos/ratings/star-rating-logo-3-2024-9a41375d08716fae42454a70e4766ec6b39f5f9a17bc7eae8611ded92a15195e.png,https://api.ancap.com.au/v1/safety-ratings/50afac,https://www.ancap.com.au/safety-ratings/50afac,https://www.ancap.com.au/safety-ratings/renault/duster,"category.family,category.younger_driver,category.older_driver,category.city_driver,body_type.suv,price.35000_to_65000,seats.5_seater"
e0b6ba,Hyundai i30 Sedan,2024,3,71,81,62,56,28.42,40,39.87,49,39.22,63,10.16,18,117.67,170,0.69217647,0.68433152,2023p,0.7413400000000001,170,48.18710000000001,83.18710000000002,55.548279901823264,Jun-23,onwards,Oct-23,onwards,Petrol & hybrid Sedan variants exc. i30 Sedan N,Petrol / diesel and hybrid,TRUE,FALSE,0,standard,standard,https://s3.amazonaws.com/cdn.ancap.com.au/app/public/assets/bfdf6ec818bb9c8d1540e25fb74faed12ece1145/large.png?1732243577,https://www.ancap.com.au/assets/manufacturers/small/hyundai-fc7aa7616090539d442af372062f91227c79006c33e7aebb9457a87e9fd21f04.png,https://www.ancap.com.au/assets/logos/ratings/star-rating-logo-3-2024-9a41375d08716fae42454a70e4766ec6b39f5f9a17bc7eae8611ded92a15195e.png,https://api.ancap.com.au/v1/safety-ratings/e0b6ba,https://www.ancap.com.au/safety-ratings/e0b6ba,https://www.ancap.com.au/safety-ratings/hyundai/i30-sedan,"category.popular_models,category.younger_driver,category.older_driver,category.city_driver,body_type.sedan,price.under_35000,seats.5_seater"
d4d7f7,Suzuki Swift,2024,3,67,65,76,55,26.87,40,32.28,49,48,63,10.03,18,117.18,170,0.68929412,0.6642805,2023p,0.7384058823529414,170,47.99638235294119,82.99638235,54.99280601,Aug-25,onwards,Sep-25,onwards,All variants (see Technical Report),Petrol / diesel,TRUE,TRUE,5,standard,standard,https://s3.amazonaws.com/cdn.ancap.com.au/app/public/assets/982cb4e59a195d0993904d79a5ec3bfe5ab018b5/large.png?1757296981,https://www.ancap.com.au/assets/manufacturers/small/suzuki-90e51c6ed276c925b8825fd8ea7790df7977132ea780ca8f2cae9096465eda89.png,https://www.ancap.com.au/assets/logos/ratings/star-rating-logo-3-2024-9a41375d08716fae42454a70e4766ec6b39f5f9a17bc7eae8611ded92a15195e.png,https://api.ancap.com.au/v1/safety-ratings/d4d7f7,https://www.ancap.com.au/safety-ratings/d4d7f7,https://www.ancap.com.au/safety-ratings/suzuki/swift,"category.popular_models,category.family,category.younger_driver,category.older_driver,category.city_driver,body_type.hatch,price.under_35000,seats.5_seater"
6287c5,Jeep Avenger,2024,3,79,71,59,54,31.77,40,34.97,49,37.6,63,9.81,18,114.15,170,0.67147059,0.68879977,2023p,0.7162235294117648,170,46.55452941176471,81.55452941176472,50.793343222283134,Jul-23,onwards,Dec-23,onwards,All variants (see Technical Report),Battery electric,TRUE,FALSE,0,standard,standard,https://s3.amazonaws.com/cdn.ancap.com.au/app/public/assets/a11c8a8c689b98a23616c1ef6ea86094c4945ab4/large.png?1733273139,https://www.ancap.com.au/assets/manufacturers/small/jeep-66d864da68eec140a28aa10735675d4532407c1c2801217e328547b643aca0d4.png,https://www.ancap.com.au/assets/logos/ratings/star-rating-logo-3-2024-9a41375d08716fae42454a70e4766ec6b39f5f9a17bc7eae8611ded92a15195e.png,https://api.ancap.com.au/v1/safety-ratings/6287c5,https://www.ancap.com.au/safety-ratings/6287c5,https://www.ancap.com.au/safety-ratings/jeep/avenger,"category.family,category.younger_driver,category.older_driver,category.city_driver,body_type.suv,price.35000_to_65000,seats.5_seater"
7da43b,MG 5,2025,3,62,68,65,59,25.08,40,33.69,49,41.55,63,10.78,18,111.1,170,0.65352941,0.63999274,2023p,0.6948341176470588,170,45.16421764705883,80.16421764705882,46.743996472050334,Nov-24,onwards,Jun-25,onwards,All variants,Petrol / diesel,TRUE,TRUE,1,standard,standard,https://s3.amazonaws.com/cdn.ancap.com.au/app/public/assets/857b70a482ac93fbf40992cd3d3ba701af6751bb/large.png?1748403274,https://www.ancap.com.au/assets/manufacturers/small/mg-64908a954f2375bfe93427a0a7639fe122f0f3e9a9f2e5e8e32d090836a8b44d.png,https://www.ancap.com.au/assets/logos/ratings/star-rating-logo-3-2025-c8e9463a3aa27fbc4eb27ac1b2225c6dc3dd8c377a41c067bda05a09e4fbd866.png,https://api.ancap.com.au/v1/safety-ratings/7da43b,https://www.ancap.com.au/safety-ratings/7da43b,https://www.ancap.com.au/safety-ratings/mg/5,"category.family,category.younger_driver,category.older_driver,category.city_driver,body_type.sedan,price.under_35000,seats.5_seater"
0315bd,Suzuki Swift,2024,1,47,59,76,54,18.88,40,29.24,49,48.4,63,9.78,18,106.3,170,0.62529412,0.5704644,2023p,0.6690482352941177,170,43.488135294117654,78.48813529411765,41.86232978,Mar-24,Jul-25,May-24,Aug-25,All variants,Petrol / diesel,FALSE,TRUE,0,standard,standard,https://s3.amazonaws.com/cdn.ancap.com.au/app/public/assets/d035d632de23ab809649204b9a6d2af550c12186/large.png?1732796415,https://www.ancap.com.au/assets/manufacturers/small/suzuki-90e51c6ed276c925b8825fd8ea7790df7977132ea780ca8f2cae9096465eda89.png,https://www.ancap.com.au/assets/logos/ratings/star-rating-logo-1-2024-0d2705fcf66e85a6f38c79871ff2a641d6009d981c8c04bb15a4044de67c789e.png,https://api.ancap.com.au/v1/safety-ratings/0315bd,https://www.ancap.com.au/safety-ratings/0315bd,https://www.ancap.com.au/safety-ratings/suzuki/swift,"category.popular_models,category.family,category.younger_driver,category.older_driver,category.city_driver,body_type.hatch,price.under_35000,seats.5_seater"
cb710f,Suzuki Fronx,2025,1,48,40,65,55,19.3,40,20.06,49,41.39,63,10.03,18,90.78,170,0.534,0.51771882,2023p,0.5697941176470589,170,37.036617647058826,72.03661764705882,23.071988881613215,Mar-25,onwards,Jun-25,onwards,All variants,Petrol / diesel,TRUE,TRUE,0,standard,standard,https://s3.amazonaws.com/cdn.ancap.com.au/app/public/assets/d585b5530390645e4c3c84291395fe7e2a27be8b/large.png?1766357706,https://www.ancap.com.au/assets/manufacturers/small/suzuki-90e51c6ed276c925b8825fd8ea7790df7977132ea780ca8f2cae9096465eda89.png,https://www.ancap.com.au/assets/logos/ratings/star-rating-logo-1-2025-31e7a2978a2eec5985558e0ccc2f7668f9982462403695b2cf37627f16e71c31.png,https://api.ancap.com.au/v1/safety-ratings/cb710f,https://www.ancap.com.au/safety-ratings/cb710f,https://www.ancap.com.au/safety-ratings/suzuki/fronx,"seats.5_seater,price.under_35000,body_type.suv"
4bb20f,MG 5,2023,0,37,58,42,13,15.09,40,28.81,49,26.78,63,2.48,18,73.16,170,0.43035294,0.38106327,2023p,0.4555670588235293,170,29.611858823529406,64.61185882,1.4470384377240801,Mar-23,Sep-24,Aug-23,May-25,All variants (see Technical Report),Petrol / diesel,FALSE,TRUE,0,standard,not_available,https://s3.amazonaws.com/cdn.ancap.com.au/app/public/assets/eec3f87a46c33cb074ab7696010f8eab06f007c1/large.png?1702419324,https://www.ancap.com.au/assets/manufacturers/small/mg-64908a954f2375bfe93427a0a7639fe122f0f3e9a9f2e5e8e32d090836a8b44d.png,https://www.ancap.com.au/assets/logos/ratings/star-rating-logo-0-2023-802074054c2aa58b0e82438616d66ad33bb3128aab30e2bb60aece4bafba08aa.png,https://api.ancap.com.au/v1/safety-ratings/4bb20f,https://www.ancap.com.au/safety-ratings/4bb20f,https://www.ancap.com.au/safety-ratings/mg/5,"category.younger_driver,category.city_driver,body_type.sedan,price.under_35000,seats.5_seater,category.family,category.older_driver"
470321,Mahindra Scorpio,2023,0,44,80,23,0,17.67,40,39.27,49,14.94,63,0,18,71.88,170,0.42282353,0.38441429,2023p,0.44792352941176483,170,29.115029411764713,64.11502941176471,0,Apr-23,onwards,Apr-23,onwards,All variants (see Technical Report),Petrol / diesel,TRUE,TRUE,0,not_available,not_available,https://s3.amazonaws.com/cdn.ancap.com.au/app/public/assets/ab4dfe563c17ad89521811cc94d7b4316674d65e/large.png?1702422852,https://www.ancap.com.au/assets/manufacturers/small/mahindra-68c1e8bbe9864f0799cf1c4fbfb7fcc62e3f8e2a02ba30ffd686c4bfccefd23a.png,https://www.ancap.com.au/assets/logos/ratings/star-rating-logo-0-2023-802074054c2aa58b0e82438616d66ad33bb3128aab30e2bb60aece4bafba08aa.png,https://api.ancap.com.au/v1/safety-ratings/470321,https://www.ancap.com.au/safety-ratings/470321,https://www.ancap.com.au/safety-ratings/mahindra/scorpio,"body_type.suv,body_type.awd,price.35000_to_65000,category.family,category.rural_driver,seats.5_seater,seats.7_seater"
804414,Toyota Hiace,2025,,,,,,,,,,,,,,,,,,2023p,,0,,,,Jun-25,onwards,Aug-25,onwards,All van & crew van variants,Petrol / diesel,TRUE,TRUE,5,standard,standard,https://s3.amazonaws.com/cdn.ancap.com.au/app/public/assets/e0788553a577df1f2168a92ab82df1d33b9c1cbd/large.png?1758596452,https://www.ancap.com.au/assets/manufacturers/small/toyota-82ccce5443b662fd06bc229b482b20907450f184bb900f31ac47fe4d85b75cbe.png,https://www.ancap.com.au/assets/logos/ratings/star-rating-logo-5-2025-997c7985fb400255a9ba79b38521ba860901a2b17b1167e1fa6249c0cf799600.png,https://api.ancap.com.au/v1/safety-ratings/804414,https://www.ancap.com.au/safety-ratings/804414,https://www.ancap.com.au/safety-ratings/toyota/hiace,"category.popular_models,category.city_driver,category.rural_driver,category.tradesperson,category.fleet_manager,category.employer,body_type.van,price.35000_to_65000,seats.2_seater"
894f11,Farizon SV,2024,,,,,,,,,,,,,,,,,,2023p,,0,,,,Jan-25,onwards,Jun-25,onwards,All Australian variants,Battery electric,TRUE,FALSE,0,standard,standard,https://s3.amazonaws.com/cdn.ancap.com.au/app/public/assets/fb566bc7d78f45c99ba169d962bd8af6e19c3acc/large.png?1759377851,https://www.ancap.com.au/assets/manufacturers/small/temp-logo-c2e57fa11cb021b9f773f403cdf9a592b9f18140be6289da76c843b26716606e.png,https://www.ancap.com.au/assets/logos/ratings/star-rating-logo-5-2024-c6164fac702658394851ade2462c3593ebea4131b5f9c00875bcc1784ca49bc0.png,https://api.ancap.com.au/v1/safety-ratings/894f11,https://www.ancap.com.au/safety-ratings/894f11,https://www.ancap.com.au/safety-ratings/farizon/sv,"category.city_driver,category.tradesperson,category.fleet_manager,body_type.van,seats.2_seater,price.over_65000,category.employer"
1e2395,Ford Transit,2024,,,,,,,,,,,,,,,,,,2023p,,0,,,,Feb-25,onwards,May-25,onwards,Fourth generation diesel van variants,Petrol / diesel,TRUE,TRUE,2,standard,standard,https://s3.amazonaws.com/cdn.ancap.com.au/app/public/assets/8dc741a811feddda56186934d94cd3b600f3d2eb/large.png?1759383296,https://www.ancap.com.au/assets/manufacturers/small/ford-265612f017d18e609840ab9cf9c9e3f7dc64d09f179243709455cb0eff8e682c.png,https://www.ancap.com.au/assets/logos/ratings/star-rating-logo-5-2024-c6164fac702658394851ade2462c3593ebea4131b5f9c00875bcc1784ca49bc0.png,https://api.ancap.com.au/v1/safety-ratings/1e2395,https://www.ancap.com.au/safety-ratings/1e2395,https://www.ancap.com.au/safety-ratings/ford/transit,"category.tradesperson,category.fleet_manager,category.employer,body_type.van,price.over_65000,seats.2_seater,category.city_driver"
cfccbb,Ford F-150,2025,,,,,,,,,,,,,,,,,,2023p,,0,,,,Jan-25,onwards,Oct-25,onwards,Platinum & Lariat variants,Petrol / diesel,TRUE,TRUE,0,standard,standard,https://s3.amazonaws.com/cdn.ancap.com.au/app/public/assets/2965efad86e65145622f801d02a84efb066d91f8/large.png?1761269732,https://www.ancap.com.au/assets/manufacturers/small/ford-265612f017d18e609840ab9cf9c9e3f7dc64d09f179243709455cb0eff8e682c.png,https://www.ancap.com.au/assets/logos/ratings/star-rating-logo-5-2025-997c7985fb400255a9ba79b38521ba860901a2b17b1167e1fa6249c0cf799600.png,https://api.ancap.com.au/v1/safety-ratings/cfccbb,https://www.ancap.com.au/safety-ratings/cfccbb,https://www.ancap.com.au/safety-ratings/ford/f-150,"category.popular_models,category.family,category.rural_driver,category.tradesperson,category.fleet_manager,category.employer,category.luxury,body_type.awd,body_type.ute,price.over_65000,seats.5_seater"
b2f4a7,RAM 1500,2025,,,,,,,,,,,,,,,,,,2023p,,0,,,,Feb-25,onwards,Mar-25,onwards,Limited variants,Petrol / diesel,TRUE,TRUE,0,standard,standard,https://s3.amazonaws.com/cdn.ancap.com.au/app/public/assets/f0c4609472045fcdcebed4517eb4636b49399309/large.png?1759446422,https://www.ancap.com.au/assets/manufacturers/small/ram-33d7642ffa9de2fe3aafe99291952f1db582504a587156faf4f571ab0e9175c3.png,https://www.ancap.com.au/assets/logos/ratings/star-rating-logo-4-2025-2407a799876b06d177b9d3adc0140b3d6f1be6b1d2be3f369283ab0d9fbcc2e3.png,https://api.ancap.com.au/v1/safety-ratings/b2f4a7,https://www.ancap.com.au/safety-ratings/b2f4a7,https://www.ancap.com.au/safety-ratings/ram/1500,
193129,Toyota Landcruiser 70 Series,2025,,,,,,,,,,,,,,,,,,2023p,,0,,,,Jan-24,onwards,Jan-24,onwards,Single Cab & Double Cab variants,Petrol / diesel,TRUE,TRUE,2,standard,standard,https://s3.amazonaws.com/cdn.ancap.com.au/app/public/assets/160a43e5a4fbc99e158b1b81bbf7b50921d4ff2d/large.png?1761102087,https://www.ancap.com.au/assets/manufacturers/small/toyota-82ccce5443b662fd06bc229b482b20907450f184bb900f31ac47fe4d85b75cbe.png,https://www.ancap.com.au/assets/logos/ratings/star-rating-logo-3-2025-c8e9463a3aa27fbc4eb27ac1b2225c6dc3dd8c377a41c067bda05a09e4fbd866.png,https://api.ancap.com.au/v1/safety-ratings/193129,https://www.ancap.com.au/safety-ratings/193129,https://www.ancap.com.au/safety-ratings/toyota/landcruiser-cab-chassis,"category.popular_models,category.family,category.rural_driver,category.tradesperson,category.fleet_manager,category.employer,body_type.awd,body_type.ute,price.over_65000,seats.5_seater"
3e4187,Toyota Tundra,2025,,,,,,,,,,,,,,,,,,2023p,,0,,,,Oct-23,onwards,Nov-23,onwards,Limited & Platinum variants,Petrol / diesel,TRUE,TRUE,0,standard,standard,https://s3.amazonaws.com/cdn.ancap.com.au/app/public/assets/55c213b1051ecc4c8d73ad632cb3e79b46031231/large.png?1761102858,https://www.ancap.com.au/assets/manufacturers/small/toyota-82ccce5443b662fd06bc229b482b20907450f184bb900f31ac47fe4d85b75cbe.png,https://www.ancap.com.au/assets/logos/ratings/star-rating-logo-3-2025-c8e9463a3aa27fbc4eb27ac1b2225c6dc3dd8c377a41c067bda05a09e4fbd866.png,https://api.ancap.com.au/v1/safety-ratings/3e4187,https://www.ancap.com.au/safety-ratings/3e4187,https://www.ancap.com.au/safety-ratings/toyota/tundra,"category.popular_models,category.family,category.rural_driver,category.tradesperson,category.fleet_manager,category.employer,category.luxury,body_type.awd,body_type.ute,price.over_65000,seats.5_seater"
e2871a,Chevrolet Silverado 1500,2025,,,,,,,,,,,,,,,,,,2023p,,0,,,,Feb-25,onwards,Feb-25,onwards,LTZ Premium & ZR2 variants,Petrol / diesel,TRUE,TRUE,0,standard,standard,https://s3.amazonaws.com/cdn.ancap.com.au/app/public/assets/ce3bcd428e2f3a43a66bd7c49c407f376cff82cf/large.png?1761104007,https://www.ancap.com.au/assets/manufacturers/small/chevrolet-592014d31c1b93428917d3a3cb409265ac1a7c1533461894cc5eb45877028e24.png,https://www.ancap.com.au/assets/logos/ratings/star-rating-logo-2-2025-65613657a9b83325124034570df94ca42ee335c3d1058779ae73f48715f8e1dd.png,https://api.ancap.com.au/v1/safety-ratings/e2871a,https://www.ancap.com.au/safety-ratings/e2871a,https://www.ancap.com.au/safety-ratings/chevrolet/silverado-1500,"category.popular_models,category.family,category.rural_driver,category.tradesperson,category.fleet_manager,category.employer,category.luxury,body_type.awd,body_type.ute,price.over_65000,seats.5_seater"
6054fe,Volkswagen ID. Buzz Cargo,2024,,,,,,,,,,,,,,,,,,2023p,,0,,,,Aug-24,onwards,Jan-25,onwards,All variants,Battery electric,TRUE,FALSE,0,standard,standard,https://s3.amazonaws.com/cdn.ancap.com.au/app/public/assets/44b1fe62ab8109f1f522cc448ebbd88ef7ab5aa9/large.png?1744598463,https://www.ancap.com.au/assets/manufacturers/small/volkswagen-478585519095ad1c9ae6459c9b7e8cb60489d4e4d19fb0b3064d1adc665cbf40.png,https://www.ancap.com.au/assets/logos/ratings/star-rating-logo-5-2024-c6164fac702658394851ade2462c3593ebea4131b5f9c00875bcc1784ca49bc0.png,https://api.ancap.com.au/v1/safety-ratings/6054fe,https://www.ancap.com.au/safety-ratings/6054fe,https://www.ancap.com.au/safety-ratings/volkswagen/id-buzz-cargo,"category.popular_models,category.city_driver,category.tradesperson,category.fleet_manager,category.employer,body_type.van,price.over_65000,seats.2_seater"
a962fc,Peugeot Expert,2024,,,,,,,,,,,,,,,,,,2023p,,0,,,,Oct-24,onwards,Jan-25,onwards,Diesel variants only,Petrol / diesel,TRUE,TRUE,1,standard,standard,https://s3.amazonaws.com/cdn.ancap.com.au/app/public/assets/ab6fb6e7c7146c137c61dd6b7bee1d03d1210b53/large.png?1744603431,https://www.ancap.com.au/assets/manufacturers/small/peugeot-69f6c7d5d81a3aefad5ffd8da267ad75bc1e48c83f61c682983f5bfc08019f95.png,https://www.ancap.com.au/assets/logos/ratings/star-rating-logo-4-2024-7d88bcda2480cc653abe9d50a49afb9937d3bb837df0ec1ce16dfdfcabe749d3.png,https://api.ancap.com.au/v1/safety-ratings/a962fc,https://www.ancap.com.au/safety-ratings/a962fc,https://www.ancap.com.au/safety-ratings/peugeot/expert,"category.rural_driver,category.tradesperson,category.fleet_manager,category.employer,body_type.van,price.35000_to_65000,seats.2_seater"
387ae4,Renault Trafic,2024,,,,,,,,,,,,,,,,,,2023p,,0,,,,Oct-24,onwards,Feb-25,onwards,All variants,Petrol / diesel,TRUE,TRUE,1,standard,standard,https://s3.amazonaws.com/cdn.ancap.com.au/app/public/assets/e6b545af8c1c357b9ea94e7136b10f4f99a6272d/large.png?1744602696,https://www.ancap.com.au/assets/manufacturers/small/renault-6e5d3dc1139792f1d5db0565c8c2365ddbbcd2657ba3b9f9cce761784d4a8528.png,https://www.ancap.com.au/assets/logos/ratings/star-rating-logo-4-2024-7d88bcda2480cc653abe9d50a49afb9937d3bb837df0ec1ce16dfdfcabe749d3.png,https://api.ancap.com.au/v1/safety-ratings/387ae4,https://www.ancap.com.au/safety-ratings/387ae4,https://www.ancap.com.au/safety-ratings/renault/trafic,"category.popular_models,category.rural_driver,category.tradesperson,category.fleet_manager,category.employer,body_type.van,seats.2_seater,price.35000_to_65000"
eb798d,LDV Deliver 7,2025,,,,,,,,,,,,,,,,,,2023p,,0,,,,Sep-24,onwards,Oct-24,onwards,Diesel variants only,Petrol / diesel,TRUE,TRUE,0,standard,standard,https://s3.amazonaws.com/cdn.ancap.com.au/app/public/assets/419413d755fbddd59db2842dc193ddcdeacba3ed/large.png?1744346378,https://www.ancap.com.au/assets/manufacturers/small/ldv-36f0a24f23fe6d2e9693b6f304d5c5c4f14b40d35759a19f3ac6cc70015dd8e9.png,https://www.ancap.com.au/assets/logos/ratings/star-rating-logo-5-2025-997c7985fb400255a9ba79b38521ba860901a2b17b1167e1fa6249c0cf799600.png,https://api.ancap.com.au/v1/safety-ratings/eb798d,https://www.ancap.com.au/safety-ratings/eb798d,https://www.ancap.com.au/safety-ratings/ldv/deliver-7,"category.city_driver,category.rural_driver,category.tradesperson,category.fleet_manager,category.employer,body_type.van,price.35000_to_65000,seats.2_seater"
894ae2,Ford Transit Custom,2024,,,,,,,,,,,,,,,,,,2023p,,0,,,,Jul-23,onwards,Mar-24,onwards,Second generation diesel variants,Petrol / diesel,TRUE,TRUE,2,standard,standard,https://s3.amazonaws.com/cdn.ancap.com.au/app/public/assets/16aa2464face5df2100cbde019a535461a8494f0/large.png?1725430817,https://www.ancap.com.au/assets/manufacturers/small/ford-265612f017d18e609840ab9cf9c9e3f7dc64d09f179243709455cb0eff8e682c.png,https://www.ancap.com.au/assets/logos/ratings/star-rating-logo-5-2024-c6164fac702658394851ade2462c3593ebea4131b5f9c00875bcc1784ca49bc0.png,https://api.ancap.com.au/v1/safety-ratings/894ae2,https://www.ancap.com.au/safety-ratings/894ae2,https://www.ancap.com.au/safety-ratings/ford/transit-custom,"category.city_driver,category.tradesperson,category.fleet_manager,category.employer,body_type.van,price.35000_to_65000,price.over_65000,seats.2_seater"
e6962c,Mercedes-Benz eSprinter,2024,,,,,,,,,,,,,,,,,,2023p,,0,,,,Apr-24,onwards,Apr-24,onwards,All variants,Battery electric,TRUE,FALSE,0,standard,standard,https://s3.amazonaws.com/cdn.ancap.com.au/app/public/assets/770dd9038f0fdff8dcfe465cccbdb7ed9bb95c89/large.png?1727064661,https://www.ancap.com.au/assets/manufacturers/small/mercedes-benz-e77b2c8ebc765c6efef479ecc989fa49ba959a9a19a44f8687fc88ae0cc0d2e4.png,https://www.ancap.com.au/assets/logos/ratings/star-rating-logo-5-2024-c6164fac702658394851ade2462c3593ebea4131b5f9c00875bcc1784ca49bc0.png,https://api.ancap.com.au/v1/safety-ratings/e6962c,https://www.ancap.com.au/safety-ratings/e6962c,https://www.ancap.com.au/safety-ratings/mercedes-benz/esprinter,"category.city_driver,category.tradesperson,category.fleet_manager,category.employer,body_type.van,price.over_65000,seats.2_seater"
51b6e5,Mercedes-Benz eVito,2024,,,,,,,,,,,,,,,,,,2023p,,0,,,,May-24,onwards,May-24,onwards,MY24 variants,Battery electric,TRUE,FALSE,0,standard,standard,https://s3.amazonaws.com/cdn.ancap.com.au/app/public/assets/d40013a530b7aa16848eb2fabd62bc2d6020d7a5/large.png?1725603851,https://www.ancap.com.au/assets/manufacturers/small/mercedes-benz-e77b2c8ebc765c6efef479ecc989fa49ba959a9a19a44f8687fc88ae0cc0d2e4.png,https://www.ancap.com.au/assets/logos/ratings/star-rating-logo-5-2024-c6164fac702658394851ade2462c3593ebea4131b5f9c00875bcc1784ca49bc0.png,https://api.ancap.com.au/v1/safety-ratings/51b6e5,https://www.ancap.com.au/safety-ratings/51b6e5,https://www.ancap.com.au/safety-ratings/mercedes-benz/evito,"category.city_driver,category.tradesperson,category.fleet_manager,category.employer,category.luxury,body_type.van,price.over_65000,seats.2_seater"
cf82d8,Mercedes-Benz Sprinter,2024,,,,,,,,,,,,,,,,,,2023p,,0,,,,Apr-24,onwards,Jul-24,onwards,All variants,Petrol / diesel,TRUE,TRUE,0,standard,standard,https://s3.amazonaws.com/cdn.ancap.com.au/app/public/assets/13e0727ff38ada256c388db31bfec0aae5a92837/large.png?1725604131,https://www.ancap.com.au/assets/manufacturers/small/mercedes-benz-e77b2c8ebc765c6efef479ecc989fa49ba959a9a19a44f8687fc88ae0cc0d2e4.png,https://www.ancap.com.au/assets/logos/ratings/star-rating-logo-5-2024-c6164fac702658394851ade2462c3593ebea4131b5f9c00875bcc1784ca49bc0.png,https://api.ancap.com.au/v1/safety-ratings/cf82d8,https://www.ancap.com.au/safety-ratings/cf82d8,https://www.ancap.com.au/safety-ratings/mercedes-benz/sprinter,"category.city_driver,category.tradesperson,category.fleet_manager,category.employer,body_type.van,price.over_65000,seats.2_seater"
14899a,Mercedes-Benz Vito,2024,,,,,,,,,,,,,,,,,,2023p,,0,,,,May-24,onwards,Jul-24,onwards,MY24 variants,Petrol / diesel,TRUE,TRUE,3,standard,standard,https://s3.amazonaws.com/cdn.ancap.com.au/app/public/assets/075fe6312a9eccbbb12a434a5e8a4b1401f16357/large.png?1725603374,https://www.ancap.com.au/assets/manufacturers/small/mercedes-benz-e77b2c8ebc765c6efef479ecc989fa49ba959a9a19a44f8687fc88ae0cc0d2e4.png,https://www.ancap.com.au/assets/logos/ratings/star-rating-logo-5-2024-c6164fac702658394851ade2462c3593ebea4131b5f9c00875bcc1784ca49bc0.png,https://api.ancap.com.au/v1/safety-ratings/14899a,https://www.ancap.com.au/safety-ratings/14899a,https://www.ancap.com.au/safety-ratings/mercedes-benz/vito,"category.city_driver,category.tradesperson,category.fleet_manager,category.employer,body_type.van,price.over_65000,seats.2_seater"
b23068,LDV Deliver 9,2024,,,,,,,,,,,,,,,,,,2023p,,0,,,,Jan-24,onwards,Aug-24,onwards,Diesel variants MY24 onwards,Petrol / diesel,TRUE,TRUE,0,standard,standard,https://s3.amazonaws.com/cdn.ancap.com.au/app/public/assets/c0d1e17596028f5329e1bd383795c4d9d0c32838/large.png?1726101256,https://www.ancap.com.au/assets/manufacturers/small/ldv-36f0a24f23fe6d2e9693b6f304d5c5c4f14b40d35759a19f3ac6cc70015dd8e9.png,https://www.ancap.com.au/assets/logos/ratings/star-rating-logo-4-2024-7d88bcda2480cc653abe9d50a49afb9937d3bb837df0ec1ce16dfdfcabe749d3.png,https://api.ancap.com.au/v1/safety-ratings/b23068,https://www.ancap.com.au/safety-ratings/b23068,https://www.ancap.com.au/safety-ratings/ldv/deliver-9,"category.city_driver,category.tradesperson,category.fleet_manager,category.employer,body_type.van,price.35000_to_65000,seats.2_seater"
ec5dab,LDV eDeliver 7,2024,,,,,,,,,,,,,,,,,,2023p,,0,,,,Aug-23,onwards,Nov-23,onwards,Electric variants,Battery electric,TRUE,FALSE,0,standard,standard,https://s3.amazonaws.com/cdn.ancap.com.au/app/public/assets/392a28de5cf0fce697ac4eb57b4124d8c1c6a734/large.png?1725843748,https://www.ancap.com.au/assets/manufacturers/small/ldv-36f0a24f23fe6d2e9693b6f304d5c5c4f14b40d35759a19f3ac6cc70015dd8e9.png,https://www.ancap.com.au/assets/logos/ratings/star-rating-logo-4-2024-7d88bcda2480cc653abe9d50a49afb9937d3bb837df0ec1ce16dfdfcabe749d3.png,https://api.ancap.com.au/v1/safety-ratings/ec5dab,https://www.ancap.com.au/safety-ratings/ec5dab,https://www.ancap.com.au/safety-ratings/ldv/edeliver-7,"category.city_driver,category.tradesperson,category.fleet_manager,category.employer,body_type.van,price.over_65000,seats.2_seater,price.35000_to_65000"
6a5c96,Fiat Ducato,2022,,,,,,,,,,,,,,,,,,2020_2022,,0,,,,Feb-22,onwards,Jun-22,onwards,All variants,Petrol / diesel,TRUE,TRUE,0,standard,standard,https://s3.amazonaws.com/cdn.ancap.com.au/app/public/assets/c4e1010eb6529ba9c8dcbeb833f1aade347bc64f/large.png?1725841959,https://www.ancap.com.au/assets/manufacturers/small/fiat-53676c5af88fcd3c259b33c44d4261f344b922487b87b47de8633e3eb7384889.png,https://www.ancap.com.au/assets/logos/ratings/star-rating-logo-5-2022-6fb1f080765af2b98c7726db6ea8d07e44609565ad1d219235702f4016f0b6e1.png,https://api.ancap.com.au/v1/safety-ratings/6a5c96,https://www.ancap.com.au/safety-ratings/6a5c96,https://www.ancap.com.au/safety-ratings/fiat/ducato,"category.city_driver,category.tradesperson,category.fleet_manager,category.employer,body_type.van,price.35000_to_65000,seats.2_seater"
af2211,Hyundai Staria-Load,2022,,,,,,,,,,,,,,,,,,2020_2022,,0,,,,May-21,onwards,Aug-21,onwards,Automatic diesel variants only,Petrol / diesel,TRUE,TRUE,0,standard,standard,https://s3.amazonaws.com/cdn.ancap.com.au/app/public/assets/77f1f09230d0a7d4677a5f1d717f46c2618507c1/large.png?1727156786,https://www.ancap.com.au/assets/manufacturers/small/hyundai-fc7aa7616090539d442af372062f91227c79006c33e7aebb9457a87e9fd21f04.png,https://www.ancap.com.au/assets/logos/ratings/star-rating-logo-5-2022-6fb1f080765af2b98c7726db6ea8d07e44609565ad1d219235702f4016f0b6e1.png,https://api.ancap.com.au/v1/safety-ratings/af2211,https://www.ancap.com.au/safety-ratings/af2211,https://www.ancap.com.au/safety-ratings/hyundai/staria-load-2ae081b3-3158-4fbf-8119-bad621851d86,"category.popular_models,category.rural_driver,category.tradesperson,category.fleet_manager,body_type.van,seats.2_seater,price.35000_to_65000"
f5e52a,Ford Transit Custom,2022,,,,,,,,,,,,,,,,,,2020_2022,,0,,,,Jul-22,onwards,Jul-22,onwards,All first-generation variants,Petrol / diesel,TRUE,TRUE,2,standard,standard,https://s3.amazonaws.com/cdn.ancap.com.au/app/public/assets/f3429318309ca9d0146cff37936aec4fb4823a63/large.png?1725330588,https://www.ancap.com.au/assets/manufacturers/small/ford-265612f017d18e609840ab9cf9c9e3f7dc64d09f179243709455cb0eff8e682c.png,https://www.ancap.com.au/assets/logos/ratings/star-rating-logo-4-bd7a246945cfdc54dde8125500aaa34bd701725ec5f7aaf64bce4323131f4fe9.png,https://api.ancap.com.au/v1/safety-ratings/f5e52a,https://www.ancap.com.au/safety-ratings/f5e52a,https://www.ancap.com.au/safety-ratings/ford/transit-custom,"category.tradesperson,category.fleet_manager,body_type.van,price.35000_to_65000,seats.2_seater,category.popular_models,category.city_driver,category.employer"
820372,Iveco Daily,2022,,,,,,,,,,,,,,,,,,2020_2022,,0,,,,Sep-22,onwards,Oct-22,onwards,MY22 onwards,Petrol / diesel,TRUE,TRUE,0,standard,optional,https://s3.amazonaws.com/cdn.ancap.com.au/app/public/assets/de5ced0f227e3d0d21c7c1fe407e9d028b7a9d51/large.png?1725330636,https://www.ancap.com.au/assets/manufacturers/small/iveco-f1e410e0605cff52207f4c7447c57075d44f365ce126af64f7e6518ee44da4c2.png,https://www.ancap.com.au/assets/logos/ratings/star-rating-logo-3-ad9ccec261856e9a2f4031ac12cd07b94ddd067d7c3f8ca30013f1eabeea7a44.png,https://api.ancap.com.au/v1/safety-ratings/820372,https://www.ancap.com.au/safety-ratings/820372,https://www.ancap.com.au/safety-ratings/iveco/daily,"category.tradesperson,category.fleet_manager,category.employer,body_type.van,price.35000_to_65000,price.over_65000,seats.2_seater,category.city_driver"
765233,Renault Master,2022,,,,,,,,,,,,,,,,,,2020_2022,,0,,,,Jan-23,onwards,Jan-23,onwards,All variants,Petrol / diesel,TRUE,TRUE,0,standard,standard,https://s3.amazonaws.com/cdn.ancap.com.au/app/public/assets/484f4d38531a817c655de124349a03ba63c8a8b6/large.png?1725330654,https://www.ancap.com.au/assets/manufacturers/small/renault-6e5d3dc1139792f1d5db0565c8c2365ddbbcd2657ba3b9f9cce761784d4a8528.png,https://www.ancap.com.au/assets/logos/ratings/star-rating-logo-2-944d7f6e291910b2592f66d15ff67dbc86c8584cc52a520481f406b69f0ba45d.png,https://api.ancap.com.au/v1/safety-ratings/765233,https://www.ancap.com.au/safety-ratings/765233,https://www.ancap.com.au/safety-ratings/renault/master,"category.tradesperson,body_type.van,price.35000_to_65000,seats.2_seater,category.city_driver,category.fleet_manager,category.employer"
5e365f,Peugeot Expert,2022,,,,,,,,,,,,,,,,,,2020_2022,,0,,,,Apr-22,Sep-24,Apr-22,Dec-24,Diesel van variants,Petrol / diesel,FALSE,TRUE,0,standard,standard,https://s3.amazonaws.com/cdn.ancap.com.au/app/public/assets/4722d1c6fdde49239b46bab28496eaf19357f6d9/large.png?1725330602,https://www.ancap.com.au/assets/manufacturers/small/peugeot-69f6c7d5d81a3aefad5ffd8da267ad75bc1e48c83f61c682983f5bfc08019f95.png,https://www.ancap.com.au/assets/logos/ratings/star-rating-logo-3-ad9ccec261856e9a2f4031ac12cd07b94ddd067d7c3f8ca30013f1eabeea7a44.png,https://api.ancap.com.au/v1/safety-ratings/5e365f,https://www.ancap.com.au/safety-ratings/5e365f,https://www.ancap.com.au/safety-ratings/peugeot/expert,"category.tradesperson,category.fleet_manager,category.employer,body_type.van,price.35000_to_65000,seats.2_seater,category.city_driver"
ce5f31,Renault Trafic,2022,,,,,,,,,,,,,,,,,,2020_2022,,0,,,,Sep-22,Jul-24,Sep-22,Dec-24,All variants,Petrol / diesel,FALSE,TRUE,0,standard,standard,https://s3.amazonaws.com/cdn.ancap.com.au/app/public/assets/d5c72436c3d0c01fb20ada6c26d927e621e25ae9/large.png?1725330615,https://www.ancap.com.au/assets/manufacturers/small/renault-6e5d3dc1139792f1d5db0565c8c2365ddbbcd2657ba3b9f9cce761784d4a8528.png,https://www.ancap.com.au/assets/logos/ratings/star-rating-logo-3-ad9ccec261856e9a2f4031ac12cd07b94ddd067d7c3f8ca30013f1eabeea7a44.png,https://api.ancap.com.au/v1/safety-ratings/ce5f31,https://www.ancap.com.au/safety-ratings/ce5f31,https://www.ancap.com.au/safety-ratings/renault/trafic,"category.tradesperson,category.fleet_manager,category.employer,body_type.van,price.35000_to_65000,seats.2_seater,category.city_driver"
21879b,Volkswagen Transporter,2022,,,,,,,,,,,,,,,,,,2020_2022,,0,,,,Dec-20,Jun-24,Dec-20,2026,T6.1 van variants,Petrol / diesel,FALSE,TRUE,0,standard,standard,https://s3.amazonaws.com/cdn.ancap.com.au/app/public/assets/f71c72ea4a4ebf0460e2951ce64ba0b440935cfb/large.png?1725330610,https://www.ancap.com.au/assets/manufacturers/small/volkswagen-478585519095ad1c9ae6459c9b7e8cb60489d4e4d19fb0b3064d1adc665cbf40.png,https://www.ancap.com.au/assets/logos/ratings/star-rating-logo-3-ad9ccec261856e9a2f4031ac12cd07b94ddd067d7c3f8ca30013f1eabeea7a44.png,https://api.ancap.com.au/v1/safety-ratings/21879b,https://www.ancap.com.au/safety-ratings/21879b,https://www.ancap.com.au/safety-ratings/volkswagen/transporter,"category.tradesperson,category.fleet_manager,category.employer,price.35000_to_65000,seats.2_seater,category.city_driver"
c25c66,LDV G10,2022,,,,,,,,,,,,,,,,,,2020_2022,,0,,,,Jun-15,Feb-25,Jun-15,Feb-25,All variants,Petrol / diesel,FALSE,TRUE,0,not_available,not_available,https://s3.amazonaws.com/cdn.ancap.com.au/app/public/assets/d444a0617a0c6b0e6030a22e1c9753d8941f4691/large.png?1725330660,https://www.ancap.com.au/assets/manufacturers/small/ldv-36f0a24f23fe6d2e9693b6f304d5c5c4f14b40d35759a19f3ac6cc70015dd8e9.png,https://www.ancap.com.au/assets/logos/ratings/star-rating-logo-0-d267a9afd35861844045e29f28ced7ba8752a9f184c7f09f9d1ef74ed933699f.png,https://api.ancap.com.au/v1/safety-ratings/c25c66,https://www.ancap.com.au/safety-ratings/c25c66,https://www.ancap.com.au/safety-ratings/ldv/g10,"category.tradesperson,body_type.van,price.35000_to_65000,seats.2_seater,category.city_driver,category.fleet_manager,category.employer"