recall_number,recall_date,make,model,year_range,affected_units,reason,link
REC-005861,3-Jan-24,Volvo,XC90,2015 - 2023,115,"Due to a manufacturing defect, the second-row seat belt buckle and lower anchor screw may become loose. As a result, the seat belt may not operate as intended. Due to a manufacturing defect, the second-row seat belt buckle and lower anchor screw may become loose. As a result, the seat belt may not operate as intended. What are the hazards? In the event of a collision if the seat belt does not operate as intended, the occupant of that seat may not receive the full protection of the seatbelt system and this could increase the risk of injury or death to vehicle occupants.",https://www.vehiclerecalls.gov.au/recalls/rec-005861
REC-005863,9-Jan-24,PREMCAR,D23 Navara,2021 - 2023,"4,255",The jack provided with the vehicle does not meet the Australian Consumer Product Safety Standard and may fail to lift the front axel high enough to change the tyres. The jack provided with the vehicle does not meet the Australian Consumer Product Safety Standard and may fail to lift the front axel high enough to change the tyres. What are the hazards? There is no safety hazard and the defect will not affect the performance of the vehicle.,https://www.vehiclerecalls.gov.au/recalls/rec-005863
REC-005864,12-Jan-24,VOLKSWAGEN,Caddy,2021 - 2023,"1,870","An airbag deactivation switch may have been incorrectly fitted instead of a blanking plug. This could cause the driver to assume that the front passenger airbag has been deactivated when it is always operational. An airbag deactivation switch may have been incorrectly fitted instead of a blanking plug. This could cause the driver to assume that the front passenger airbag has been deactivated when it is always operational. What are the hazards? If the driver believes the passenger front airbag has been deactivated, it may lead to an unsafe situation if something such as a child seat was used in the front passenger seat.",https://www.vehiclerecalls.gov.au/recalls/rec-005864
REC-005869,15-Jan-24,Ford,Transit Custom,2023,328,"Due to incomplete software update, the Advanced Driver Assistance System (ADAS) may not operate as intended. As a result, sensors and cameras yellow warning light will not illuminate in the instrument cluster to assist the driver to detect nearby obstacles or driver errors. Due to incomplete software update, the Advanced Driver Assistance System (ADAS) may not operate as intended. As a result, sensors and cameras yellow warning light will not illuminate in the instrument cluster to assist the driver to detect nearby obstacles or driver errors. What are the hazards? A loss of safety systems could increase the risk of an accident, causing serious injury to vehicle occupants and other road users.",https://www.vehiclerecalls.gov.au/recalls/rec-005869
REC-005870,11-Jan-24,LAND ROVER,RANGE ROVER SPORT,2022,465,"Due to a manufacturing defect, the right-hand tailgate and body mounted rear lamps may not be sealed sufficiently allowing moisture to enter the lamps. As a result, the reverse, brake/stop and indicator lamps may not illuminate as intended. Due to a manufacturing defect, the right-hand tailgate and body mounted rear lamps may not be sealed sufficiently allowing moisture to enter the lamps. As a result, the reverse, brake/stop and indicator lamps may not illuminate as intended. What are the hazards? Loss of reverse, brake/stop and indicator lamp system functionality could increase the risk of an accident, causing serious injury or death to vehicle occupants and/or other road users.",https://www.vehiclerecalls.gov.au/recalls/rec-005870
REC-005871,11-Jan-24,LAND ROVER,RANGE ROVER AND RANGE ROVER SPORT,2023,11,"Due to a manufacturing defect, the vehicle body frame may have poor adhesion with the fixed panels. As a result, it may lead to a reduction of structural integrity. Due to a manufacturing defect, the vehicle body frame may have poor adhesion with the fixed panels. As a result, it may lead to a reduction of structural integrity. What are the hazards? In the event of a rear end collision there is a risk the fuel system will be damaged and fuel may leak. A fuel leak will increase the risk of a vehicle fire increasing the risk of injury or death to vehicle occupants or bystanders and/or damage to property.",https://www.vehiclerecalls.gov.au/recalls/rec-005871
REC-005873,24-Jan-24,VOLKSWAGEN,"Passat, Golf and Arteon",2019 - 2023,"5,997","Due to a manufacturing issue, the heat shield between the brake master cylinder and the exhaust may have been incorrectly fitted. As a result, a connection to the brake fluid reservoir could melt. If this occurs, brake fluid may leak and cause a reduction in braking performance and/or if brake fluid leaks on to a hot exhaust there is a risk of a vehicle fire. Due to a manufacturing issue, the heat shield between the brake master cylinder and the exhaust may have been incorrectly fitted. As a result, a connection to the brake fluid reservoir could melt. If this occurs, brake fluid may leak and cause a reduction in braking performance and/or if brake fluid leaks on to a hot exhaust there is a risk of a vehicle fire.",https://www.vehiclerecalls.gov.au/recalls/rec-005873
REC-005874,17-Jan-24,Mercedes-Benz,"112 eVito, 116 Vito, 119 Vito, 129 eVito, EQV300, Marco Polo HORIZON V250, V-Class V250, V-Class V30",2023 - 2025,255,"Due to a hardware component connectivity issue, the Hermes Control Unit (ECE) may not operate as intended. In this case, the communication module might not be able to establish a network connection. If this occurs, the emergency call system (eCall) communication would not be available. Due to a hardware component connectivity issue, the Hermes Control Unit (ECE) may not operate as intended. In this case, the communication module might not be able to establish a network connection. If this occurs, the emergency call system (eCall) communication would not be available. What are the hazards? If the eCall system is not available, in the event of an emergency it would not be possible for the vehicle occupants to connect with emergency services, either manually or automatically. As a consequence, emergency vehicles may not be directed to the affected vehicle or may be delayed. This could increase the risk of death if a serious injury has occurred.",https://www.vehiclerecalls.gov.au/recalls/rec-005874
REC-005875,18-Jan-24,TESLA,3 and Y,2022 - 2023,"4,383","Due to a software issue, the steering wheel may feel notchy when operating the vehicle in cold temperatures. Due to a software issue, the steering wheel may feel notchy when operating the vehicle in cold temperatures. What are the hazards? There is no safety hazard and the defect will not affect the performance of the vehicle. Vehicles may not be compliant with the (Australian Design Rule ADR 90/00 – Steering System) 2018.",https://www.vehiclerecalls.gov.au/recalls/rec-005875
REC-005876,17-Jan-24,Ford,F 150,2022 - 2023,443,"Due to a remanufacturing process issue, the steering intermediate shaft may separate from the steering rack resulting in a loss of steering control. Due to a remanufacturing process issue, the steering intermediate shaft may separate from the steering rack resulting in a loss of steering control. What are the hazards? A loss of steering control could increase the risk of an accident causing injury or death to vehicle occupants and/or other road users.",https://www.vehiclerecalls.gov.au/recalls/rec-005876
REC-005877,24-Jan-24,Volvo,XC40,2023,"2,513","Due to a software issue, the left turn indicator lamp may not illuminate as intended. If this occurs a warning will appear in the instrument cluster to alert the driver that the indicator is not operational. The left indicator functionality can be reset by switching the indicator off and on again. Due to a software issue, the left turn indicator lamp may not illuminate as intended. If this occurs a warning will appear in the instrument cluster to alert the driver that the indicator is not operational. The left indicator functionality can be reset by switching the indicator off and on again. What are the hazards? If the left turn indicator lamp does not illuminate as intended, other road users would be unable to identify if the vehicle is turning.",https://www.vehiclerecalls.gov.au/recalls/rec-005877
REC-005878,24-Jan-24,KIA,KA4 Carnival,2023,627,"Due to incorrect manufacturing of an engine wiring harness, a poor connection may occur at the crankshaft position sensor which may lead to a loss of motive power and/or engine stalling. Due to incorrect manufacturing of an engine wiring harness, a poor connection may occur at the crankshaft position sensor which may lead to a loss of motive power and/or engine stalling. What are the hazards? A loss of motive power or engine stalling whilst driving could increase the risk of an accident causing injury or death to vehicle occupants and/or other road users.",https://www.vehiclerecalls.gov.au/recalls/rec-005878
REC-005879,30-Jan-24,TESLA,3,2023,505,"The rear centre seat position of the Model 3 does not have an accessible top-restraint anchorage point as required by Australian Design Rule 34/03. The rear centre seat position of the Model 3 does not have an accessible top-restraint anchorage point as required by Australian Design Rule 34/03. What are the hazards? If the top-tether restraint anchorage for the rear-centre seat is not accessible in accordance with Australian Design Rule 34/03, an infant or child car seat restraint cannot be securely attached to it.",https://www.vehiclerecalls.gov.au/recalls/rec-005879
REC-005880,29-Jan-24,Ford,F150,2023,9,"The clock spring electrical connection between the steering wheel airbag, horn and electrical systems may not have been welded to specification and possibly fail. If this occurs, it could result in a loss of steering wheel illumination, non-functioning steering wheel control switches, inoperative horn, and the airbag warning light will illuminate which may result in the driver’s airbag becoming inoperative. The clock spring electrical connection between the steering wheel airbag, horn and electrical systems may not have been welded to specification and possibly fail. If this occurs, it could result in a loss of steering wheel illumination, non-functioning steering wheel control switches, inoperative horn, and the airbag warning light will illuminate which may result in the driver’s airbag becoming inoperative.",https://www.vehiclerecalls.gov.au/recalls/rec-005880
REC-005881,24-Jan-24,AUDI,e-tron,2022 - 2023,222,"Due to a manufacturing issue, the sealing of the high-voltage battery housing may reduce overtime, allowing moisture to enter. The moisture may potentially result in an electrical short circuit increasing the risk of fire. Due to a manufacturing issue, the sealing of the high-voltage battery housing may reduce overtime, allowing moisture to enter. The moisture may potentially result in an electrical short circuit increasing the risk of fire. What are the hazards? A vehicle fire could increase the risk of injury or death to vehicle occupants, other road users and/or damage to property.",https://www.vehiclerecalls.gov.au/recalls/rec-005881
REC-005882,30-Jan-24,Mazda,"CX-60 (KH), CX-90 (KK)",2023,"5,260","Due to a manufacturing defect, the gear set within the power steering assembly may not operate as intended. As a result, the driver could experience unexpected increased steering effort. Due to a manufacturing defect, the gear set within the power steering assembly may not operate as intended. As a result, the driver could experience unexpected increased steering effort. What are the hazards? An unexpected increased effort in power steering whilst driving could increase the risk of an accident causing injury or death to vehicle occupants and other road users.",https://www.vehiclerecalls.gov.au/recalls/rec-005882
REC-005886,31-Jan-24,JAGUAR,I-PACE,2023,7,"Due to a manufacturing defect, there may be a crack in the body floor pan. As a result, the crack may widen. This may impact the seat anchorage performance. Due to a manufacturing defect, there may be a crack in the body floor pan. As a result, the crack may widen. This may impact the seat anchorage performance. What are the hazards? In the event of a collision if the seat anchorage does not perform as intended, it may increase the risk of injury or death to vehicle occupants.",https://www.vehiclerecalls.gov.au/recalls/rec-005886
REC-005888,8-Feb-24,Toyota,Yaris Petrol (MXPA10) & Yaris Hybrid (MXPH10),2020 - 2023,"8,815","Due to a durability issue, the front lower suspension arm may develop cracks and corrode when exposed to road snow melting agents. This could cause the suspension to collapse and detach from the vehicle. As a result, the vehicle may experience a sudden loss of steering control. Due to a durability issue, the front lower suspension arm may develop cracks and corrode when exposed to road snow melting agents. This could cause the suspension to collapse and detach from the vehicle. As a result, the vehicle may experience a sudden loss of steering control. What are the hazards? A loss of steering control could increase the risk of an accident causing injury or death to vehicle occupants and/or other road users.",https://www.vehiclerecalls.gov.au/recalls/rec-005888
REC-005890,8-Feb-24,KIA,MQ4 PE Sorento,2023,"1,792","Due to a manufacturing defect, incorrect fuel consumption and emissions data has been provided on the fuel consumption label. Due to a manufacturing defect, incorrect fuel consumption and emissions data has been provided on the fuel consumption label. What are the hazards? Vehicles do not comply with Australian Design Rule 81/02 – Fuel Consumption Labelling for Light Vehicles. There is no safety hazard associated with this recall.",https://www.vehiclerecalls.gov.au/recalls/rec-005890
REC-005891,8-Feb-24,CHERY,OMODA 5,2022 - 2023,"5,901","Due to a manufacturing defect, the bolt securing the brake pipe union may not have been tightened sufficiently. This could cause the brake fluid to leak and result in reduced braking performance. Due to a manufacturing defect, the bolt securing the brake pipe union may not have been tightened sufficiently. This could cause the brake fluid to leak and result in reduced braking performance. What are the hazards? A reduction in braking performance could increase the risk of an accident resulting in serious injury or death to the vehicle occupants, pedestrians and other road users.",https://www.vehiclerecalls.gov.au/recalls/rec-005891
REC-005892,21-Feb-24,RAM TRUCKS,2500 & 3500 TRUCKS,2021 - 2022,"1,294","Due to a manufacturing defect, the diesel particulate matter sensor may not have been installed during assembly. This could increase vehicle emissions and block the diesel particulate filter. If this occurs it can limit the vehicle power and performance leading to engine stalling. Due to a manufacturing defect, the diesel particulate matter sensor may not have been installed during assembly. This could increase vehicle emissions and block the diesel particulate filter. If this occurs it can limit the vehicle power and performance leading to engine stalling. What are the hazards? A loss in power whilst driving could increase the risk of an accident, causing serious injury or death to vehicle occupants and/or other road users.",https://www.vehiclerecalls.gov.au/recalls/rec-005892
REC-005895,21-Feb-24,RAM TRUCKS,2500 & 3500,2013 - 2018,1,"Due to a software issue, the engine control software requires updating for efficient engine emission performance. Due to a software issue, the engine control software requires updating for efficient engine emission performance. What are the hazards? There is no safety hazard and the defect will not affect the performance of the vehicle. Vehicles may not be compliant with the ADR 80/03 - Emission Control for Heavy Vehicles.",https://www.vehiclerecalls.gov.au/recalls/rec-005895
REC-005896,22-Feb-24,RAM TRUCKS,2500 & 3500,2024,419,"Due to a software issue in the steering column control module, vehicles may have been built with a steering column control module (SCCM) turn signal lever which may not cancel when the steering wheel is rotated or switched off manually, this could lead to a non-cancelling indicator and or high beams activating. Due to a software issue in the steering column control module, vehicles may have been built with a steering column control module (SCCM) turn signal lever which may not cancel when the steering wheel is rotated or switched off manually, this could lead to a non-cancelling indicator and or high beams activating.",https://www.vehiclerecalls.gov.au/recalls/rec-005896
REC-005898,15-Feb-24,AUDI,"Q7, Q8",2023,82,"Due to a manufacturing defect, the front passenger airbag may not have been installed correctly. Due to a manufacturing defect, the front passenger airbag may not have been installed correctly. What are the hazards? In the event of airbag deployment in an accident, the airbag may not provide sufficient protection for the front seat passenger which could increase the risk of injury or death.",https://www.vehiclerecalls.gov.au/recalls/rec-005898
REC-005899,19-Feb-24,SKODA,"Superb, Octavia",2020 - 2024,"4,039","Due to a manufacturing issue, the heat shield between the brake master cylinder and the exhaust may have been incorrectly fitted. As a result, a connection to the brake fluid reservoir could melt. If this occurs, brake fluid may leak and cause a reduction in braking performance and/or if brake fluid leaks on to a hot exhaust there is a risk of a vehicle fire. Due to a manufacturing issue, the heat shield between the brake master cylinder and the exhaust may have been incorrectly fitted. As a result, a connection to the brake fluid reservoir could melt. If this occurs, brake fluid may leak and cause a reduction in braking performance and/or if brake fluid leaks on to a hot exhaust there is a risk of a vehicle fire.",https://www.vehiclerecalls.gov.au/recalls/rec-005899
REC-005900,19-Feb-24,SEAT,"Formentor, Leon",2020 - 2022,26,"Due to a manufacturing issue, the heat shield between the brake master cylinder and the exhaust may have been incorrectly fitted. As a result, a connection to the brake fluid reservoir could melt. If this occurs, brake fluid may leak and cause a reduction in braking performance and/or if brake fluid leaks on to a hot exhaust there is a risk of a vehicle fire. Due to a manufacturing issue, the heat shield between the brake master cylinder and the exhaust may have been incorrectly fitted. As a result, a connection to the brake fluid reservoir could melt. If this occurs, brake fluid may leak and cause a reduction in braking performance and/or if brake fluid leaks on to a hot exhaust there is a risk of a vehicle fire.",https://www.vehiclerecalls.gov.au/recalls/rec-005900
REC-005902,16-Feb-24,JAGUAR,I-PACE,2018 - 2020,4,"This recall is a re-notification for REC-005700. Due to an incorrect service diagnostic tool and software update, the affected vehicles remain with the safety defect. As a result, vehicles may experience a thermal overload. If this occurs, vehicle occupants may identify smoke or fire emanating from underneath the vehicle. This recall is a re-notification for REC-005700. Due to an incorrect service diagnostic tool and software update, the affected vehicles remain with the safety defect. As a result, vehicles may experience a thermal overload. If this occurs, vehicle occupants may identify smoke or fire emanating from underneath the vehicle.",https://www.vehiclerecalls.gov.au/recalls/rec-005902
REC-005906,5-Mar-24,BMW,"520i, 740i, i5, i7, iX1, X1, X5, X6, X7, XM",2022 - 2023,"7,168","Due to a manufacturing defect, signal interference may occur within the electronics of the brake system. If this occurs, a higher pedal force may be required for braking. The anti-lock braking system and dynamic stability control will not be available. Note: Drivers will be alerted by the brake warning light in the instrument cluster and a message will appear on the central display. Due to a manufacturing defect, signal interference may occur within the electronics of the brake system. If this occurs, a higher pedal force may be required for braking. The anti-lock braking system and dynamic stability control will not be available. Note: Drivers will be alerted by the brake warning light in the instrument cluster and a message will appear on the central display.",https://www.vehiclerecalls.gov.au/recalls/rec-005906
REC-005908,27-Feb-24,Toyota,"Landcruiser 300 (FJA300), Tundra (VXKH75)",2021 - 2024,"28,491","Due to a design issue, the transmission control module may not operate as intended. If this occurs, the automatic transmission may continue to transfer engine power to the wheels when shifted to the neutral position. If the brake pedal or park brake are not applied it may result in unintended vehicle movement if shift lever is not moved to Park position. Due to a design issue, the transmission control module may not operate as intended. If this occurs, the automatic transmission may continue to transfer engine power to the wheels when shifted to the neutral position. If the brake pedal or park brake are not applied it may result in unintended vehicle movement if shift lever is not moved to Park position.",https://www.vehiclerecalls.gov.au/recalls/rec-005908
REC-005909,27-Feb-24,LEXUS,"LX500d (FJA310), LX600 (VJA310)",2021 - 2024,"1,360","Due to a design issue, the transmission control module may not operate as intended. If this occurs, the automatic transmission may continue to transfer engine power to the wheels when shifted to the neutral position. If the brake pedal or park brake are not applied it may result in unintended vehicle movement if shift lever is not moved to Park position. Due to a design issue, the transmission control module may not operate as intended. If this occurs, the automatic transmission may continue to transfer engine power to the wheels when shifted to the neutral position. If the brake pedal or park brake are not applied it may result in unintended vehicle movement if shift lever is not moved to Park position.",https://www.vehiclerecalls.gov.au/recalls/rec-005909
REC-005912,12-Mar-24,RAM TRUCKS,"1500, 2500, 3500",2023 - 2024,"1,436","Due to a software issue in the steering column control module, vehicles may have been built with a steering column control module (SCCM) turn signal lever which may not cancel when the steering wheel is rotated or switched off manually. This could lead to a non-cancelling indicator and/or high beams activating. Due to a software issue in the steering column control module, vehicles may have been built with a steering column control module (SCCM) turn signal lever which may not cancel when the steering wheel is rotated or switched off manually. This could lead to a non-cancelling indicator and/or high beams activating.",https://www.vehiclerecalls.gov.au/recalls/rec-005912
REC-005916,13-Mar-24,LAND ROVER,"RANGE ROVER, RANGE ROVER SPORT AND DEFENDER",2023,9,"The clamps retaining the engine’s fuel injectors may not meet manufacturing specifications and could crack. If this occurs, fuel may leak in the presence of an external ignition source resulting in a vehicle fire. The clamps retaining the engine’s fuel injectors may not meet manufacturing specifications and could crack. If this occurs, fuel may leak in the presence of an external ignition source resulting in a vehicle fire. What are the hazards? A vehicle fire could increase the risk of injury or death to vehicle occupants, other road users and/or damage to property.",https://www.vehiclerecalls.gov.au/recalls/rec-005916
REC-005917,14-Mar-24,LAND ROVER,"DISCOVERY SPORT, RANGE ROVER EVOQUE & RANGE ROVER VELAR",2020 - 2024,361,"Due to manufacturing defect, the engine turbocharger oil delivery pipe may not have been sufficiently tightened. As a result, the pipe may become loose over time and could lead to an oil leak into the engine bay and accumulate in the presence of an ignition source potentially resulting in a vehicle fire. Due to manufacturing defect, the engine turbocharger oil delivery pipe may not have been sufficiently tightened. As a result, the pipe may become loose over time and could lead to an oil leak into the engine bay and accumulate in the presence of an ignition source potentially resulting in a vehicle fire.",https://www.vehiclerecalls.gov.au/recalls/rec-005917
REC-005918,13-Mar-24,LAND ROVER,DISCOVERY SPORT,2023 - 2024,68,"Due to a manufacturing defect, the right-hand side lower A-pillar frame mounting bolt may have not been tightened according to specifications. As a result, this may lead to a reduction of structural integrity in the event of a collision. Due to a manufacturing defect, the right-hand side lower A-pillar frame mounting bolt may have not been tightened according to specifications. As a result, this may lead to a reduction of structural integrity in the event of a collision. What are the hazards? In the event of a front-end collision, an impaired vehicle structure may increase the risk of serious injury or death to vehicle occupants.",https://www.vehiclerecalls.gov.au/recalls/rec-005918
REC-005921,25-Mar-24,JAGUAR,I-PACE,2018 - 2019,20,"This recall is a re-notification for REC-005700. Due to an incorrect service diagnostic tool and software update, the affected vehicles remain with the safety defect. As a result, vehicles may experience a thermal overload. If this occurs, vehicle occupants may identify smoke or fire emanating from underneath the vehicle. This recall is a re-notification for REC-005700. Due to an incorrect service diagnostic tool and software update, the affected vehicles remain with the safety defect. As a result, vehicles may experience a thermal overload. If this occurs, vehicle occupants may identify smoke or fire emanating from underneath the vehicle.",https://www.vehiclerecalls.gov.au/recalls/rec-005921
REC-005922,20-Mar-24,Mercedes-Benz,GLE and GLS ( series 167),2019 - 2023,"4,837","Due to a software issue in the transmission control module, the transmission may not downshift under certain conditions and could result in a sudden loss of engine power. Due to a software issue in the transmission control module, the transmission may not downshift under certain conditions and could result in a sudden loss of engine power. What are the hazards? A sudden loss of engine power increases the risk of an accident and injury or death to vehicle occupants or other road users.",https://www.vehiclerecalls.gov.au/recalls/rec-005922
REC-005923,18-Mar-24,Mercedes-Benz,"Certain, AMG GT, C-Class, E-Class, S-Class, SL, CLE, EQE, EQS",2023 - 2024,"1,983","Due to a manufacturing defect, vehicle management systems connected to the fuse box may fail. If this occurs, it may lead to a sudden loss of motive power and/or a vehicle fire. Due to a manufacturing defect, vehicle management systems connected to the fuse box may fail. If this occurs, it may lead to a sudden loss of motive power and/or a vehicle fire. What are the hazards? A sudden loss of motive power whilst driving and/or a vehicle fire could increase the potential risk of an accident, causing serious injury or death to vehicle occupants, other road users, bystanders and/or damage to property.",https://www.vehiclerecalls.gov.au/recalls/rec-005923
REC-005924,21-Mar-24,Ford,F150,2021 - 2023,"2,020",The vehicle may have been fitted with side direction indicator lamps that do not comply with the Australian Design Rule 13/00 – Installation of Lighting and Light Signalling Devices on other than L-Group Vehicles. The vehicle may have been fitted with side direction indicator lamps that do not comply with the Australian Design Rule 13/00 – Installation of Lighting and Light Signalling Devices on other than L-Group Vehicles. What are the hazards? There is no safety hazard associated with this recall and the defect will not affect the performance of the vehicle. Vehicles are not compliant with ADR 13/00 - Installation of Lighting and Light Signalling Devices on other than L-Group Vehicles.,https://www.vehiclerecalls.gov.au/recalls/rec-005924
REC-005925,26-Mar-24,INEOS,Grenadier,2022 - 2023,206,"Due to a defect during assembly, incorrect fasteners may have been installed on the steering linkage joints and could become loose over time. If this occurs, the vehicle may experience a sudden loss of steering control whilst driving. Due to a defect during assembly, incorrect fasteners may have been installed on the steering linkage joints and could become loose over time. If this occurs, the vehicle may experience a sudden loss of steering control whilst driving. What are the hazards? A sudden loss of steering control whilst driving, could increase the risk of an accident causing injury or death to vehicle occupants and/or other road users.",https://www.vehiclerecalls.gov.au/recalls/rec-005925
REC-005926,21-Mar-24,AUDI,E-Tron,2018 - 2022,123,"Due to a manufacturing defect, the high voltage battery may experience a thermal overload if charged over 80 percent capacity. If this occurs, the battery could overheat and lead to a vehicle fire. Due to a manufacturing defect, the high voltage battery may experience a thermal overload if charged over 80 percent capacity. If this occurs, the battery could overheat and lead to a vehicle fire. What are the hazards? A vehicle fire could increase the risk of serious injury or death to vehicle occupants, other road users, and bystanders, and/or damage to property.",https://www.vehiclerecalls.gov.au/recalls/rec-005926
REC-005927,25-Mar-24,SUZUKI,Jimny,2018 - 2019,726,"Due to a manufacturing defect, the fuel pump impeller may swell and cause the fuel pump to stop working. If this occurs, the engine could stall resulting in a loss of power. Due to a manufacturing defect, the fuel pump impeller may swell and cause the fuel pump to stop working. If this occurs, the engine could stall resulting in a loss of power. What are the hazards? A loss of power whilst driving increases the risk of an accident, causing serious injury or death to vehicle occupants and other road users.",https://www.vehiclerecalls.gov.au/recalls/rec-005927
REC-005929,21-Mar-24,SUZUKI,JIMNY,2018 - 2019,286,"Due to a manufacturing defect, the fuel pump impeller may swell and cause the fuel pump to stop working. If this occurs, the engine could stall resulting in a loss of power. Due to a manufacturing defect, the fuel pump impeller may swell and cause the fuel pump to stop working. If this occurs, the engine could stall resulting in a loss of power. What are the hazards? A loss of power whilst driving increases the risk of an accident, causing serious injury or death to vehicle occupants and other road users.",https://www.vehiclerecalls.gov.au/recalls/rec-005929
REC-005930,2-Apr-24,VOLKSWAGEN,Tiguan,2018 - 2019,157,"Due to a manufacturing issue, the side curtain airbags may be fitted with a faulty gas generator. As a result, the airbag may not deploy as intended. Due to a manufacturing issue, the side curtain airbags may be fitted with a faulty gas generator. As a result, the airbag may not deploy as intended. What are the hazards? In the event of airbag deployment in an accident, the side curtain airbag may not provide adequate protection for vehicle occupants which could increase the risk of injury or death.",https://www.vehiclerecalls.gov.au/recalls/rec-005930
REC-005931,2-Apr-24,HYUNDAI,Kona (SX2),2023,"1,726","Due to a manufacturing defect, the bracket retaining the engine control unit could interfere with the vehicle’s wiring in the event of a collision, causing a short circuit resulting in a vehicle fire. Due to a manufacturing defect, the bracket retaining the engine control unit could interfere with the vehicle’s wiring in the event of a collision, causing a short circuit resulting in a vehicle fire. What are the hazards? A vehicle fire can increase the risk of serious injury or death to vehicle occupants, other road users and bystanders, and/or damage to property.",https://www.vehiclerecalls.gov.au/recalls/rec-005931
REC-005932,2-Apr-24,Honda,"Honda Odyssey, Accord, City, Civic, CR-V, HR-V, Jazz, Civic Type R, NSX",2017 - 2020,"49,432","This is a re-notification of REC-000585. Due to an improper manufacturing process, a component within the fuel pump could swell causing the fuel pump to become inoperative. This is a re-notification of REC-000585. Due to an improper manufacturing process, a component within the fuel pump could swell causing the fuel pump to become inoperative. What are the hazards? If the fuel pump stops working, this could stop the engine from starting or stall the engine while driving. This may increase the risk of an accident and may result in serious injury to vehicle occupants and/or other road users. Warning: The hazard posed to consumers from this safety defect includes the risk of an accident resulting in serious injury or death.",https://www.vehiclerecalls.gov.au/recalls/rec-005932
REC-005935,12-Apr-24,HYUNDAI,i30 1.6T (CN7) Sedan,2023,130,"Due to incorrect software being installed in the vehicle, the ‘fail-safe’ mode may not operate when oil pump faults are detected in the dual clutch transmission. If this occurs it may lead to a sudden loss of motive power. Due to incorrect software being installed in the vehicle, the ‘fail-safe’ mode may not operate when oil pump faults are detected in the dual clutch transmission. If this occurs it may lead to a sudden loss of motive power. What are the hazards? A loss of motive power or engine stalling whilst driving could increase the risk of an accident causing injury or death to vehicle occupants and/or other road users.",https://www.vehiclerecalls.gov.au/recalls/rec-005935
REC-005936,16-Apr-24,PORSCHE,911 (992 type),2019 - 2023,474,"Due to a manufacturing issue, the front and rear window glass may have insufficient bonding to the vehicle’s body. Due to a manufacturing issue, the front and rear window glass may have insufficient bonding to the vehicle’s body. What are the hazards? This may lead to partial loosening of the window over the vehicle’s service life. In the event of an accident, this can also negatively affect the effectiveness of the front airbags and could increase the risk of injury to vehicle occupants.",https://www.vehiclerecalls.gov.au/recalls/rec-005936
REC-005938,17-Apr-24,MITSUBISHI,MY22 OUTLANDER,2021 - 2022,500,"Due to a software issue with the In-Vehicle Infotainment (IVI) unit, the rear-view camera display may not display the rear camera image as intended. Due to a software issue with the In-Vehicle Infotainment (IVI) unit, the rear-view camera display may not display the rear camera image as intended. What are the hazards? If the rear-view camera display does not display the rear camera image while reversing the vehicle, it could increase the risk of an accident causing serious injury or death to any persons located behind the vehicle.",https://www.vehiclerecalls.gov.au/recalls/rec-005938
REC-005939,11-Apr-24,KIA,CV EV6 and SG2 Niro EV,2023,237,"Due to a manufacturing defect, the driveshaft may break under load. If this occurs, it may lead to a sudden loss of motive power. Due to a manufacturing defect, the driveshaft may break under load. If this occurs, it may lead to a sudden loss of motive power. What are the hazards? A sudden loss of motive power whilst driving could increase the risk of an accident, causing injury or death to the vehicle occupants and/or other road users.",https://www.vehiclerecalls.gov.au/recalls/rec-005939
REC-005940,11-Apr-24,HYUNDAI,IONIQ 5 (NE) & IONIQ 6 (CE),2023,118,"Due to a manufacturing issue, the driveshaft may brake under load. If this occurs, it may lead to a sudden loss of motive power. Due to a manufacturing issue, the driveshaft may brake under load. If this occurs, it may lead to a sudden loss of motive power. What are the hazards? A sudden loss of motive power whilst driving could increase the risk of an accident, causing injury or death to the vehicle occupants and/or other road users.",https://www.vehiclerecalls.gov.au/recalls/rec-005940
REC-005941,15-Apr-24,LAMBORGHINI,Huracan,2023 - 2024,5,"Due to a software issue, the headlamp high beam setting may not operate as intended. This could result in reduced or poor visibility. Due to a software issue, the headlamp high beam setting may not operate as intended. This could result in reduced or poor visibility. What are the hazards? Reduced or poor visibility may affect the night vision of the driver, increasing the risk of an accident causing serious injury or death to vehicle occupants and other road users.",https://www.vehiclerecalls.gov.au/recalls/rec-005941
REC-005942,16-Apr-24,HYUNDAI,IONIQ 5 (NE) & IONIQ 6 (CE),2021 - 2024,"3,521","Due to a software issue in the Integrated Charging Control Unit, the auxiliary 12 Volt battery may not charge as intended, resulting in battery drainage and loss of motive power. Due to a software issue in the Integrated Charging Control Unit, the auxiliary 12 Volt battery may not charge as intended, resulting in battery drainage and loss of motive power. What are the hazards? A loss of motive power whilst driving could increase the risk of an accident causing injury or death to vehicle occupants and/or other road users.",https://www.vehiclerecalls.gov.au/recalls/rec-005942
REC-005943,16-Apr-24,GENESIS,"G80, GV60 & GV70",2022 - 2024,528,"Due to a software issue in the Integrated Charging Control Unit, the auxiliary 12 Volt battery may not charge as intended, resulting in battery drainage and loss of motive power. Due to a software issue in the Integrated Charging Control Unit, the auxiliary 12 Volt battery may not charge as intended, resulting in battery drainage and loss of motive power. What are the hazards? A loss of motive power whilst driving could increase the risk of an accident causing injury or death to vehicle occupants and/or other road users.",https://www.vehiclerecalls.gov.au/recalls/rec-005943
REC-005945,19-Apr-24,ASTON MARTIN,DBX (all s),2020 - 2023,216,"The fixings for the fuse box cables may not have been tightened to the correct torque. This could lead to a sudden loss of motive power, loss of headlights and power assisted steering, and/or loss of other essential vehicle functions. Note: Hazard warning lights may appear on the instrument cluster to alert the driver that multiple vehicle functions are not fully operational. The fixings for the fuse box cables may not have been tightened to the correct torque. This could lead to a sudden loss of motive power, loss of headlights and power assisted steering, and/or loss of other essential vehicle functions. Note: Hazard warning lights may appear on the instrument cluster to alert the driver that multiple vehicle functions are not fully operational.",https://www.vehiclerecalls.gov.au/recalls/rec-005945
REC-005946,16-Apr-24,KIA,CV EV6,2021 - 2024,"3,948","Due to a software issue, the Integrated Charging Control Unit (ICCU) may develop an internal fault causing a warning light to illuminate on the instrument cluster and the 12 Volt battery to stop charging. This could result in a loss of motive power. Due to a software issue, the Integrated Charging Control Unit (ICCU) may develop an internal fault causing a warning light to illuminate on the instrument cluster and the 12 Volt battery to stop charging. This could result in a loss of motive power. What are the hazards? A loss of motive power may occur if the warning lights are ignored which could increase the risk of an accident, causing injury or death to the vehicle occupants and/or other road users.",https://www.vehiclerecalls.gov.au/recalls/rec-005946
REC-005947,22-Apr-24,ASTON MARTIN,DBX,2022 - 2023,46,"Due to a manufacturing defect, oil cooler lines could burst resulting in a sudden loss of oil pressure. This could lead to the engine stalling or an oil leak. An oil leak in the presence of an ignition source may cause a vehicle fire. Due to a manufacturing defect, oil cooler lines could burst resulting in a sudden loss of oil pressure. This could lead to the engine stalling or an oil leak. An oil leak in the presence of an ignition source may cause a vehicle fire. What are the hazards? A sudden loss of motive power whilst driving and/or a vehicle fire could increase the potential risk of an accident causing injury or death to vehicle occupants and/or other road users.",https://www.vehiclerecalls.gov.au/recalls/rec-005947
REC-005948,11-Apr-24,Mercedes-Benz,GLE and GLS vehicles,2019 - 2022,"7,429","Due to a manufacturing issue, the threaded nut securing the 48 Volt wiring harness under the driver seat may become loose. If this occurs, it could result in higher than normal electrical resistance within the harness which could lead to a vehicle fire. Due to a manufacturing issue, the threaded nut securing the 48 Volt wiring harness under the driver seat may become loose. If this occurs, it could result in higher than normal electrical resistance within the harness which could lead to a vehicle fire. What are the hazards? A vehicle fire could increase the risk of an accident, causing serious injury or death to vehicle occupants, other road users and bystanders, and/or damage to property.",https://www.vehiclerecalls.gov.au/recalls/rec-005948
REC-005949,15-Apr-24,Mercedes-Benz,"A , EQA, EQB, CLA, GLB Class vehicles",2018 - 2024,"20,201","The electrical power steering control unit back-up software may not operate as intended. In the event of a failure of the power steering control unit, this could result in a loss of power steering control. The electrical power steering control unit back-up software may not operate as intended. In the event of a failure of the power steering control unit, this could result in a loss of power steering control. What are the hazards? A loss of power steering control could increase the risk of an accident causing injury or death to vehicle occupants and/or other road users.",https://www.vehiclerecalls.gov.au/recalls/rec-005949
REC-005950,12-Apr-24,Mercedes-Benz,A200,2023,86,"Due to a vehicle processing error, incorrect fuel consumption and emission data has been provided on the fuel consumption label. Due to a vehicle processing error, incorrect fuel consumption and emission data has been provided on the fuel consumption label. What are the hazards? There is no safety hazard associated with this recall and the defect will not affect the performance of the vehicle. Vehicles are not compliant with Australian Design Rule 81/02 - Fuel Consumption Labelling for Light Vehicles.",https://www.vehiclerecalls.gov.au/recalls/rec-005950
REC-005954,29-Apr-24,ALFA ROMEO,Tonale,2023,202,"Due to software settings, if a vehicle occupant places an obstruction such as a body part between the frame and glass when the sunroof is closing, it may not reverse until significant pressure is reached. Due to software settings, if a vehicle occupant places an obstruction such as a body part between the frame and glass when the sunroof is closing, it may not reverse until significant pressure is reached. What are the hazards? If the sunroof does not operate as intended, it can increase the risk of serious injury to vehicle occupants.",https://www.vehiclerecalls.gov.au/recalls/rec-005954
REC-005955,1-May-24,JAGUAR,E-PACE,2020 - 2022,636,"Due to a manufacturing defect, the passenger airbag may tear during deployment. This could cause hot gases to escape from the airbag at high speed and result in insufficient protection to the passenger. Due to a manufacturing defect, the passenger airbag may tear during deployment. This could cause hot gases to escape from the airbag at high speed and result in insufficient protection to the passenger. What are the hazards? In the event of an accident, the airbag not deploying as intended could increase the risk of injury or death to vehicle occupants.",https://www.vehiclerecalls.gov.au/recalls/rec-005955
REC-005956,29-Apr-24,JEEP,KL Cherokee,2013 - 2015,"10,158","Due to a manufacturing defect, the power liftgate module (PLGM) may fail due to an electrical short circuit. This may result in a vehicle fire with the ignition turned on or off. Due to a manufacturing defect, the power liftgate module (PLGM) may fail due to an electrical short circuit. This may result in a vehicle fire with the ignition turned on or off. What are the hazards? A vehicle fire could increase the risk of an accident, causing serious injury or death to vehicle occupants, other road users, bystanders, and/or damage to property.",https://www.vehiclerecalls.gov.au/recalls/rec-005956
REC-005957,29-Apr-24,JEEP,WL Grand Cherokee,2021 - 2023,"2,868","The upper control arm retaining bolts may have been damaged during vehicle assembly. This may cause the upper control arm to detach from the steering knuckle while driving, resulting in a loss of control. The upper control arm retaining bolts may have been damaged during vehicle assembly. This may cause the upper control arm to detach from the steering knuckle while driving, resulting in a loss of control. What are the hazards? A loss of vehicle control increases the risk of an accident, causing serious injuries or death to the driver and/or vehicle occupants or other road users.",https://www.vehiclerecalls.gov.au/recalls/rec-005957
REC-005958,6-May-24,PORSCHE,Taycan (Y1A/Y1B/Y1C),2019 - 2023,31,"Due to a manufacturing issue, the cell modules installed in the high voltage battery may be defective. A short circuit could cause a thermal overload and result in a vehicle fire over time. Due to a manufacturing issue, the cell modules installed in the high voltage battery may be defective. A short circuit could cause a thermal overload and result in a vehicle fire over time. What are the hazards? A vehicle fire could increase the risk of injury or death to vehicle occupants, other road users and bystanders, and/or damage to property.",https://www.vehiclerecalls.gov.au/recalls/rec-005958
REC-005960,15-May-24,Ford,ESCAPE,2021,159,"Due to a manufacturing defect, over time and under certain conditions friction and excessive movement in the steering gear could result in a loss of steering control. Due to a manufacturing defect, over time and under certain conditions friction and excessive movement in the steering gear could result in a loss of steering control. What are the hazards? A loss of steering control could increase the risk of an accident causing injury or death to vehicle occupants and/or other road users.",https://www.vehiclerecalls.gov.au/recalls/rec-005960
REC-005962,20-May-24,KIA,SP2 Seltos,2023,292,"Due to a manufacturing defect, the side curtain airbag may inflate without warning. Due to a manufacturing defect, the side curtain airbag may inflate without warning. What are the hazards? Inadvertent inflation of the airbag may lead to driver distraction and increase the risk of injury or death to vehicle occupants.",https://www.vehiclerecalls.gov.au/recalls/rec-005962
REC-005963,17-May-24,Ford,F-150,2021 - 2023,"4,630",The courtesy lamps fitted in the vehicles do not comply with the requirements set out in the Australian Design Rules (ADR). The courtesy lamps fitted in the vehicles do not comply with the requirements set out in the Australian Design Rules (ADR). What are the hazards? The affected vehicles do not comply with ADR 13/00 - Installation of Lighting and Light Signalling Devices.,https://www.vehiclerecalls.gov.au/recalls/rec-005963
REC-005964,20-May-24,MINI,Cooper S,2020 - 2022,5,"Due to a manufacturing defect, the sealing of the high-voltage battery housing may be insufficient, allowing moisture to enter into the battery compartment. This may cause the vehicle's battery to turn off when driving resulting in a loss of motive power and/or vehicle fire. Note: the following message will appear on the central display, ""You can continue driving. High-voltage system. In order to avoid subsequent damage, have the issue checked by the Service Partner"". Due to a manufacturing defect, the sealing of the high-voltage battery housing may be insufficient, allowing moisture to enter into the battery compartment. This may cause the vehicle's battery to turn off when driving resulting in a loss of motive power and/or vehicle fire. Note: the following message will appear on the central display, ""You can continue driving. High-voltage system. In order to avoid subsequent damage, have the issue checked by the Service Partner"".",https://www.vehiclerecalls.gov.au/recalls/rec-005964
REC-005965,16-May-24,Mazda,BT-50 (TF),2021 - 2023,"1,703","Due to a software issue within the Body Control Module, the parking lamps and number plate lamp may not illuminate when the vehicle is travelling below the speed of 10 kilometres per hour. Due to a software issue within the Body Control Module, the parking lamps and number plate lamp may not illuminate when the vehicle is travelling below the speed of 10 kilometres per hour. What are the hazards? If the vehicle's lights do not work as intended, other road users may not be able to identify the vehicle in parked position and when driven at night. This could lead to an increased risk of accident, resulting in serious injury and/or death to vehicle occupants and other road users.",https://www.vehiclerecalls.gov.au/recalls/rec-005965
REC-005966,20-May-24,MINI,Cooper S,2021 - 2022,4,"Due to a manufacturing defect, the high-voltage battery housing in affected vehicles have an insulation fault. This may cause the vehicle's battery to turn off when driving resulting in a loss of motive power and, in the event of water ingress a vehicle fire. Note: the following message will appear on the central display, ""You can continue driving. High-voltage system. In order to avoid subsequent damage, have the issue checked by the Service Partner"". Due to a manufacturing defect, the high-voltage battery housing in affected vehicles have an insulation fault. This may cause the vehicle's battery to turn off when driving resulting in a loss of motive power and, in the event of water ingress a vehicle fire. Note: the following message will appear on the central display, ""You can continue driving. High-voltage system. In order to avoid subsequent damage, have the issue checked by the Service Partner"".",https://www.vehiclerecalls.gov.au/recalls/rec-005966
REC-005967,20-May-24,Mercedes-Benz,907 and 910 Sprinter Vans,2023,92,"Due to a manufacturing defect, the driver’s side B-pillar may not have been welded to the required specification. As a result, the reinforcement in pillar may become loose over time and could fail to transmit the seat belt forces to the B-pillar as intended. Due to a manufacturing defect, the driver’s side B-pillar may not have been welded to the required specification. As a result, the reinforcement in pillar may become loose over time and could fail to transmit the seat belt forces to the B-pillar as intended. What are the hazards? In the event of an accident, if the seat belt does not operate as intended, the occupant may not receive the full protection of the seatbelt system and this could increase the risk of injury or death to vehicle occupants.",https://www.vehiclerecalls.gov.au/recalls/rec-005967
REC-005968,23-May-24,Volvo,EX30,2023 - 2024,"1,254","Due to a software error, the infotainment unit screen may enter a test mode during start-up of the vehicle. This may prevent key information such as the vehicle's speed from being displayed. Due to a software error, the infotainment unit screen may enter a test mode during start-up of the vehicle. This may prevent key information such as the vehicle's speed from being displayed. What are the hazards? Failure to display key information may potentially increase the risk of injury or death to vehicle occupants and other road users.",https://www.vehiclerecalls.gov.au/recalls/rec-005968
REC-005970,30-May-24,Ford,Transit Custom,2023 - 2024,"1,117","Due to a software issue within the Power Steering Control Module (PSCM) the Lane Change Warning Assist (LCWA) feature may not operate as intended. As a result, there is an increased chance of a collision with another vehicle. Due to a software issue within the Power Steering Control Module (PSCM) the Lane Change Warning Assist (LCWA) feature may not operate as intended. As a result, there is an increased chance of a collision with another vehicle. What are the hazards? A loss of LCWA feature could increase the risk of an accident, causing serious injury to vehicle occupants and other road users.",https://www.vehiclerecalls.gov.au/recalls/rec-005970
REC-005971,30-May-24,Ford,Mach-E and E-Transit,2022 - 2023,241,"The charge cables fitted to the vehicles are missing the required Regulatory Compliance Mark (RCM) certification label specified by the Electrical Equipment Safety Systems / Australian Communications Media Authority, EESS/ACMA (RCM AS/NZS 4417.1). The charge cables fitted to the vehicles are missing the required Regulatory Compliance Mark (RCM) certification label specified by the Electrical Equipment Safety Systems / Australian Communications Media Authority, EESS/ACMA (RCM AS/NZS 4417.1). What are the hazards? In the absence of the necessary labelling, vehicles may not meet the required standards. There is no safety hazard associated with this recall and the defect will not affect the performance of the vehicle.",https://www.vehiclerecalls.gov.au/recalls/rec-005971
REC-005972,29-May-24,KIA,Stinger,2017 - 2023,580,"Due to a manufacturing defect, the High-Pressure Fuel pump may cause over-pressurisation in the fuel system. This could impair the fuel supply to the engine and result in warning light and a loss of motive power. Due to a manufacturing defect, the High-Pressure Fuel pump may cause over-pressurisation in the fuel system. This could impair the fuel supply to the engine and result in warning light and a loss of motive power. What are the hazards? A loss of motive power whilst driving could increase the risk of an accident causing injury or death to vehicle occupants and/or other road users.",https://www.vehiclerecalls.gov.au/recalls/rec-005972
REC-005973,24-May-24,Mazda,CX-90 (KK),2023,509,"Due to a calibration issue within the Vehicle Control Module (VCM), when driving at low speeds the vehicle may falsely detect reflective objects such as metal walls, barriers or similar objects on the side of the road as an approaching object. This may trigger an unintended brake activation. Due to a calibration issue within the Vehicle Control Module (VCM), when driving at low speeds the vehicle may falsely detect reflective objects such as metal walls, barriers or similar objects on the side of the road as an approaching object. This may trigger an unintended brake activation. What are the hazards? Unintended brake activation could increase the risk of an accident causing injury or death to vehicle occupants and other road users.",https://www.vehiclerecalls.gov.au/recalls/rec-005973
REC-005974,31-May-24,Ford,MUSTANG,2021 - 2023,610,"Due to a manufacturing defect, the low-pressure fuel delivery line may not meet specifications. This could result in the vehicle encountering fuel evaporation outside the requirements of Emissions Standards Regulations. Due to a manufacturing defect, the low-pressure fuel delivery line may not meet specifications. This could result in the vehicle encountering fuel evaporation outside the requirements of Emissions Standards Regulations. What are the hazards? There is no safety hazard associated with this recall and the defect will not affect the performance of the vehicle. Vehicles are not compliant with Australian Design Rule 79/04 – Emissions Control for Light Vehicles.",https://www.vehiclerecalls.gov.au/recalls/rec-005974
REC-005975,29-May-24,PORSCHE,Taycan (Y1A/Y1B/Y1C),2018 - 2024,21,"Due to a manufacturing issue, the cell modules installed in the high voltage battery may be defective. A short circuit could cause a thermal overload and result in a vehicle fire over time. The potential defect can be determined with an initial check. Due to a manufacturing issue, the cell modules installed in the high voltage battery may be defective. A short circuit could cause a thermal overload and result in a vehicle fire over time. The potential defect can be determined with an initial check. What are the hazards? A vehicle fire could increase the risk of injury or death to vehicle occupants, other road users and bystanders, and/or damage to property.",https://www.vehiclerecalls.gov.au/recalls/rec-005975
REC-005976,12-Jun-24,LAMBORGHINI,Urus,2022 - 2024,94,"The hood latch striker rivet studs may have been assembled with insufficient deformation. If this occurs, at high speeds small gaps between the hood and front bumper could develop. This may potentially cause the latch system to fail, resulting in the hood opening abruptly or detaching from the vehicle. The hood latch striker rivet studs may have been assembled with insufficient deformation. If this occurs, at high speeds small gaps between the hood and front bumper could develop. This may potentially cause the latch system to fail, resulting in the hood opening abruptly or detaching from the vehicle.",https://www.vehiclerecalls.gov.au/recalls/rec-005976
REC-005977,4-Jun-24,AUDI,e-tron,2020 - 2024,369,"Due to a manufacturing issue, the cell modules installed in the high voltage battery may be defective. A short circuit could cause a thermal overload and result in a vehicle fire over time. The potential defect can be determined with an initial check. Due to a manufacturing issue, the cell modules installed in the high voltage battery may be defective. A short circuit could cause a thermal overload and result in a vehicle fire over time. The potential defect can be determined with an initial check. What are the hazards? A vehicle fire could increase the risk of injury or death to vehicle occupants, other road users and bystanders, and/or damage to property.",https://www.vehiclerecalls.gov.au/recalls/rec-005977
REC-005978,6-Jun-24,HYUNDAI,Kona (SX2) and i30 Sedan (CN7),2024,946,The Exhaust Gas Recirculation (EGR) valve sensor may have been exposed to soldering flux contamination during manufacture. This could cause a short circuit within the sensor resulting in a loss of motive power whilst driving. The Exhaust Gas Recirculation (EGR) valve sensor may have been exposed to soldering flux contamination during manufacture. This could cause a short circuit within the sensor resulting in a loss of motive power whilst driving. What are the hazards? A loss of motive power whilst driving could increase the risk of an accident causing injury or death to vehicle occupants and/or other road users.,https://www.vehiclerecalls.gov.au/recalls/rec-005978
REC-005979,13-Jun-24,LEXUS,LX600 (VJA310),2021 - 2022,184,"Due to a manufacturing defect, there is a possibility of engine machining debris contamination within the engine. This could lead to potential engine knocking, rough running and/or stalling during operation causing a loss of motive power. Due to a manufacturing defect, there is a possibility of engine machining debris contamination within the engine. This could lead to potential engine knocking, rough running and/or stalling during operation causing a loss of motive power. What are the hazards? A loss of motive power or engine stalling whilst driving could increase the risk of an accident causing injury or death to vehicle occupants and/or other road users.",https://www.vehiclerecalls.gov.au/recalls/rec-005979
REC-005981,25-Jun-24,KIA,SG2 Niro EV,2023,2,The Gear Drive Unit (GDU) assembly bolts may not have been tightened to the torque sufficiently causing it to possibly fail and result in a loss of motive power. The Gear Drive Unit (GDU) assembly bolts may not have been tightened to the torque sufficiently causing it to possibly fail and result in a loss of motive power. What are the hazards? A loss of motive power whilst driving could increase the risk of an accident causing injury or death to vehicle occupants and/or other road users.,https://www.vehiclerecalls.gov.au/recalls/rec-005981
REC-005982,21-Jun-24,LAND ROVER,RANGE ROVER,2023 - 2024,6,"The clutch plates within the hybrid transmission may not meet manufacturing specifications. As a result, the clutch plates may overheat causing material degradation and potential transmission oil contamination. This may result in reduced oil pressure triggering the transmission to shift into neutral whilst driving. The clutch plates within the hybrid transmission may not meet manufacturing specifications. As a result, the clutch plates may overheat causing material degradation and potential transmission oil contamination. This may result in reduced oil pressure triggering the transmission to shift into neutral whilst driving.",https://www.vehiclerecalls.gov.au/recalls/rec-005982
REC-005983,28-Jun-24,Chevrolet,Corvette,2024,63,"Due to a manufacturing defect, the front seat belt Automatic Locking Retractors (ALR) may engage earlier than intended and lock the retractor when an occupant is attempting to fasten the seatbelt. This may result in the vehicle occupants being unable to correctly fasten the seat belt as intended. Due to a manufacturing defect, the front seat belt Automatic Locking Retractors (ALR) may engage earlier than intended and lock the retractor when an occupant is attempting to fasten the seatbelt. This may result in the vehicle occupants being unable to correctly fasten the seat belt as intended. What are the hazards? The seatbelts not operating as intended could leave the vehicle occupants without the primary safety restraint. The affected vehicles do not comply with Australian Design Rule 04/06 – Seatbelts.",https://www.vehiclerecalls.gov.au/recalls/rec-005983
REC-005984,24-Jun-24,PEUGEOT,Partner,2023,69,"Due to a software issue within the Engine Management Control (EMC) unit, the Hydraulic Brake Compensation (HBC) system may not operate as intended. This could lead to reduced braking performance and a loss of braking assistance. Due to a software issue within the Engine Management Control (EMC) unit, the Hydraulic Brake Compensation (HBC) system may not operate as intended. This could lead to reduced braking performance and a loss of braking assistance. What are the hazards? A reduction in braking performance and/or a loss of safety systems could increase the risk of an accident causing injury or death to vehicle occupants and/or other road users.",https://www.vehiclerecalls.gov.au/recalls/rec-005984
REC-005991,21-Jun-24,Ford,Escape,2022,15,"Due to a software issue, the Hybrid Powertrain Control Module (HPCM) may inadvertently shift to neutral while driving, come to a stop and automatically shifting to “Park”. If this occurs and the driver shifts back into drive, the vehicle will enter a limp home mode which provides limited torque at low speeds. Due to a software issue, the Hybrid Powertrain Control Module (HPCM) may inadvertently shift to neutral while driving, come to a stop and automatically shifting to “Park”. If this occurs and the driver shifts back into drive, the vehicle will enter a limp home mode which provides limited torque at low speeds.",https://www.vehiclerecalls.gov.au/recalls/rec-005991
REC-005999,24-Jun-24,Honda,ODYSSEY,2017,1,"Due to an improper manufacturing process, a component within the fuel pump could swell causing the fuel pump to become inoperative. Due to an improper manufacturing process, a component within the fuel pump could swell causing the fuel pump to become inoperative. What are the hazards? If the fuel pump stops working, this could stop the engine from starting or stall the engine while driving. This may increase the risk of an accident and may result in serious injury to vehicle occupants and/or other road users. Warning: The hazard posed to consumers from this safety defect includes the risk of an accident resulting in serious injury or death.",https://www.vehiclerecalls.gov.au/recalls/rec-005999
REC-006002,21-Jun-24,JAGUAR,F-PACE,2023 - 2024,3,"Due to a manufacturing defect, the oil filter housing may not meet specifications and could crack over time. If this occurs, oil could leak into the engine bay and accumulate in the presence of an ignition source resulting in a vehicle fire. Due to a manufacturing defect, the oil filter housing may not meet specifications and could crack over time. If this occurs, oil could leak into the engine bay and accumulate in the presence of an ignition source resulting in a vehicle fire. What are the hazards? A vehicle fire could increase the risk of serious injury or death to vehicle occupants, other road users and bystanders, and/or damage to property.",https://www.vehiclerecalls.gov.au/recalls/rec-006002
REC-006003,21-Jun-24,LAND ROVER,Land Rover,2023 - 2024,149,"Due to a manufacturing defect, the oil filter housing may not meet specifications and could crack over time. If this occurs, oil could leak into the engine bay and accumulate in the presence of an ignition source resulting in a vehicle fire. Due to a manufacturing defect, the oil filter housing may not meet specifications and could crack over time. If this occurs, oil could leak into the engine bay and accumulate in the presence of an ignition source resulting in a vehicle fire. What are the hazards? A vehicle fire could increase the risk of serious injury or death to vehicle occupants, other road users and bystanders, and/or damage to property.",https://www.vehiclerecalls.gov.au/recalls/rec-006003
REC-006004,24-Jun-24,Mercedes-Benz,Certain EQE and EQS,2023,"1,465","A software issue in the Battery Management System (BMS) may cause deactivation of the high voltage battery. As a result, the vehicle may experience a loss of propulsion whilst driving. A software issue in the Battery Management System (BMS) may cause deactivation of the high voltage battery. As a result, the vehicle may experience a loss of propulsion whilst driving. What are the hazards? A loss of propulsion whilst driving could increase the risk of an accident causing injury or death to vehicle occupants.",https://www.vehiclerecalls.gov.au/recalls/rec-006004
REC-006007,5-Jul-24,Mercedes-Benz,206 C Class with code 555,2023,60,"Due to operation of the seat back rest, the driver and passenger side air bag wiring harnesses may become damaged over time caused by seat adjustment. This could impair the deployment of the side airbag installed in the seats. Due to operation of the seat back rest, the driver and passenger side air bag wiring harnesses may become damaged over time caused by seat adjustment. This could impair the deployment of the side airbag installed in the seats. What are the hazards? In the event of an accident, an airbag not deploying as intended could increase the risk of injury or death to vehicle occupants.",https://www.vehiclerecalls.gov.au/recalls/rec-006007
REC-006010,2-Jul-24,Ford,F150,2022 - 2023,219,"The courtesy lamps fitted in the vehicle do not comply with the requirements set out under Australian Design Rule (ADR) 13/00 - Installation of Lighting and Light-signalling Devices on other than L-Group Vehicles. In addition, if the driver of the vehicle actively chooses to disable the Pre-Collision Assist (PCA) feature (which includes the Autonomous Emergency Brake (AEB) function) the AEB will not reactivate after an ignition cycle as per the requirements set out under ADR 98/00 - Advanced Emergency Braking for Passenger Vehicles and Light Goods Vehicles. The courtesy lamps fitted in the vehicle do not comply with the requirements set out under Australian Design Rule (ADR) 13/00 - Installation of Lighting and Light-signalling Devices on other than L-Group Vehicles. In addition, if the driver of the vehicle actively chooses to disable the Pre-Collision Assist (PCA) feature (which includes the Autonomous Emergency Brake (AEB) function) the AEB will not reactivate after an ignition cycle as per the requirements set out under ADR 98/00 - Advanced Emergency Braking for Passenger Vehicles and Light Goods Vehicles.",https://www.vehiclerecalls.gov.au/recalls/rec-006010
REC-006011,26-Jun-24,INFINITI,Y51 Q70,2012 - 2016,65,"The propeller shaft may not meet manufacturing specifications and could fail. As a result, the vehicle will experience a loss of motive power whilst driving. The propeller shaft may not meet manufacturing specifications and could fail. As a result, the vehicle will experience a loss of motive power whilst driving. What are the hazards? A loss of motive power whilst driving could increase the risk of an accident causing injury or death to vehicle occupants and/or other road users.",https://www.vehiclerecalls.gov.au/recalls/rec-006011
REC-006012,2-Jul-24,Ford,F150,2021 - 2023,645,"The side direction indicator lamps fitted in the vehicle do not comply with the requirements set out under Australian Design Rule (ADR) 06/00 - Direction Indicators. The courtesy lamps, fog lamps and daytime running lamps fitted in the vehicle do not comply with the requirements set out under ADR 13/00 - Installation of Lighting and Light-signalling Devices on other than L-Group Vehicles. In addition, if the driver of the vehicle actively chooses to disable the Pre-Collision Assist (PCA) feature (which includes the Autonomous Emergency Brake (AEB) function) the AEB will not reactivate after an ignition cycle as per the requirements set out under ADR 98/00 - Advanced Emergency Braking for Passenger Vehicles and Light Goods Vehicles.",https://www.vehiclerecalls.gov.au/recalls/rec-006012
REC-006013,2-Jul-24,Ford,F150,2021 - 2023,"1,087","The courtesy lamps, fog lamps and daytime running lamps fitted in the vehicle do not comply with the requirements set out under Australian Design Rule (ADR) 13/00 - Installation of Lighting and Light-signalling Devices on other than L-Group Vehicles. In addition, if the driver of the vehicle actively chooses to disable the Pre-Collision Assist (PCA) feature (which includes the Autonomous Emergency Brake (AEB) function) the AEB will not reactivate after an ignition cycle as per the requirements set out under ADR 98/00 - Advanced Emergency Braking for Passenger Vehicles and Light Goods Vehicles. The courtesy lamps, fog lamps and daytime running lamps fitted in the vehicle do not comply with the requirements set out under Australian Design Rule (ADR) 13/00 - Installation of Lighting and Light-signalling Devices on other than L-Group Vehicles. In addition, if the driver of the vehicle actively chooses to disable the Pre-Collision Assist (PCA) feature (which includes the Autonomous Emergency Brake (AEB) function) the AEB will not reactivate after an ignition cycle as per the requirements set out under ADR 98/00 - Advanced Emergency Braking for Passenger Vehicles and Light Goods Vehicles",https://www.vehiclerecalls.gov.au/recalls/rec-006013
REC-006014,2-Jul-24,Ford,F150,2021 - 2023,119,"The side direction indicator lamps fitted in the vehicle do not comply with the requirements set out under Australian Design Rule (ADR) 06/00 - Direction Indicators. The courtesy lamps, fog lamps and daytime running lamps fitted in the vehicle do not comply with the requirements set out under ADR 13/00 - Installation of Lighting and Light-signalling Devices on other than L-Group Vehicles. In addition, if the driver of the vehicle actively chooses to disable the Pre-Collision Assist (PCA) feature (which includes the Autonomous Emergency Brake (AEB) function) the AEB will not reactivate after an ignition cycle as per the requirements set out under ADR 98/00 - Advanced Emergency Braking for Passenger Vehicles and Light Goods Vehicles.",https://www.vehiclerecalls.gov.au/recalls/rec-006014
REC-006015,26-Jun-24,INFINITI,V37 Q50,2013 - 2019,353,"The propeller shaft may not meet manufacturing specifications and could fail. As a result, the vehicle will experience a loss of motive power whilst driving. The propeller shaft may not meet manufacturing specifications and could fail. As a result, the vehicle will experience a loss of motive power whilst driving. What are the hazards? A loss of motive power whilst driving could increase the risk of an accident causing injury or death to vehicle occupants and/or other road users.",https://www.vehiclerecalls.gov.au/recalls/rec-006015
REC-006019,4-Jul-24,HYUNDAI,Palisade 3.8 GDi,2023,16,"Due to a manufacturing defect, under certain conditions the engine valve springs may crack. If this occurs, the engine could stall resulting in a loss of motive power. Due to a manufacturing defect, under certain conditions the engine valve springs may crack. If this occurs, the engine could stall resulting in a loss of motive power. What are the hazards? A loss of motive power whilst driving could increase the risk of an accident causing injury or death to vehicle occupants and/or other road users.",https://www.vehiclerecalls.gov.au/recalls/rec-006019
REC-006020,5-Jul-24,Mercedes-Benz,CLS,2021,3,"Due to a software issue with the airbag control unit, the pedestrian detection sensor may not function as intended. Due to a software issue with the airbag control unit, the pedestrian detection sensor may not function as intended. What are the hazards? In the event of an accident, if the pedestrian detection pop-up bonnet feature does not operate as intended it could increase the risk of injury or death to pedestrians.",https://www.vehiclerecalls.gov.au/recalls/rec-006020
REC-006021,29-Jul-24,Ford,Ranger,2021 - 2022,13,"Due to a software issue, the engine may generate more soot than intended which could cause the vehicle to trigger more frequent regenerations of Diesel Particulate Filter (DPF). This could result in the vehicle producing emissions outside the requirements of Emissions Standards Regulations. This may also lead to potential failure of the DPF. Due to a software issue, the engine may generate more soot than intended which could cause the vehicle to trigger more frequent regenerations of Diesel Particulate Filter (DPF). This could result in the vehicle producing emissions outside the requirements of Emissions Standards Regulations. This may also lead to potential failure of the DPF.",https://www.vehiclerecalls.gov.au/recalls/rec-006021
REC-006022,15-Jul-24,TESLA,3,2019 - 2020,331,"Due to an issue with driver seat occupancy switch, the instrument cluster may fail to illuminate the visual and audible seat belt warnings in certain conditions as required by the Australian Design Rules (ADR). Due to an issue with driver seat occupancy switch, the instrument cluster may fail to illuminate the visual and audible seat belt warnings in certain conditions as required by the Australian Design Rules (ADR). What are the hazards? If the driver is not made aware of an unfastened seatbelt, there is an increased risk of injury or death in case the vehicle is involved in an accident. The vehicle may not be compliant with ADR 04/06 - Seatbelts.",https://www.vehiclerecalls.gov.au/recalls/rec-006022
REC-006024,22-Jul-24,GWM,Tank 300 HEV,2023,975,The adjusting rod used to operate the vehicle jack is of incorrect specification and may not function as intended. The adjusting rod used to operate the vehicle jack is of incorrect specification and may not function as intended. What are the hazards? There is no safety hazard and the defect will not affect the performance of the vehicle. Vehicles may not be compliant with the Australian Standard AS 2693-2007 and the jack cannot be used for wheel removal.,https://www.vehiclerecalls.gov.au/recalls/rec-006024
REC-006026,15-Jul-24,Mercedes-Benz,C Class,2021 - 2022,88,"Due to a manufacturing issue, a retaining screw between the vehicle’s electrical wiring and the fuse box located in the front passenger footwell may not have been tightened sufficiently. As a result, the vehicle may experience a loss of propulsion whilst driving. In addition, electrical resistance in the wiring could increase resulting in a vehicle fire. Due to a manufacturing issue, a retaining screw between the vehicle’s electrical wiring and the fuse box located in the front passenger footwell may not have been tightened sufficiently. As a result, the vehicle may experience a loss of propulsion whilst driving. In addition, electrical resistance in the wiring could increase resulting in a vehicle fire.",https://www.vehiclerecalls.gov.au/recalls/rec-006026
REC-006027,26-Jul-24,KIA,DE Niro,2020 - 2022,"1,366","Due to a manufacturing defect, moisture may enter into the Printed Circuit Board (PCB) in the Hydraulic Clutch Actuator (HCA). This could cause an electrical short circuit and result in a vehicle fire. Due to a manufacturing defect, moisture may enter into the Printed Circuit Board (PCB) in the Hydraulic Clutch Actuator (HCA). This could cause an electrical short circuit and result in a vehicle fire. What are the hazards? A vehicle fire could increase the risk of injury or death to vehicle occupants, other road users and bystanders, and/or damage to property.",https://www.vehiclerecalls.gov.au/recalls/rec-006027
REC-006028,17-Jul-24,RAM TRUCKS,2500,2021 - 2022,"1,201","Due to a software issue with the Anti-Lock Brake System (ABS), the Electronic Stability Control (ESC) may fail. This may result in a loss of vehicle control. Due to a software issue with the Anti-Lock Brake System (ABS), the Electronic Stability Control (ESC) may fail. This may result in a loss of vehicle control. What are the hazards? A loss of vehicle control could increase the risk of an accident, causing injury or death to vehicle occupants and other road users.",https://www.vehiclerecalls.gov.au/recalls/rec-006028
REC-006030,19-Jul-24,PORSCHE,Taycan (Y1A / Y1B / Y1C),2019 - 2024,"1,658","Due to a manufacturing defect, the front brake hoses may be defective. This may lead to a brake fluid leak resulting in a reduction in braking performance. Due to a manufacturing defect, the front brake hoses may be defective. This may lead to a brake fluid leak resulting in a reduction in braking performance. What are the hazards? A reduction in braking performance could increase the risk of an accident causing injury or death to vehicle occupants and other road users.",https://www.vehiclerecalls.gov.au/recalls/rec-006030
REC-006035,26-Jul-24,BMW,Multiple F series s,2009 - 2017,"57,928","This recall has been updated for expansion of VINs. Some vehicles may have been converted after production with steering wheel variants containing a faulty Takata inflator. As a result, the driver's airbag inflator may rupture in the event of airbag deployment. This recall has been updated for expansion of VINs. Some vehicles may have been converted after production with steering wheel variants containing a faulty Takata inflator. As a result, the driver's airbag inflator may rupture in the event of airbag deployment. What are the hazards? In the event of an accident, a faulty airbag inflator could rupture, compressed gas and metal fragments may be propelled through the airbag cushion towards the vehicle occupants causing serious injury or death.",https://www.vehiclerecalls.gov.au/recalls/rec-006035
REC-006036,26-Jul-24,BMW,"1 Series, 3 Series, X1, X3 (E83, E84, E87, E90, E91)",2004 - 2014,"12,700","Some vehicles may have been converted after production with steering wheel variants containing a faulty Takata inflator. As a result, the driver's airbag inflator may rupture in the event of airbag deployment. The ACCC has published a related high risk recall. For further information go to the ACCC Product Safety website. Recall reference number PRA 2025/20544. Some vehicles may have been converted after production with steering wheel variants containing a faulty Takata inflator. As a result, the driver's airbag inflator may rupture in the event of airbag deployment. The ACCC has published a related high risk recall. For further information go to the ACCC Product Safety website. Recall reference number PRA 2025/20544.",https://www.vehiclerecalls.gov.au/recalls/rec-006036
REC-006041,1-Aug-24,HYUNDAI,"Veloster (FS), ix35 (LM), Accent (RM), i40 (VF), Santa Fe (DM), iMax and iLoad (TQ)",2007 - 2014,"113,525","Due to a manufacturing defect, brake fluid may leak into the Antilock Brake System (ABS) control module. This could cause an electrical short circuit leading to a vehicle engine compartment fire while parked or driving. Due to a manufacturing defect, brake fluid may leak into the Antilock Brake System (ABS) control module. This could cause an electrical short circuit leading to a vehicle engine compartment fire while parked or driving. What are the hazards? A vehicle fire could increase the risk of an accident causing serious injury or death to vehicle occupants, other road users, bystanders and/or damage to property.",https://www.vehiclerecalls.gov.au/recalls/rec-006041
REC-006042,1-Aug-24,TESLA,Y and 3,2020 - 2024,"34,993","Due to manufacturing defect, the bonnet latch assembly may not detect when it is opened by the driver and therefore fail to warn the driver of ""open bonnet"". If the vehicle is driven with unlatched bonnet, it may open abruptly when driving and could result in obstruction of the driver’s view. Due to manufacturing defect, the bonnet latch assembly may not detect when it is opened by the driver and therefore fail to warn the driver of ""open bonnet"". If the vehicle is driven with unlatched bonnet, it may open abruptly when driving and could result in obstruction of the driver’s view. What are the hazards? Obstruction of the driver’s view may increase the risk of an accident causing injury or death to road users.",https://www.vehiclerecalls.gov.au/recalls/rec-006042
REC-006044,2-Aug-24,KIA,MY 2018-2022 CK Stinger,2016 - 2021,"6,879","The left-hand turbocharger oil feed pipe and hose assembly may deteriorate due to heat from the exhaust manifold. If this occurs, oil could leak into the engine bay and contact hot engine components, resulting in a vehicle fire. The left-hand turbocharger oil feed pipe and hose assembly may deteriorate due to heat from the exhaust manifold. If this occurs, oil could leak into the engine bay and contact hot engine components, resulting in a vehicle fire. What are the hazards? A vehicle fire could increase the risk of injury or death to vehicle occupants, other road users, bystanders and/or damage to property.",https://www.vehiclerecalls.gov.au/recalls/rec-006044
REC-006046,2-Aug-24,Mazda,Mazda CX-60 (KH) CX-90 (KK),2023 - 2024,860,"Due to a software issue in the transmission control module, if the brake pedal is firmly depressed to stop the vehicle the clutch for the engine and electric motor may remain disengaged during deceleration. If this occurs, power from the engine or electric motor may not be transmitted when the accelerator pedal is depressed. Due to a software issue in the transmission control module, if the brake pedal is firmly depressed to stop the vehicle the clutch for the engine and electric motor may remain disengaged during deceleration. If this occurs, power from the engine or electric motor may not be transmitted when the accelerator pedal is depressed.",https://www.vehiclerecalls.gov.au/recalls/rec-006046
REC-006047,2-Aug-24,Mercedes-Benz,Certain C Class,2021 - 2022,7,"Due to a manufacturing defect, wiring harness earth connection bolts may not have been fastened with sufficient torque. This may increase the electrical resistance of the wiring harness and could result in a vehicle fire. Due to a manufacturing defect, wiring harness earth connection bolts may not have been fastened with sufficient torque. This may increase the electrical resistance of the wiring harness and could result in a vehicle fire. What are the hazards? A vehicle fire could increase the risk of an accident, causing serious injury or death to vehicle occupants, other road users and bystanders, and/or damage to property.",https://www.vehiclerecalls.gov.au/recalls/rec-006047
REC-006049,6-Aug-24,GENESIS,G70 (IK),2017 - 2021,166,"The left-hand turbocharger oil feed pipe and hose assembly may deteriorate due to heat from the exhaust manifold. If this occurs, oil could leak into the engine bay and accumulate in the presence of an ignition source resulting in a vehicle fire. The left-hand turbocharger oil feed pipe and hose assembly may deteriorate due to heat from the exhaust manifold. If this occurs, oil could leak into the engine bay and accumulate in the presence of an ignition source resulting in a vehicle fire. What are the hazards? A vehicle fire could increase the risk of injury or death to vehicle occupants, other road users and/or bystanders.",https://www.vehiclerecalls.gov.au/recalls/rec-006049
REC-006050,12-Aug-24,BMW,"X3, X3M, Alpina XD3 (G01, F97)",2017 - 2024,"26,547","The attachment for the interior cargo rail may become damaged in the event of an extreme rear impact. This could result in the interior cargo rail detaching from the vehicle. The attachment for the interior cargo rail may become damaged in the event of an extreme rear impact. This could result in the interior cargo rail detaching from the vehicle. What are the hazards? If the interior cargo rail detaches from the vehicle, it can increase the risk of serious injury to vehicle passengers.",https://www.vehiclerecalls.gov.au/recalls/rec-006050
REC-006052,8-Aug-24,ISUZU,D-MAX & MU-X,2020 - 2024,"149,048","Due to a software issue, the Engine Control Module (ECM) may incorrectly reduce the engine speed. If this occurs, the engine may stall, resulting in a loss of motive power. Due to a software issue, the Engine Control Module (ECM) may incorrectly reduce the engine speed. If this occurs, the engine may stall, resulting in a loss of motive power. What are the hazards? A loss of motive power whilst driving could increase the risk of an accident causing injury or death to vehicle occupants and/or other road users.",https://www.vehiclerecalls.gov.au/recalls/rec-006052
REC-006053,8-Aug-24,ISUZU,D-MAX,2020 - 2023,"36,966","The fuel delivery hose may have been installed incorrectly and come into contact with the engine oil level gauge bracket resulting in premature wear. Fuel may leak from a damaged hose and, in the presence of an external ignition source, result in a vehicle fire. The fuel delivery hose may have been installed incorrectly and come into contact with the engine oil level gauge bracket resulting in premature wear. Fuel may leak from a damaged hose and, in the presence of an external ignition source, result in a vehicle fire. What are the hazards? A vehicle fire could increase the risk of injury or death to vehicle occupants, other road users or bystanders and/or damage to property.",https://www.vehiclerecalls.gov.au/recalls/rec-006053
REC-006055,12-Aug-24,GENESIS,"G80 (RG3), GV70 (JK1), GV80 (JX1)",2021 - 2022,787,"Due to a manufacturing defect, the fuel pump impeller may become deformed under certain environmental conditions, interrupting the fuel supply. If this occurs, the engine could stall resulting in a sudden loss of motive power. Due to a manufacturing defect, the fuel pump impeller may become deformed under certain environmental conditions, interrupting the fuel supply. If this occurs, the engine could stall resulting in a sudden loss of motive power. What are the hazards? A sudden loss of motive power whilst driving may increase the risk of an accident causing injury or death to vehicle occupants and/or other road users.",https://www.vehiclerecalls.gov.au/recalls/rec-006055
REC-006056,13-Aug-24,Mazda,Mazda BT-50 (TF),2020 - 2024,"55,738","Due to a manufacturing defect in the Engine Control Module (ECM), the fuel pump control valve may remain ‘open’ and fuel supply may be interrupted. If this occurs, the engine could stall resulting in a loss of power. Due to a manufacturing defect in the Engine Control Module (ECM), the fuel pump control valve may remain ‘open’ and fuel supply may be interrupted. If this occurs, the engine could stall resulting in a loss of power. What are the hazards? A loss of power whilst driving increases the risk of an accident, causing serious injury or death to vehicle occupants and other road users.",https://www.vehiclerecalls.gov.au/recalls/rec-006056
REC-006057,21-Aug-24,Renault,Master III,2014 - 2023,600,"Due to a manufacturing defect, the fuel delivery pipe may become damaged due to contact with the engine wiring harness. As a result, fuel may leak in the presence of an external ignition source resulting in a vehicle fire. Note: Vehicle occupants may identify a fuel odour when driving and/or fuel under vehicle. Due to a manufacturing defect, the fuel delivery pipe may become damaged due to contact with the engine wiring harness. As a result, fuel may leak in the presence of an external ignition source resulting in a vehicle fire. Note: Vehicle occupants may identify a fuel odour when driving and/or fuel under vehicle.",https://www.vehiclerecalls.gov.au/recalls/rec-006057
REC-006060,22-Aug-24,Mazda,Mazda BT-50 (TF),2020 - 2021,"10,957","The fuel hose may have been installed incorrectly and may come into contact with the engine oil level dipstick mounting bracket. As a result, fuel may leak from the damaged hose, and, in the presence of an external ignition source result in a vehicle fire. The fuel hose may have been installed incorrectly and may come into contact with the engine oil level dipstick mounting bracket. As a result, fuel may leak from the damaged hose, and, in the presence of an external ignition source result in a vehicle fire. What are the hazards? A vehicle fire could increase the risk of injury or death to vehicle occupants, other road users or bystanders and/or damage to property.",https://www.vehiclerecalls.gov.au/recalls/rec-006060
REC-006061,22-Aug-24,BMW,MINI and Alpina X s,2022 - 2024,"26,499","Due to a manufacturing defect, signal interference may occur within the electronics of the brake system. If the fault occurs, a higher pedal force may be required for braking. The anti-lock braking system and dynamic stability control will also not be available. Note: Drivers will be alerted by the brake warning light in the instrument cluster and a message will appear on the central display. Due to a manufacturing defect, signal interference may occur within the electronics of the brake system. If the fault occurs, a higher pedal force may be required for braking. The anti-lock braking system and dynamic stability control will also not be available. Note: Drivers will be alerted by the brake warning light in the instrument cluster and a message will appear on the central display.",https://www.vehiclerecalls.gov.au/recalls/rec-006061
REC-006063,30-Aug-24,BMW,"328i, 520i, 528i, X1, X3, Z4",2011 - 2018,"13,588","Due to a manufacturing defect, liquid may enter the electrical water pump connectors. This could cause an electrical short circuit leading to a vehicle fire. Due to a manufacturing defect, liquid may enter the electrical water pump connectors. This could cause an electrical short circuit leading to a vehicle fire. What are the hazards? A vehicle fire could increase the risk of injury or death to vehicle occupants, other road users or bystanders and/or damage to property.",https://www.vehiclerecalls.gov.au/recalls/rec-006063
REC-006064,29-Aug-24,ROLLS-ROYCE,Spectre ( RR25),2023 - 2024,23,"Due to a manufacturing defect, signal interference may occur within the electronics of the brake system. If this occurs, a higher pedal force may be required for braking. The anti-lock braking system and dynamic stability control will not be available. Note: Drivers will be alerted by the brake warning light in the instrument cluster and a message will appear on the central display. Drivers should follow the instructions provided and promptly contact their nearest Rolls-Royce Dealer. Due to a manufacturing defect, signal interference may occur within the electronics of the brake system. If this occurs, a higher pedal force may be required for braking. The anti-lock braking system and dynamic stability control will not be available. Note: Drivers will be alerted by the brake warning light in the instrument cluster and a message will appear on the central display. Drivers should follow the instructions provided and promptly contact their nearest Rolls-Royce Dealer.",https://www.vehiclerecalls.gov.au/recalls/rec-006064
REC-006065,30-Aug-24,RAM,"1500 DS, 2500 & 3500",2023 - 2024,137,"Due to a manufacturing defect, the Steering Column Control Module (SCCM) may have not been welded to the required specifications. As a result, the SCCM could fail to send an airbag deployment signal to the Occupant Restraint Controller preventing the driver's airbag from deploying. Due to a manufacturing defect, the Steering Column Control Module (SCCM) may have not been welded to the required specifications. As a result, the SCCM could fail to send an airbag deployment signal to the Occupant Restraint Controller preventing the driver's airbag from deploying. What are the hazards? In the event of an accident, the airbag not deploying as intended could increase the risk of injury or death to vehicle occupants.",https://www.vehiclerecalls.gov.au/recalls/rec-006065
REC-006066,30-Aug-24,GENESIS,make and information,2013 - 2016,"1,194","Due to a manufacturing defect, the sealing of the starter motor may be insufficient allowing moisture to enter into the unit. If this occurs, it could cause a short circuit leading to a vehicle engine compartment fire while parked or driving. Note: Affected vehicles should be parked in an open space and away from flammable materials and structures, i.e. not in a garage until the starter motor can be replaced by an authorised Hyundai dealership. Due to a manufacturing defect, the sealing of the starter motor may be insufficient allowing moisture to enter into the unit. If this occurs, it could cause a short circuit leading to a vehicle engine compartment fire while parked or driving. Note: Affected vehicles should be parked in an open space and away from flammable materials and structures, i.e. not in a garage until the starter motor can be replaced by an authorised Hyundai dealership.",https://www.vehiclerecalls.gov.au/recalls/rec-006066
REC-006067,30-Aug-24,GENESIS,G80 (DH) & G70 (IK),2016 - 2018,109,"Due to a manufacturing defect, the sealing of the starter motor may be insufficient allowing moisture to enter into the unit. If this occurs, it could cause a short circuit leading to a vehicle engine compartment fire while parked or driving. Note: Affected vehicles should be parked in an open space and away from flammable materials and structures, i.e. not in a garage until the starter motor can be replaced by an authorised Genesis dealership. Due to a manufacturing defect, the sealing of the starter motor may be insufficient allowing moisture to enter into the unit. If this occurs, it could cause a short circuit leading to a vehicle engine compartment fire while parked or driving. Note: Affected vehicles should be parked in an open space and away from flammable materials and structures, i.e. not in a garage until the starter motor can be replaced by an authorised Genesis dealership.",https://www.vehiclerecalls.gov.au/recalls/rec-006067
REC-006070,2-Sep-24,RAM TRUCKS,1500 (DT),2023 - 2024,166,"Due to a manufacturing defect, the Steering Column Control Module (SCCM) may have not been welded to the required specifications. As a result, the SCCM could fail to send an airbag deployment signal to the Occupant Restraint Controller preventing the driver's airbag from deploying. Due to a manufacturing defect, the Steering Column Control Module (SCCM) may have not been welded to the required specifications. As a result, the SCCM could fail to send an airbag deployment signal to the Occupant Restraint Controller preventing the driver's airbag from deploying. What are the hazards? In the event of an accident, the airbag not deploying as intended could increase the risk of injury or death to vehicle occupants.",https://www.vehiclerecalls.gov.au/recalls/rec-006070
REC-006071,3-Sep-24,Mercedes-Benz,"Certain G-Class (461, 463 platform)",2010 - 2023,"2,650","The jack provided with the vehicle may not include a base plate. The jack does not comply with the mandatory standard for vehicle jacks Consumer Protection Notice No. 1 of 2010 Consumer Product Safety Standard for Vehicle Jacks. The jack provided with the vehicle may not include a base plate. The jack does not comply with the mandatory standard for vehicle jacks Consumer Protection Notice No. 1 of 2010 Consumer Product Safety Standard for Vehicle Jacks. What are the hazards? The vehicle jack may collapse while in use, causing serious injuries or death.",https://www.vehiclerecalls.gov.au/recalls/rec-006071
REC-006072,9-Sep-24,HYUNDAI,Santa Fe (MX5),2024,"2,065","Due to a manufacturing issue, the airbag wiring harness under the rear passenger seat may not have been adequately secured. As a result, it may become damaged over time due to seat adjustment leading to inadvertent deployment or an inability to deploy the rear seat side airbags. Due to a manufacturing issue, the airbag wiring harness under the rear passenger seat may not have been adequately secured. As a result, it may become damaged over time due to seat adjustment leading to inadvertent deployment or an inability to deploy the rear seat side airbags. What are the hazards? In the event of an accident, an airbag not deploying as intended could increase the risk of injury or death to vehicle occupants.",https://www.vehiclerecalls.gov.au/recalls/rec-006072
REC-006074,16-Sep-24,MINI,MINI Cooper SE,2020 - 2023,"1,408","The high-voltage battery management software has insufficient protections for short circuit events. As a result, if a short circuit occurs it could lead to a vehicle fire whilst driving or parked. The high-voltage battery management software has insufficient protections for short circuit events. As a result, if a short circuit occurs it could lead to a vehicle fire whilst driving or parked. What are the hazards? A vehicle fire could increase the risk of serious injury or death to vehicle occupants, other road users, and bystanders, and/or damage to property.",https://www.vehiclerecalls.gov.au/recalls/rec-006074
REC-006078,25-Sep-24,Polestar,Polestar 2,2023,7,"Due to a manufacturing defect, the front passenger seat mounting bolts may not have been tightened according to specifications and could become loose or detach. As a result, the seat may move inadvertently. Due to a manufacturing defect, the front passenger seat mounting bolts may not have been tightened according to specifications and could become loose or detach. As a result, the seat may move inadvertently. What are the hazards? If the front passenger seat moves inadvertently in the event of an accident or hard braking, it could increase the risk of injury or death to vehicle occupants.",https://www.vehiclerecalls.gov.au/recalls/rec-006078
REC-006079,19-Sep-24,MCLAREN,GT,2019 - 2023,75,"The manual release cable of the bonnet latch may have excessive tension which potentially may cause the latch to open. If this occurs, the bonnet could open unexpectedly whilst the vehicle is in motion, obstructing the driver’s view. The manual release cable of the bonnet latch may have excessive tension which potentially may cause the latch to open. If this occurs, the bonnet could open unexpectedly whilst the vehicle is in motion, obstructing the driver’s view. What are the hazards? Obstruction of the driver’s view may increase the risk of an accident causing injury or death to vehicle occupants and other road users.",https://www.vehiclerecalls.gov.au/recalls/rec-006079
REC-006080,24-Sep-24,Volvo,XC40 & C40 Recharge Single Motor (Full Electric),2023,15,"Due to a manufacturing defect, the front passenger seat mounting bolts may not have been tightened according to specifications and could become loose or detach. As a result, the seat may move inadvertently. Due to a manufacturing defect, the front passenger seat mounting bolts may not have been tightened according to specifications and could become loose or detach. As a result, the seat may move inadvertently. What are the hazards? If the front passenger seat moves inadvertently in the event of an accident, it could increase the risk of injury or death to vehicle occupants.",https://www.vehiclerecalls.gov.au/recalls/rec-006080
REC-006082,25-Sep-24,ASTON MARTIN,DBX707- Vantage - DB12,2022 - 2024,131,"Due to a manufacturing defect, oil cooler lines could burst resulting in a sudden loss of oil pressure. This could lead to the engine stalling or an oil leak. An oil leak in the presence of an ignition source may cause a vehicle fire. Due to a manufacturing defect, oil cooler lines could burst resulting in a sudden loss of oil pressure. This could lead to the engine stalling or an oil leak. An oil leak in the presence of an ignition source may cause a vehicle fire. What are the hazards? A sudden loss of motive power whilst driving and/or a vehicle fire could increase the potential risk of an accident causing injury or death to vehicle occupants and/or other road users.",https://www.vehiclerecalls.gov.au/recalls/rec-006082
REC-006084,23-Sep-24,Chevrolet,MY23 SILVERADO LD,2023,636,"Due to a software issue with the Electronic Brake Control Module (EBCM), the brake fluid warning light may not illuminate as intended and therefore fail to warn the driver when the brake fluid level is low. As a result, insufficient brake fluid could lead to a reduction in braking performance. Due to a software issue with the Electronic Brake Control Module (EBCM), the brake fluid warning light may not illuminate as intended and therefore fail to warn the driver when the brake fluid level is low. As a result, insufficient brake fluid could lead to a reduction in braking performance. What are the hazards? A reduction in braking performance could increase the risk of an accident causing injury or death to vehicle occupants and other road users.",https://www.vehiclerecalls.gov.au/recalls/rec-006084
REC-006086,25-Sep-24,RAM TRUCKS,1500 (DT),2019 - 2023,64,"Due to a manufacturing defect, the Steering Column Control Module (SCCM) may have not been welded to the required specifications. As a result, the SCCM could fail to send an airbag deployment signal to the Occupant Restraint Controller preventing the driver's airbag from deploying. Due to a manufacturing defect, the Steering Column Control Module (SCCM) may have not been welded to the required specifications. As a result, the SCCM could fail to send an airbag deployment signal to the Occupant Restraint Controller preventing the driver's airbag from deploying. What are the hazards? In the event of an accident, the airbag not deploying as intended could increase the risk of injury or death to vehicle occupants.",https://www.vehiclerecalls.gov.au/recalls/rec-006086
REC-006090,2-Oct-24,BMW,"iX1, iX2, X1, X2, X5, X6, X7",2022 - 2024,21,"Due to a manufacturing defect, a component of the brake booster system may have been incorrectly welded and could break. If this occurs, a higher pedal force will be required and the braking distance may be extended. In addition, the Anti-lock Braking System (ABS) and Dynamic Stability Control (DSC) systems may not function. Note: Drivers will be alerted by the brake warning light in the instrument cluster and a message will appear on the central display. Due to a manufacturing defect, a component of the brake booster system may have been incorrectly welded and could break. If this occurs, a higher pedal force will be required and the braking distance may be extended. In addition, the Anti-lock Braking System (ABS) and Dynamic Stability Control (DSC) systems may not function. Note: Drivers will be alerted by the brake warning light in the instrument cluster and a message will appear on the central display.",https://www.vehiclerecalls.gov.au/recalls/rec-006090
REC-006091,2-Oct-24,MINI,"U25 Countryman, F66 Cooper S",2024,13,"Due to a manufacturing defect, a component of the brake booster system may have been incorrectly welded and could break. If this occurs, a higher pedal force will be required and the braking distance may be extended. In addition, the Anti-lock Braking System (ABS) and Dynamic Stability Control (DSC) systems may not function. Note: Drivers will be alerted by the brake warning light in the instrument cluster and a message will appear on the central display. Due to a manufacturing defect, a component of the brake booster system may have been incorrectly welded and could break. If this occurs, a higher pedal force will be required and the braking distance may be extended. In addition, the Anti-lock Braking System (ABS) and Dynamic Stability Control (DSC) systems may not function. Note: Drivers will be alerted by the brake warning light in the instrument cluster and a message will appear on the central display.",https://www.vehiclerecalls.gov.au/recalls/rec-006091
REC-006093,4-Oct-24,KIA,KA4 PE and KA4 PE HEV Carnival,2024,"6,155","Due to a manufacturing defect, the main wiring harness may come in contact with the steering column shaft and become damaged. This may result in the loss of power assisted steering. Due to a manufacturing defect, the main wiring harness may come in contact with the steering column shaft and become damaged. This may result in the loss of power assisted steering. What are the hazards? A loss of power steering assist whilst driving increases the risk of an accident, causing serious injury or death to vehicle occupants and other road users.",https://www.vehiclerecalls.gov.au/recalls/rec-006093
REC-006094,8-Oct-24,AUDI,e-tron,2020 - 2024,458,"Due to a manufacturing issue, the front axle brake hoses may deteriorate over time. If this occurs, it could lead to a brake fluid leak resulting in reduced braking performance. Due to a manufacturing issue, the front axle brake hoses may deteriorate over time. If this occurs, it could lead to a brake fluid leak resulting in reduced braking performance. What are the hazards? A reduction in braking performance could increase the risk of an accident causing injury or death to vehicle occupants and other road users.",https://www.vehiclerecalls.gov.au/recalls/rec-006094
REC-006098,9-Oct-24,Toyota,Hiace Mobility,2011,1,A number of Toyota Hiace vehicles modified in accordance with Model Report MRE‑000038 include a built-in hoist for lifting a wheelchair and a wheelchair tie-down and occupant restraint system that does not comply with Australian Standards. A number of Toyota Hiace vehicles modified in accordance with Model Report MRE‑000038 include a built-in hoist for lifting a wheelchair and a wheelchair tie-down and occupant restraint system that does not comply with Australian Standards. What are the hazards? If the wheelchair lift hoist does not operate as intended or the wheelchair tie-down and occupant restraints are not able to be correctly fastened it may lead to an increased risk of injury or death to vehicle occupants.,https://www.vehiclerecalls.gov.au/recalls/rec-006098
REC-006099,11-Oct-24,DAIHATSU,Taft G Turbo Hatch,2024,1,"Due to a manufacturing defect, the mounting bolts for the front seats may not have been tightened according to specifications and could become loose or detach. As a result, the seat may move inadvertently. Due to a manufacturing defect, the mounting bolts for the front seats may not have been tightened according to specifications and could become loose or detach. As a result, the seat may move inadvertently. What are the hazards? If the front seats move inadvertently in the event of an accident, it could increase the risk of injury or death to vehicle occupants.",https://www.vehiclerecalls.gov.au/recalls/rec-006099
REC-006100,11-Oct-24,Ford,Everest and Transit Custom Vehicles,2022 - 2024,"38,423","Due to a software issue, if a vehicle occupant places an obstruction such as a body part in the window space when the driver or passenger side windows are closing, the auto reverse function may not operate until significant pressure is applied. Due to a software issue, if a vehicle occupant places an obstruction such as a body part in the window space when the driver or passenger side windows are closing, the auto reverse function may not operate until significant pressure is applied. What are the hazards? If the driver or passenger side window auto reverse function does not operate as intended, it can increase the risk of serious injury to vehicle occupants.",https://www.vehiclerecalls.gov.au/recalls/rec-006100
REC-006103,9-Oct-24,KIA,AM Soul,2010 - 2013,"1,070","The Hydraulic Electronic Control Unit (HECU), responsible for the Anti-lock Braking System, Electronic Stability Control System and Traction Control System, can remain live even when the vehicle is switched off. If moisture enters the HECU, an electrical short circuit can occur. The Hydraulic Electronic Control Unit (HECU), responsible for the Anti-lock Braking System, Electronic Stability Control System and Traction Control System, can remain live even when the vehicle is switched off. If moisture enters the HECU, an electrical short circuit can occur. What are the hazards? If an electrical short circuit occurs, this could result in an engine compartment fire when the key is switched off and the vehicle is parked. A vehicle fire could increase the risk injury or death to vehicle occupants or bystanders and/or damage to property.",https://www.vehiclerecalls.gov.au/recalls/rec-006103
REC-006104,9-Oct-24,KIA,XM Sorento,2010 - 2014,"12,990","The Hydraulic Electronic Control Unit (HECU), responsible for the Anti-lock Braking System, Electronic Stability Control System and Traction Control System, can remain live even when the vehicle is switched off. If moisture enters the HECU, an electrical short circuit can occur. The Hydraulic Electronic Control Unit (HECU), responsible for the Anti-lock Braking System, Electronic Stability Control System and Traction Control System, can remain live even when the vehicle is switched off. If moisture enters the HECU, an electrical short circuit can occur. What are the hazards? If an electrical short circuit occurs, this could result in an engine compartment fire when the key is switched off and the vehicle is parked. A vehicle fire could increase the risk injury or death to vehicle occupants or bystanders and/or damage to property.",https://www.vehiclerecalls.gov.au/recalls/rec-006104
REC-006105,9-Oct-24,KIA,TD Cerato,2009 - 2013,"18,832","The Hydraulic Electronic Control Unit (HECU), responsible for the Anti-lock Braking System, Electronic Stability Control System and Traction Control System, can remain live even when the vehicle is switched off. If moisture enters the HECU, an electrical short circuit can occur. The Hydraulic Electronic Control Unit (HECU), responsible for the Anti-lock Braking System, Electronic Stability Control System and Traction Control System, can remain live even when the vehicle is switched off. If moisture enters the HECU, an electrical short circuit can occur. What are the hazards? If an electrical short circuit occurs, this could result in an engine compartment fire when the key is switched off and the vehicle is parked. A vehicle fire could increase the risk injury or death to vehicle occupants or bystanders and/or damage to property.",https://www.vehiclerecalls.gov.au/recalls/rec-006105
REC-006106,9-Oct-24,KIA,SL Sportage,2009 - 2013,"12,685","The Hydraulic Electronic Control Unit (HECU), responsible for the Anti-lock Braking System, Electronic Stability Control System and Traction Control System, can remain live even when the vehicle is switched off. If moisture enters the HECU, an electrical short circuit can occur. The Hydraulic Electronic Control Unit (HECU), responsible for the Anti-lock Braking System, Electronic Stability Control System and Traction Control System, can remain live even when the vehicle is switched off. If moisture enters the HECU, an electrical short circuit can occur. What are the hazards? If an electrical short circuit occurs, this could result in an engine compartment fire when the key is switched off and the vehicle is parked. A vehicle fire could increase the risk injury or death to vehicle occupants or bystanders and/or damage to property.",https://www.vehiclerecalls.gov.au/recalls/rec-006106
REC-006107,9-Oct-24,KIA,TF Optima,2010 - 2015,"7,086","The Hydraulic Electronic Control Unit (HECU), responsible for the Anti-lock Braking System, Electronic Stability Control System and Traction Control System, can remain live even when the vehicle is switched off. If moisture enters the HECU, an electrical short circuit can occur. The Hydraulic Electronic Control Unit (HECU), responsible for the Anti-lock Braking System, Electronic Stability Control System and Traction Control System, can remain live even when the vehicle is switched off. If moisture enters the HECU, an electrical short circuit can occur. What are the hazards? If an electrical short circuit occurs, this could result in an engine compartment fire when the key is switched off and the vehicle is parked. A vehicle fire could increase the risk injury or death to vehicle occupants or bystanders and/or damage to property.",https://www.vehiclerecalls.gov.au/recalls/rec-006107
REC-006108,9-Oct-24,KIA,UB Rio,2011 - 2016,"40,325","The Hydraulic Electronic Control Unit (HECU), responsible for the Anti-lock Braking System, Electronic Stability Control System and Traction Control System, can remain live even when the vehicle is switched off. If moisture enters the HECU, an electrical short circuit can occur. The Hydraulic Electronic Control Unit (HECU), responsible for the Anti-lock Braking System, Electronic Stability Control System and Traction Control System, can remain live even when the vehicle is switched off. If moisture enters the HECU, an electrical short circuit can occur. What are the hazards? If an electrical short circuit occurs, this could result in an engine compartment fire when the key is switched off and the vehicle is parked. A vehicle fire could increase the risk injury or death to vehicle occupants or bystanders and/or damage to property.",https://www.vehiclerecalls.gov.au/recalls/rec-006108
REC-006109,9-Oct-24,KIA,SLe Sportage,2013 - 2014,"5,858","The Hydraulic Electronic Control Unit (HECU), responsible for the Anti-lock Braking System, Electronic Stability Control System and Traction Control System, can remain live even when the vehicle is switched off. If moisture enters the HECU, an electrical short circuit can occur. The Hydraulic Electronic Control Unit (HECU), responsible for the Anti-lock Braking System, Electronic Stability Control System and Traction Control System, can remain live even when the vehicle is switched off. If moisture enters the HECU, an electrical short circuit can occur. What are the hazards? If an electrical short circuit occurs, this could result in an engine compartment fire when the key is switched off and the vehicle is parked. A vehicle fire could increase the risk injury or death to vehicle occupants or bystanders and/or damage to property.",https://www.vehiclerecalls.gov.au/recalls/rec-006109
REC-006110,9-Oct-24,KIA,UN Rondo,2009 - 2012,"1,163","The Hydraulic Electronic Control Unit (HECU), responsible for the Anti-lock Braking System, Electronic Stability Control System and Traction Control System, can remain live even when the vehicle is switched off. If moisture enters the HECU, an electrical short circuit can occur. The Hydraulic Electronic Control Unit (HECU), responsible for the Anti-lock Braking System, Electronic Stability Control System and Traction Control System, can remain live even when the vehicle is switched off. If moisture enters the HECU, an electrical short circuit can occur. What are the hazards? If an electrical short circuit occurs, this could result in an engine compartment fire when the key is switched off and the vehicle is parked. A vehicle fire could increase the risk injury or death to vehicle occupants or bystanders and/or damage to property.",https://www.vehiclerecalls.gov.au/recalls/rec-006110
REC-006111,9-Oct-24,KIA,RP Rondo,2012 - 2018,"1,472","The Hydraulic Electronic Control Unit (HECU), responsible for the Anti-lock Braking System, Electronic Stability Control System and Traction Control System, can remain live even when the vehicle is switched off. If moisture enters the HECU, an electrical short circuit can occur. The Hydraulic Electronic Control Unit (HECU), responsible for the Anti-lock Braking System, Electronic Stability Control System and Traction Control System, can remain live even when the vehicle is switched off. If moisture enters the HECU, an electrical short circuit can occur. What are the hazards? If an electrical short circuit occurs, this could result in an engine compartment fire when the key is switched off and the vehicle is parked. A vehicle fire could increase the risk injury or death to vehicle occupants or bystanders and/or damage to property.",https://www.vehiclerecalls.gov.au/recalls/rec-006111
REC-006112,9-Oct-24,KIA,KM Sportage,2009,"2,620","The Hydraulic Electronic Control Unit (HECU), responsible for the Anti-lock Braking System, Electronic Stability Control System and Traction Control System, can remain live even when the vehicle is switched off. If moisture enters the HECU, an electrical short circuit can occur. The Hydraulic Electronic Control Unit (HECU), responsible for the Anti-lock Braking System, Electronic Stability Control System and Traction Control System, can remain live even when the vehicle is switched off. If moisture enters the HECU, an electrical short circuit can occur. What are the hazards? If an electrical short circuit occurs, this could result in an engine compartment fire when the key is switched off and the vehicle is parked. A vehicle fire could increase the risk injury or death to vehicle occupants or bystanders and/or damage to property.",https://www.vehiclerecalls.gov.au/recalls/rec-006112
REC-006113,9-Oct-24,Toyota,Hiace Mobility,2014 - 2019,6,A number of Toyota Hiace vehicles modified in accordance with Model Report MRE‑000038 include a built-in hoist for lifting a wheelchair and a wheelchair tie-down and occupant restraint system that does not comply with Australian Standards. A number of Toyota Hiace vehicles modified in accordance with Model Report MRE‑000038 include a built-in hoist for lifting a wheelchair and a wheelchair tie-down and occupant restraint system that does not comply with Australian Standards. What are the hazards? If the wheelchair lift hoist does not operate as intended or the wheelchair tie-down and occupant restraints are not able to be correctly fastened it may lead to an increased risk of injury or death to vehicle occupants.,https://www.vehiclerecalls.gov.au/recalls/rec-006113
REC-006115,10-Oct-24,Toyota,Hiace Mobility,2011,1,A number of Toyota Hiace vehicles modified in accordance with Model Report MRE-000038 include a built-in hoist for lifting a wheelchair and a wheelchair tie-down and occupant restraint system that does not comply with Australian Standards A number of Toyota Hiace vehicles modified in accordance with Model Report MRE-000038 include a built-in hoist for lifting a wheelchair and a wheelchair tie-down and occupant restraint system that does not comply with Australian Standards What are the hazards? If the wheelchair lift hoist does not operate as intended or the wheelchair tie-down and occupant restraints are not able to be correctly fastened it may lead to an increased risk of injury or death to vehicle occupants.,https://www.vehiclerecalls.gov.au/recalls/rec-006115
REC-006118,15-Oct-24,Honda,Civic Hybrid,2022,2,"The battery cell negative terminals within the Lithium-ion battery module were manufactured with inadequate copper cladding and may fracture. If this occurs while the battery is energised it could lead to a vehicle fire. The battery cell negative terminals within the Lithium-ion battery module were manufactured with inadequate copper cladding and may fracture. If this occurs while the battery is energised it could lead to a vehicle fire. What are the hazards? A vehicle fire could increase the risk of injury or death to vehicle occupants, other road users, bystanders and/or damage to property.",https://www.vehiclerecalls.gov.au/recalls/rec-006118
REC-006122,18-Oct-24,Mercedes-Benz,"AMG, CLS and E-Class",2018 - 2022,802,"Due to a manufacturing defect, the electrical connector in the transmission wiring harness may allow moisture to enter resulting in a short circuit. This may lead to thermal overload when the vehicle is parked resulting in a vehicle fire. Due to a manufacturing defect, the electrical connector in the transmission wiring harness may allow moisture to enter resulting in a short circuit. This may lead to thermal overload when the vehicle is parked resulting in a vehicle fire. What are the hazards? A vehicle fire could increase the risk of injury or death to vehicle occupants, bystanders and/or damage to property.",https://www.vehiclerecalls.gov.au/recalls/rec-006122
REC-006123,28-Oct-24,GWM,Cannon,2023,"2,872","During the installation of the diesel fuel filter assembly, the incorrect lubricant type was used on the fuel filter sealing rubber “O-ring”. As a result, the sealing may reduce over time, allowing fuel to leak from the filter housing. Fuel leak in the presence of an external ignition source could result in a vehicle fire. During the installation of the diesel fuel filter assembly, the incorrect lubricant type was used on the fuel filter sealing rubber “O-ring”. As a result, the sealing may reduce over time, allowing fuel to leak from the filter housing. Fuel leak in the presence of an external ignition source could result in a vehicle fire.",https://www.vehiclerecalls.gov.au/recalls/rec-006123
REC-006124,25-Oct-24,Toyota,Hiace Mobility,2004,1,A number of Toyota Hiace vehicles modified in accordance with Model Report MRE-000038 include a built-in hoist for lifting a wheelchair and a wheelchair tie-down and occupant restraint system that does not comply with Australian Standards. A number of Toyota Hiace vehicles modified in accordance with Model Report MRE-000038 include a built-in hoist for lifting a wheelchair and a wheelchair tie-down and occupant restraint system that does not comply with Australian Standards. What are the hazards? If the wheelchair lift hoist does not operate as intended or the wheelchair tie-down and occupant restraints are not able to be correctly fastened it may lead to an increased risk of injury or death to vehicle occupants.,https://www.vehiclerecalls.gov.au/recalls/rec-006124
REC-006125,23-Oct-24,Toyota,Kluger Petrol & Kluger Hybrid,2021 - 2024,"36,572","Due to a manufacturing issue, the second-row seat frame mid-bar may not have been manufactured to the required specifications. As a result, if a second-row seat is stowed when the other part of the bench seat is upright, the occupant could come into contact with the end of the seat frame mid-bar. Due to a manufacturing issue, the second-row seat frame mid-bar may not have been manufactured to the required specifications. As a result, if a second-row seat is stowed when the other part of the bench seat is upright, the occupant could come into contact with the end of the seat frame mid-bar. What are the hazards? In an event of an accident, if the rear seat occupants come into contact with the end of the seat frame mid-bar, it could increase the risk of serious injury.",https://www.vehiclerecalls.gov.au/recalls/rec-006125
REC-006126,22-Oct-24,KIA,MV EV9,2023 - 2024,602,"Due to a software issue, the Integrated Electronic Brake (IEB) system may not operate as intended. Therefore, a higher braking force may be required when using the Remote Smart Parking Assist (RSPA) key function resulting in increased braking distance. Due to a software issue, the Integrated Electronic Brake (IEB) system may not operate as intended. Therefore, a higher braking force may be required when using the Remote Smart Parking Assist (RSPA) key function resulting in increased braking distance. What are the hazards? A reduction in braking performance could increase the risk of an accident resulting in injury to the vehicle occupants, pedestrians, and other road users.",https://www.vehiclerecalls.gov.au/recalls/rec-006126
REC-006127,17-Oct-24,RAM TRUCKS,1500 DT,2023 - 2024,"13,343","Due to a software issue with the Anti-Lock Brake System (ABS), the Electronic Stability Control (ESC) may fail. This may result in a loss of vehicle control. Due to a software issue with the Anti-Lock Brake System (ABS), the Electronic Stability Control (ESC) may fail. This may result in a loss of vehicle control. What are the hazards? A loss of vehicle control could increase the risk of an accident, causing injury or death to vehicle occupants and other road users.",https://www.vehiclerecalls.gov.au/recalls/rec-006127
REC-006128,23-Oct-24,Mercedes-Benz,Certain S 580,2022 - 2023,52,"Due to a software issue in the Engine Control Unit (ECU), the main wiring harness may become exposed to increased engine temperatures and become damaged. As a result, the vehicle may experience loss of propulsion whilst driving. In addition, electrical resistance in the wiring could lead to a vehicle fire. Due to a software issue in the Engine Control Unit (ECU), the main wiring harness may become exposed to increased engine temperatures and become damaged. As a result, the vehicle may experience loss of propulsion whilst driving. In addition, electrical resistance in the wiring could lead to a vehicle fire.",https://www.vehiclerecalls.gov.au/recalls/rec-006128
REC-006132,5-Mar-25,Toyota,Hiace Mobility,2018,1,A number of Toyota Hiace vehicles modified in accordance with Model Report MRE-000038 include a built-in hoist for lifting a wheelchair and a wheelchair tie-down and occupant restraint system that does not comply with Australian Standards. A number of Toyota Hiace vehicles modified in accordance with Model Report MRE-000038 include a built-in hoist for lifting a wheelchair and a wheelchair tie-down and occupant restraint system that does not comply with Australian Standards. What are the hazards? If the wheelchair lift hoist does not operate as intended or the wheelchair tie-down and occupant restraints are not able to be correctly fastened it may lead to an increased risk of injury or death to vehicle occupants.,https://www.vehiclerecalls.gov.au/recalls/rec-006132
REC-006133,28-Oct-24,Toyota,Hiace Mobility,2004,14,A number of Toyota Hiace vehicles modified in accordance with Model Report MRE-000038 include a built-in hoist for lifting a wheelchair and a wheelchair tie-down and occupant restraint system that does not comply with Australian Standards. A number of Toyota Hiace vehicles modified in accordance with Model Report MRE-000038 include a built-in hoist for lifting a wheelchair and a wheelchair tie-down and occupant restraint system that does not comply with Australian Standards. What are the hazards? If the wheelchair lift hoist does not operate as intended or the wheelchair tie-down and occupant restraints are not able to be correctly fastened it may lead to an increased risk of injury or death to vehicle occupants.,https://www.vehiclerecalls.gov.au/recalls/rec-006133
REC-006135,23-Oct-24,Mercedes-Benz,Sprinter Van. 910 Platform,2018 - 2023,"1,015","The jack provided with the vehicle may not include a base plate. The jack does not comply with the mandatory standard for vehicle jacks (Consumer Protection Notice No.1 of 2010) Consumer Product Safety Standard for Vehicle Jacks. The jack provided with the vehicle may not include a base plate. The jack does not comply with the mandatory standard for vehicle jacks (Consumer Protection Notice No.1 of 2010) Consumer Product Safety Standard for Vehicle Jacks. What are the hazards? The vehicle jack may collapse while in use, causing serious injuries or death.",https://www.vehiclerecalls.gov.au/recalls/rec-006135
REC-006136,18-Oct-24,Toyota,Hiace Mobility,2013 - 2017,2,A number of Toyota Hiace vehicles modified in accordance with Model Report MRE-000038 include a built-in hoist for lifting a wheelchair and a wheelchair tie-down and occupant restraint system that does not comply with Australian Standards. A number of Toyota Hiace vehicles modified in accordance with Model Report MRE-000038 include a built-in hoist for lifting a wheelchair and a wheelchair tie-down and occupant restraint system that does not comply with Australian Standards. What are the hazards? If the wheelchair lift hoist does not operate as intended or the wheelchair tie-down and occupant restraints are not able to be correctly fastened it may lead to an increased risk of injury or death to vehicle occupants.,https://www.vehiclerecalls.gov.au/recalls/rec-006136
REC-006138,31-Oct-24,Toyota,Hiace Mobility,2012,1,A number of Toyota Hiace vehicles modified in accordance with Model Report MRE-000038 include a built-in hoist for lifting a wheelchair and a wheelchair tie-down and occupant restraint system that does not comply with Australian Standards. A number of Toyota Hiace vehicles modified in accordance with Model Report MRE-000038 include a built-in hoist for lifting a wheelchair and a wheelchair tie-down and occupant restraint system that does not comply with Australian Standards. What are the hazards? If the wheelchair lift hoist does not operate as intended or the wheelchair tie-down and occupant restraints are not able to be correctly fastened it may lead to an increased risk of injury or death to vehicle occupants.,https://www.vehiclerecalls.gov.au/recalls/rec-006138
REC-006139,17-Mar-25,Toyota,Hiace Mobility,2019,1,A number of Toyota Hiace vehicles modified in accordance with Model Report MRE-000038 include a built-in hoist for lifting a wheelchair and a wheelchair tie-down and occupant restraint system that does not comply with Australian Standards. A number of Toyota Hiace vehicles modified in accordance with Model Report MRE-000038 include a built-in hoist for lifting a wheelchair and a wheelchair tie-down and occupant restraint system that does not comply with Australian Standards. What are the hazards? If the wheelchair lift hoist does not operate as intended or the wheelchair tie-down and occupant restraints are not able to be correctly fastened it may lead to an increased risk of injury or death to vehicle occupants.,https://www.vehiclerecalls.gov.au/recalls/rec-006139
REC-006140,18-Oct-24,Toyota,Hiace Mobility,2004,11,A number of Toyota Hiace vehicles modified in accordance with Model Report MRE-000038 include a built-in hoist for lifting a wheelchair and a wheelchair tie-down and occupant restraint system that does not comply with Australian Standards A number of Toyota Hiace vehicles modified in accordance with Model Report MRE-000038 include a built-in hoist for lifting a wheelchair and a wheelchair tie-down and occupant restraint system that does not comply with Australian Standards What are the hazards? If the wheelchair lift hoist does not operate as intended or the wheelchair tie-down and occupant restraints are not able to be correctly fastened it may lead to an increased risk of injury or death to vehicle occupants.,https://www.vehiclerecalls.gov.au/recalls/rec-006140
REC-006141,28-Oct-24,LDV,D90,2017 - 2024,"4,785","Due to a manufacturing defect, the T-Piece connector in the coolant pipes may fail. If this occurs, it could lead to a coolant fluid leak. As a result, the engine may overheat and potentially stall leading to a loss of motive power whilst driving. Due to a manufacturing defect, the T-Piece connector in the coolant pipes may fail. If this occurs, it could lead to a coolant fluid leak. As a result, the engine may overheat and potentially stall leading to a loss of motive power whilst driving. What are the hazards? A sudden loss of motive power whilst driving could increase the risk of an accident causing injury or death to vehicle occupants and/or other road users.",https://www.vehiclerecalls.gov.au/recalls/rec-006141
REC-006142,21-Oct-24,Toyota,Hiace Mobility,2004,7,A number of Toyota Hiace vehicles modified in accordance with Model Report MRE-000038 include a built-in hoist for lifting a wheelchair and a wheelchair tie-down and occupant restraint system that does not comply with Australian Standards. A number of Toyota Hiace vehicles modified in accordance with Model Report MRE-000038 include a built-in hoist for lifting a wheelchair and a wheelchair tie-down and occupant restraint system that does not comply with Australian Standards. What are the hazards? If the wheelchair lift hoist does not operate as intended or the wheelchair tie-down and occupant restraints are not able to be correctly fastened it may lead to an increased risk of injury or death to vehicle occupants.,https://www.vehiclerecalls.gov.au/recalls/rec-006142
REC-006144,7-Nov-24,Chevrolet,MY21 SILVERADO HD,2021,168,"Under certain conditions, some customers may experience harsh transmission shifting leading to momentary rear wheel lock up or Anti-lock Braking System (ABS) activation may occur. Under certain conditions, some customers may experience harsh transmission shifting leading to momentary rear wheel lock up or Anti-lock Braking System (ABS) activation may occur. What are the hazards? Sudden unintended braking and/or a rear wheel lockup whilst driving could increase the risk of an accident, causing injury or death to vehicle occupants and other road users.",https://www.vehiclerecalls.gov.au/recalls/rec-006144
REC-006146,23-Oct-24,Toyota,Hiace Mobility,2004,1,A number of Toyota Hiace vehicles modified in accordance with Model Report MRE-000038 include a built-in hoist for lifting a wheelchair and a wheelchair tie-down and occupant restraint system that does not comply with Australian Standards. A number of Toyota Hiace vehicles modified in accordance with Model Report MRE-000038 include a built-in hoist for lifting a wheelchair and a wheelchair tie-down and occupant restraint system that does not comply with Australian Standards. What are the hazards? If the wheelchair lift hoist does not operate as intended or the wheelchair tie-down and occupant restraints are not able to be correctly fastened it may lead to an increased risk of injury or death to vehicle occupants.,https://www.vehiclerecalls.gov.au/recalls/rec-006146
REC-006148,25-Oct-24,Toyota,Hiace Mobility,2004,1,A number of Toyota Hiace vehicles modified in accordance with Model Report MRE-000038 include a built-in hoist for lifting a wheelchair and a wheelchair tie-down and occupant restraint system that does not comply with Australian Standards. A number of Toyota Hiace vehicles modified in accordance with Model Report MRE-000038 include a built-in hoist for lifting a wheelchair and a wheelchair tie-down and occupant restraint system that does not comply with Australian Standards. What are the hazards? If the wheelchair lift hoist does not operate as intended or the wheelchair tie-down and occupant restraints are not able to be correctly fastened it may lead to an increased risk of injury or death to vehicle occupants.,https://www.vehiclerecalls.gov.au/recalls/rec-006148
REC-006149,25-Oct-24,Toyota,Hiace Mobility,2014 - 2023,11,A number of Toyota Hiace vehicles modified in accordance with Model Report MRE-000038 include a built-in hoist for lifting a wheelchair and a wheelchair tie-down and occupant restraint system that does not comply with Australian Standards. A number of Toyota Hiace vehicles modified in accordance with Model Report MRE-000038 include a built-in hoist for lifting a wheelchair and a wheelchair tie-down and occupant restraint system that does not comply with Australian Standards. What are the hazards? If the wheelchair lift hoist does not operate as intended or the wheelchair tie-down and occupant restraints are not able to be correctly fastened it may lead to an increased risk of injury or death to vehicle occupants.,https://www.vehiclerecalls.gov.au/recalls/rec-006149
REC-006150,7-Nov-24,Honda,"24YM CR-V, 22YM - 24YM Civic, 24YM Civic Type R, 23YM-24YM ZR-V",2021 - 2024,"16,001","The worm wheel grease may be displaced over time. If this occurs, the Electronic Power Steering system (EPS) may not operate as intended. This may result in abnormal steering noise and greater steering effort. The worm wheel grease may be displaced over time. If this occurs, the Electronic Power Steering system (EPS) may not operate as intended. This may result in abnormal steering noise and greater steering effort. What are the hazards? A greater steering effort could increase the risk of an accident-causing serious injury or death to vehicle occupants and other road users.",https://www.vehiclerecalls.gov.au/recalls/rec-006150
REC-006151,7-Nov-24,Honda,"24YM Accord Hybrid, 24YM CR-V Hybrid, 23YM - 24YM Civic Hybrid, 23YM-24YM ZRV Hybrid",2022 - 2024,"5,362","Due to a manufacturing defect, the high-pressure fuel pump solenoid valve may develop cracks. If this occurs, fuel may leak and in the presence of an external ignition source, could result in a vehicle fire. Due to a manufacturing defect, the high-pressure fuel pump solenoid valve may develop cracks. If this occurs, fuel may leak and in the presence of an external ignition source, could result in a vehicle fire. What are the hazards? A vehicle fire could increase the risk of injury or death to vehicle occupants, other road users and/or damage to property.",https://www.vehiclerecalls.gov.au/recalls/rec-006151
REC-006152,30-Oct-24,LAMBORGHINI,Revuelto,2024,12,"The connecting rod between the passenger wiper arm and the wiper motor may bend with use. If this occurs, the windscreen wiper may not operate as intended. In the event of heavy rain this may lead to poor visibility for the driver. The connecting rod between the passenger wiper arm and the wiper motor may bend with use. If this occurs, the windscreen wiper may not operate as intended. In the event of heavy rain this may lead to poor visibility for the driver. What are the hazards? Poor visibility will potentially increase the risk of an accident, causing serious injury or death to vehicle occupants and other road users.",https://www.vehiclerecalls.gov.au/recalls/rec-006152
REC-006153,25-Oct-24,Toyota,Hiace Mobility,2004,20,A number of Toyota Hiace vehicles modified in accordance with Model Report MRE-000038 include a built-in hoist for lifting a wheelchair and a wheelchair tie-down and occupant restraint system that does not comply with Australian Standards. A number of Toyota Hiace vehicles modified in accordance with Model Report MRE-000038 include a built-in hoist for lifting a wheelchair and a wheelchair tie-down and occupant restraint system that does not comply with Australian Standards. What are the hazards? If the wheelchair lift hoist does not operate as intended or the wheelchair tie-down and occupant restraints are not able to be correctly fastened it may lead to an increased risk of injury or death to vehicle occupants.,https://www.vehiclerecalls.gov.au/recalls/rec-006153
REC-006154,31-Oct-24,NISSAN,Z34 Z,2022 - 2023,822,"Due to a manufacturing issue, the wiring harness behind the front bumper may have been routed incorrectly. As a result, the pedestrian detection sensor may not function as intended. Due to a manufacturing issue, the wiring harness behind the front bumper may have been routed incorrectly. As a result, the pedestrian detection sensor may not function as intended. What are the hazards? In the event of an accident, if the pedestrian detection pop-up hood feature does not operate as intended, it could increase the risk of injury or death to the pedestrian.",https://www.vehiclerecalls.gov.au/recalls/rec-006154
REC-006158,6-Nov-24,Mercedes-Benz,GLB,2024,226,"The tyres within this production range may not meet manufacturing specifications which may lead to deflation of the tyre. The tyres within this production range may not meet manufacturing specifications which may lead to deflation of the tyre. What are the hazards? A sudden loss of air pressure may result in loss of vehicle control increasing the risk of an accident, causing injury or death to vehicle occupants and other road users.",https://www.vehiclerecalls.gov.au/recalls/rec-006158
REC-006159,6-Nov-24,BMW,"X3, X3M, Alpina XD3 (G01, F97)",2017 - 2024,"3,555","The attachment for the interior cargo rail may become damaged in the event of an extreme rear impact. This could result in the interior cargo rail detaching from the vehicle. The attachment for the interior cargo rail may become damaged in the event of an extreme rear impact. This could result in the interior cargo rail detaching from the vehicle. What are the hazards? If the interior cargo rail detaches from the vehicle, it can increase the risk of serious injury to vehicle passengers.",https://www.vehiclerecalls.gov.au/recalls/rec-006159
REC-006160,30-Oct-24,Toyota,Hiace Mobility,2004,1,A number of Toyota Hiace vehicles modified in accordance with Model Report MRE-000038 include a built-in hoist for lifting a wheelchair and a wheelchair tie-down and occupant restraint system that does not comply with Australian Standards. A number of Toyota Hiace vehicles modified in accordance with Model Report MRE-000038 include a built-in hoist for lifting a wheelchair and a wheelchair tie-down and occupant restraint system that does not comply with Australian Standards. What are the hazards? If the wheelchair lift hoist does not operate as intended or the wheelchair tie-down and occupant restraints are not able to be correctly fastened it may lead to an increased risk of injury or death to vehicle occupants.,https://www.vehiclerecalls.gov.au/recalls/rec-006160
REC-006165,8-Nov-24,LDV,DELIVER 9,2021 - 2023,"11,962","Due to a manufacturing defect, the low-pressure fuel delivery line may not meet specifications. As a result, it may deteriorate allowing fuel to leak. A fuel leak in the presence of an external ignition source could result in a vehicle fire. Due to a manufacturing defect, the low-pressure fuel delivery line may not meet specifications. As a result, it may deteriorate allowing fuel to leak. A fuel leak in the presence of an external ignition source could result in a vehicle fire. What are the hazards? A vehicle fire could cause injury or death to vehicle occupants, other road users or bystanders and/or damage to property.",https://www.vehiclerecalls.gov.au/recalls/rec-006165
REC-006166,4-Nov-24,PORSCHE,"911 (992), GT4RS, Spyder RS (982) and Panamera (YAA)",2023 - 2024,295,"Due to a manufacturing defect, the road wheel centre lock nuts may be defective. A defect could cause the lock nut to fracture and result in loosening of the wheel. Due to a manufacturing defect, the road wheel centre lock nuts may be defective. A defect could cause the lock nut to fracture and result in loosening of the wheel. What are the hazards? Loosening of the wheel can result in a loss of the wheel and a loss of control over the vehicle. This can increase the risk of accidents, damage, injury or death to vehicle occupants and road users.",https://www.vehiclerecalls.gov.au/recalls/rec-006166
REC-006167,8-Nov-24,RAM TRUCKS,1500 (DT),2023 - 2024,"2,612","Due to a software issue in the steering column control module (SCCM), the turn signal lever may not cancel when the steering wheel is rotated or switched off manually. This could lead to a non-cancelling indicator and/or high beams activating. Due to a software issue in the steering column control module (SCCM), the turn signal lever may not cancel when the steering wheel is rotated or switched off manually. This could lead to a non-cancelling indicator and/or high beams activating. What are the hazards? If the turn signal indicators do not operate as intended, other road users may be unable to identify if the vehicle is turning. This could increase the risk of an accident causing serious injury or death to the rider and/or other road users.",https://www.vehiclerecalls.gov.au/recalls/rec-006167
REC-006168,8-Nov-24,Volvo,"S60, V60, XC60 and XC90",2020,47,"Due to a manufacturing defect, the brake pedal rod may not have been fastened to the specified torque and could detach. If this occurs, it can result in a reduction in braking performance and/or a loss of vehicle control. Note: the parking brake can still be used to stop the vehicle. Due to a manufacturing defect, the brake pedal rod may not have been fastened to the specified torque and could detach. If this occurs, it can result in a reduction in braking performance and/or a loss of vehicle control. Note: the parking brake can still be used to stop the vehicle. What are the hazards? A reduction in braking performance and/or a loss of vehicle control could increase the risk of an accident, causing injury or death to vehicle occupants and other road users.",https://www.vehiclerecalls.gov.au/recalls/rec-006168
REC-006172,14-Nov-24,Mazda,CX-60,2023 - 2024,"2,539","Due to software improper programming of the Dash Electronic Supply Unit (Dash-ESU), when the hybrid system is powered on multiple warning messages may display in the instrument cluster: • the engine warning light may illuminate; • the PHEV high-voltage battery cooling system may not operate as intended. As a result, Electric (EV) drive mode may not be available; • the instrument cluster may fail to illuminate the visual and audible seat belt warnings; and • the 360° view camera functions may not operate as intended to assist the driver to detect nearby obstacles or driver errors. Due to software improper programming of the Dash Electronic Supply Unit (Dash-ESU), when the hybrid system is powered on multiple warning messages may display in the instrument cluster: • the engine warning light may illuminate; • the PHEV high-voltage battery cooling system may not operate as intended. As a result, Electric (EV) drive mode may not be available; • the instrument cluster may fail to illuminate the visual and audible seat belt warnings; and • the 360° view camera functions may not operate as intended to assist the driver to detect nearby obstacles or driver errors.",https://www.vehiclerecalls.gov.au/recalls/rec-006172
REC-006173,14-Nov-24,Mazda,"CX-60 (KH), CX-90 (KK)",2023 - 2024,"3,612","Due to a software issue, the Powertrain Control Module (PCM) and Battery Energy Control Module (BECM) may impact the hybrid battery assist function. As a result, the engine may not automatically restart after entering idle stop (i-stop). In Addition, due to a software issue with the Dash Electronic Supply Unit (Dash-ESU), when the hybrid system is powered on multiple warning messages may display in the instrument cluster: • the engine warning light may illuminate; • the instrument cluster may fail to illuminate the visual and audible seat belt warnings; and • the 360° view camera functions may not operate as intended to assist the driver to detect nearby obstacles or driver errors.",https://www.vehiclerecalls.gov.au/recalls/rec-006173
REC-006174,14-Nov-24,Mazda,"CX-60 (KH), CX-90 (KK)",2023 - 2024,"1,779","Due to a software issue, the Powertrain Control Module (PCM) and Battery Energy Control Module (BECM) may impact the hybrid battery assist function. As a result, the driver may be unable to restart the engine. In Addition, due to a software issue with the Dash Electronic Supply Unit (Dash-ESU), when the hybrid system is powered on multiple warning messages may display in the instrument cluster: • the engine warning light may illuminate; • the instrument cluster may fail to illuminate the visual and audible seat belt warnings; and • the 360° view camera functions may not operate as intended to assist the driver to detect nearby obstacles or driver errors. • The clutch connecting motor and engine may not engage with appropriate timing when: - restarting the engine during EV-driving and/or - the engine may restart immediately after the transition from engine-driving to EV driving. In this condition, the engine RPM may not increase, and the engine may fail to restart. The engine can be restarted by pressing the “push start button”.",https://www.vehiclerecalls.gov.au/recalls/rec-006174
REC-006176,19-Nov-24,Ford,MUSTANG,2024,750,"Due to a software issue, the Instrument Panel Cluster (IPC) may fail to illuminate the visual and audible seat belt warnings, vehicle speed, fuel level, engine status, and other critical safety information. Due to a software issue, the Instrument Panel Cluster (IPC) may fail to illuminate the visual and audible seat belt warnings, vehicle speed, fuel level, engine status, and other critical safety information. What are the hazards? A loss of safety system warnings such as engine status, seat belt warning and/or critical safety information whilst driving, could increase the risk of an accident causing injury or death to vehicle occupants, other road user and bystanders.",https://www.vehiclerecalls.gov.au/recalls/rec-006176
REC-006177,11-Nov-24,Toyota,Hiace Mobility,2004,12,A number of Toyota Hiace vehicles modified in accordance with Model Report MRE-000038 include a built-in hoist for lifting a wheelchair and a wheelchair tie-down and occupant restraint system that does not comply with Australian Standards. A number of Toyota Hiace vehicles modified in accordance with Model Report MRE-000038 include a built-in hoist for lifting a wheelchair and a wheelchair tie-down and occupant restraint system that does not comply with Australian Standards. What are the hazards? If the wheelchair lift hoist does not operate as intended or the wheelchair tie-down and occupant restraints are not able to be correctly fastened it may lead to an increased risk of injury or death to vehicle occupants.,https://www.vehiclerecalls.gov.au/recalls/rec-006177
REC-006180,15-Nov-24,HYUNDAI,Nexo (FE),2018 - 2021,35,"Due to a manufacturing defect, the glass bulb type Thermal Pressure Relief Device (TRPD) may prematurely fracture. This could lead to an inadvertent discharge of hydrogen gas leaking in confined areas. In the presence of an ignition source this can result in a fire while the vehicle is parked. Note: Affected vehicles can still be driven however the vehicle should be parked in an open space and away from flammable materials and structures, i.e. not in a garage until the pressure release device can be replaced by an authorised Hyundai dealership. Due to a manufacturing defect, the glass bulb type Thermal Pressure Relief Device (TRPD) may prematurely fracture. This could lead to an inadvertent discharge of hydrogen gas leaking in confined areas. In the presence of an ignition source this can result in a fire while the vehicle is parked. Note: Affected vehicles can still be driven however the vehicle should be parked in an open space and away from flammable materials and structures, i.e. not in a garage until the pressure release device can be replaced by an authorised Hyundai dealership.",https://www.vehiclerecalls.gov.au/recalls/rec-006180
REC-006187,21-Nov-24,Mercedes-Benz,"Certain, C-Class ,E-Class, E-Class Coupe/Convertible, GLC, CLS, with 48 volt system.",2021 - 2023,386,"Due to a software issue in the engine control unit, the fuel injectors may deactivate when exiting coasting mode. If this occurs, the vehicle may experience a sudden loss of motive power. Due to a software issue in the engine control unit, the fuel injectors may deactivate when exiting coasting mode. If this occurs, the vehicle may experience a sudden loss of motive power. What are the hazards? A sudden loss of motive power whilst driving could increase the risk of an accident, causing injury or death to the vehicle occupants and/or other road users.",https://www.vehiclerecalls.gov.au/recalls/rec-006187
REC-006189,26-Nov-24,VOLKSWAGEN,Crafter,2016,76,"Note: This is an extension of REC-001676. If the vehicle has been exposed to high temperatures and humidity fluctuations over a long period the airbag inflator propellant may degrade. If the vehicle is involved in a collision triggering the front passenger airbag, the airbag inflator may explode/rupture. Note: This is an extension of REC-001676. If the vehicle has been exposed to high temperatures and humidity fluctuations over a long period the airbag inflator propellant may degrade. If the vehicle is involved in a collision triggering the front passenger airbag, the airbag inflator may explode/rupture.",https://www.vehiclerecalls.gov.au/recalls/rec-006189
REC-006190,26-Nov-24,VOLKSWAGEN,Amarok,2023 - 2024,701,"Due to a manufacturing defect, the driver's seat belt may have been incorrectly anchored. As a result, the seat belt may not operate as intended. Due to a manufacturing defect, the driver's seat belt may have been incorrectly anchored. As a result, the seat belt may not operate as intended. What are the hazards? In the event of an accident, if the seat belt does not operate as intended, the occupant may not receive the full protection of the seatbelt system. This could increase the risk of injury or death to vehicle occupants.",https://www.vehiclerecalls.gov.au/recalls/rec-006190
REC-006191,29-Nov-24,Toyota,"Corolla Cross (MXGA10R), Corolla Cross Hybrid (MXGH10R), Corolla Sedan Hybrid (ZWE219R)",2023 - 2024,"1,271","Due to a manufacturing defect, cracks may develop in the upper universal joint of the steering intermediate shaft assembly. Over time, these cracks can widen due to repeated stress and can lead to a loss of steering control. Due to a manufacturing defect, cracks may develop in the upper universal joint of the steering intermediate shaft assembly. Over time, these cracks can widen due to repeated stress and can lead to a loss of steering control. What are the hazards? A loss of steering control could increase the risk of an accident causing injury or death to vehicle occupants and/or other road users.",https://www.vehiclerecalls.gov.au/recalls/rec-006191
REC-006193,2-Dec-24,Toyota,Corolla Hatch Hybrid & Corolla Sedan Hybrid (ZWE219R),2022 - 2024,"38,072","Due to a software issue in the skid control unit ECU, a higher pedal force may be required increasing the braking distance under certain driving conditions. Due to a software issue in the skid control unit ECU, a higher pedal force may be required increasing the braking distance under certain driving conditions. What are the hazards? A reduction in braking performance could increase the risk of an accident resulting in injury or death to vehicle occupants, and/or other road users.",https://www.vehiclerecalls.gov.au/recalls/rec-006193
REC-006194,6-Dec-24,VOLVO TRUCKS,FH/FM/FHE/FME/ FMLE (4),2024,13,"Due to a manufacturing defect, the trim panel above the windscreen may detach from the vehicle whilst driving at highway speeds. Due to a manufacturing defect, the trim panel above the windscreen may detach from the vehicle whilst driving at highway speeds. What are the hazards? If the trim panel detaches from the vehicle there is an increased risk of an accident causing injury or death to other road users and bystanders.",https://www.vehiclerecalls.gov.au/recalls/rec-006194
REC-006195,3-Dec-24,RAM TRUCK,1500 DT,2020 - 2023,30,"Due to a software issue in the steering column control module (SCCM), the turn signal lever could remain active even after the steering wheel completes its rotation. Due to a software issue in the steering column control module (SCCM), the turn signal lever could remain active even after the steering wheel completes its rotation. What are the hazards? If the turn signal indicators do not operate as intended, other road users may be unable to identify if the vehicle is turning. This could increase the risk of an accident causing serious injury or death to the vehicle occupants and/or other road users.",https://www.vehiclerecalls.gov.au/recalls/rec-006195
REC-006196,6-Dec-24,VOLVO TRUCKS,FL/FE (3),2013 - 2016,1,"Due to a software issue, the diesel particulate filter (DPF) silencer may overheat when performing regeneration. This may result in a vehicle fire. Due to a software issue, the diesel particulate filter (DPF) silencer may overheat when performing regeneration. This may result in a vehicle fire. What are the hazards? A vehicle fire may increase the risk of serious injury or death to the vehicle occupants other road users, bystanders and/or damage to property.",https://www.vehiclerecalls.gov.au/recalls/rec-006196
REC-006199,4-Dec-24,Toyota,Hiace Mobility,2009 - 2017,16,A number of Toyota Hiace vehicles modified in accordance with Model Report MRE-000038 include a built-in hoist for lifting a wheelchair and a wheelchair tie-down and occupant restraint system that does not comply with Australian Standards. A number of Toyota Hiace vehicles modified in accordance with Model Report MRE-000038 include a built-in hoist for lifting a wheelchair and a wheelchair tie-down and occupant restraint system that does not comply with Australian Standards. What are the hazards? If the wheelchair lift hoist does not operate as intended or the wheelchair tie-down and occupant restraints are not able to be correctly fastened it may lead to an increased risk of injury or death to vehicle occupants.,https://www.vehiclerecalls.gov.au/recalls/rec-006199
REC-006200,9-Dec-24,Chevrolet,MY24 SILVERADO LD,2023 - 2024,"1,899",The brake fluid cap affixed to the vehicle does not contain the required warnings in accordance with the standards set out under Australian Design Rule (ADR) 35/07 – Commercial Vehicle Brake Systems. The brake fluid cap affixed to the vehicle does not contain the required warnings in accordance with the standards set out under Australian Design Rule (ADR) 35/07 – Commercial Vehicle Brake Systems. What are the hazards? There is no safety hazard associated with this recall and the defect will not affect the performance of the vehicle. Vehicles are not compliant with Australian Design Rule (ADR) 35/07 – Commercial Vehicle Brake Systems.,https://www.vehiclerecalls.gov.au/recalls/rec-006200
REC-006202,9-Dec-24,PORSCHE,Taycan (Y1A / Y1B / Y1C),2019 - 2023,533,"Due to a manufacturing issue, the cell modules installed in the high voltage battery may be defective. A short circuit could cause a thermal overload and result in a vehicle fire over time. The potential defect can be determined by Porsche using over-the-air data analysis of affected vehicles until the high-voltage battery self-checking software is installed. Due to a manufacturing issue, the cell modules installed in the high voltage battery may be defective. A short circuit could cause a thermal overload and result in a vehicle fire over time. The potential defect can be determined by Porsche using over-the-air data analysis of affected vehicles until the high-voltage battery self-checking software is installed.",https://www.vehiclerecalls.gov.au/recalls/rec-006202
REC-006203,9-Dec-24,PORSCHE,Taycan (Y1A / Y1B / Y1C),2019 - 2024,880,"Due to a manufacturing issue, the cell modules installed in the high voltage battery may be defective. A short circuit could cause a thermal overload and result in a vehicle fire over time. Note: Porsche asks owners to temporarily charge the high-voltage battery to a maximum of 80%. Due to a manufacturing issue, the cell modules installed in the high voltage battery may be defective. A short circuit could cause a thermal overload and result in a vehicle fire over time. Note: Porsche asks owners to temporarily charge the high-voltage battery to a maximum of 80%. What are the hazards? A vehicle fire could increase the risk of injury or death to vehicle occupants, other road users and bystanders, and/or damage to property.",https://www.vehiclerecalls.gov.au/recalls/rec-006203
REC-006204,2-Dec-24,Toyota,Hiace Mobility,2007 - 2017,7,A number of Toyota Hiace vehicles modified in accordance with Model Report MRE-000038 include a built-in hoist for lifting a wheelchair and a wheelchair tie-down and occupant restraint system that does not comply with Australian Standards. A number of Toyota Hiace vehicles modified in accordance with Model Report MRE-000038 include a built-in hoist for lifting a wheelchair and a wheelchair tie-down and occupant restraint system that does not comply with Australian Standards. What are the hazards? If the wheelchair lift hoist does not operate as intended or the wheelchair tie-down and occupant restraints are not able to be correctly fastened it may lead to an increased risk of injury or death to vehicle occupants.,https://www.vehiclerecalls.gov.au/recalls/rec-006204
REC-006205,5-Dec-24,MITSUBISHI,"DELICA, FTO, PAJERO, RVR",1996 - 1999,"1,884","Affected concessional import vehicles may be fitted with a Takata NADI 5-AT driver airbag inflator that could allow moisture to enter the unit and degrade the airbag propellant. If this occurs, the properties of the propellant may be changed so that the propellant does not react as intended during a collision, causing mis-deployment of the airbag. Affected concessional import vehicles may be fitted with a Takata NADI 5-AT driver airbag inflator that could allow moisture to enter the unit and degrade the airbag propellant. If this occurs, the properties of the propellant may be changed so that the propellant does not react as intended during a collision, causing mis-deployment of the airbag.",https://www.vehiclerecalls.gov.au/recalls/rec-006205
REC-006206,2-Dec-24,Toyota,Hiace Mobility,2014 - 2018,8,A number of Toyota Hiace vehicles modified in accordance with Model Report MRE-000038 include a built-in hoist for lifting a wheelchair and a wheelchair tie-down and occupant restraint system that does not comply with Australian Standards. A number of Toyota Hiace vehicles modified in accordance with Model Report MRE-000038 include a built-in hoist for lifting a wheelchair and a wheelchair tie-down and occupant restraint system that does not comply with Australian Standards. What are the hazards? If the wheelchair lift hoist does not operate as intended or the wheelchair tie-down and occupant restraints are not able to be correctly fastened it may lead to an increased risk of injury or death to vehicle occupants.,https://www.vehiclerecalls.gov.au/recalls/rec-006206
REC-006208,5-Dec-24,Honda,"ACCORD, CIVIC, CR-V, INTEGRA, LEGEND, LOGO",1996 - 1999,16,"Affected concessional import vehicles may be fitted with a Takata NADI 5-AT driver airbag inflator that could allow moisture to enter the unit and degrade the airbag propellant. If this occurs, the properties of the propellant may be changed so that the propellant does not react as intended during a collision, causing mis-deployment of the airbag. Affected concessional import vehicles may be fitted with a Takata NADI 5-AT driver airbag inflator that could allow moisture to enter the unit and degrade the airbag propellant. If this occurs, the properties of the propellant may be changed so that the propellant does not react as intended during a collision, causing mis-deployment of the airbag.",https://www.vehiclerecalls.gov.au/recalls/rec-006208
REC-006209,5-Dec-24,Toyota,"CELICA, RAV4, CALDINA, SUPRA, COROLLA, MR2, VITZ",1996 - 1999,703,"Affected concessional import vehicles may be fitted with a Takata NADI 5-AT driver airbag inflator that could allow moisture to enter the unit and degrade the airbag propellant. If this occurs, the properties of the propellant may be changed so that the propellant does not react as intended during a collision, causing mis-deployment of the airbag. Affected concessional import vehicles may be fitted with a Takata NADI 5-AT driver airbag inflator that could allow moisture to enter the unit and degrade the airbag propellant. If this occurs, the properties of the propellant may be changed so that the propellant does not react as intended during a collision, causing mis-deployment of the airbag.",https://www.vehiclerecalls.gov.au/recalls/rec-006209
REC-006210,17-Dec-24,MCLAREN,765LT coupe,2020 - 2021,24,"The rear cabin window polycarbonate panel may have poor adhesion. As a result, it may detach from the vehicle under certain driving conditions. The rear cabin window polycarbonate panel may have poor adhesion. As a result, it may detach from the vehicle under certain driving conditions. What are the hazards? If the rear window detaches from the vehicle whilst driving, there is an increase risk of injury or death to road users and bystanders.",https://www.vehiclerecalls.gov.au/recalls/rec-006210
REC-006211,13-Dec-24,JAC,T9,2024,37,"Due to the failure of the turbo actuator module, the vehicle may inadvertently activate limp-home mode resulting in a gradual reduction of motive power whilst driving. Due to the failure of the turbo actuator module, the vehicle may inadvertently activate limp-home mode resulting in a gradual reduction of motive power whilst driving. What are the hazards? A gradual reduction in motive power whilst driving could increase the risk of an accident, causing injury or death to the vehicle occupants and/or other road users.",https://www.vehiclerecalls.gov.au/recalls/rec-006211
REC-006212,11-Dec-24,SUZUKI,Vitara & S-Cross,2023,26,"Due to a manufacturing defect, the left rear brake pipe line may have been damaged during assembly. If this occurs, it could lead to a brake fluid leak resulting in reduced braking performance. Due to a manufacturing defect, the left rear brake pipe line may have been damaged during assembly. If this occurs, it could lead to a brake fluid leak resulting in reduced braking performance. What are the hazards? A reduction in braking performance could increase the risk of an accident causing injury or death to the driver and/or passenger, or other road users.",https://www.vehiclerecalls.gov.au/recalls/rec-006212
REC-006213,13-Dec-24,LEXUS,"RX300 (AGL20R), RX350 (AGL20R), RX350L (GGL26R), RX450h (GYL25R) RX450hL (GYL26R)",2019 - 2022,"2,963","Due to a manufacturing defect in the Adaptive High Beam System cracks may develop over time resulting in the LED reflector detaching from the reflector motor inside the headlamp assembly. If this occurs, the AHS function and automatic high beam may not operate as intended and a warning message will be displayed. Due to a manufacturing defect in the Adaptive High Beam System cracks may develop over time resulting in the LED reflector detaching from the reflector motor inside the headlamp assembly. If this occurs, the AHS function and automatic high beam may not operate as intended and a warning message will be displayed.",https://www.vehiclerecalls.gov.au/recalls/rec-006213
REC-006214,13-Dec-24,LEXUS,"NX350 (TAZA25R), NX350h (AAZH20R, AAZH25R), NX450h+ (AAZH26R)",2023,"1,277","Due to a programming issue, the Adaptive High Beam System (AHS) LED units (high beam) and AHS ECUs (Electronic Control Unit) may incorrectly detect the signals for switching from low beam to high beam. If this occurs, a warning message will display and render the high beam inoperative. Due to a programming issue, the Adaptive High Beam System (AHS) LED units (high beam) and AHS ECUs (Electronic Control Unit) may incorrectly detect the signals for switching from low beam to high beam. If this occurs, a warning message will display and render the high beam inoperative. What are the hazards? Vehicles are not compliant with ADR 13/00 - Installation of Lighting and Light Signalling Devices on other than L-Group Vehicles.",https://www.vehiclerecalls.gov.au/recalls/rec-006214
REC-006223,18-Dec-24,Toyota,Hiace Mobility,2004,31,A number of Toyota Hiace vehicles modified in accordance with Model Report MRE-000038 include a built-in hoist for lifting a wheelchair and a wheelchair tie-down and occupant restraint system that does not comply with Australian Standards. A number of Toyota Hiace vehicles modified in accordance with Model Report MRE-000038 include a built-in hoist for lifting a wheelchair and a wheelchair tie-down and occupant restraint system that does not comply with Australian Standards. What are the hazards? If the wheelchair lift hoist does not operate as intended or the wheelchair tie-down and occupant restraints are not able to be correctly fastened it may lead to an increased risk of injury or death to vehicle occupants.,https://www.vehiclerecalls.gov.au/recalls/rec-006223
REC-006224,20-Dec-24,HYUNDAI,IONIQ 5 (NE) & IONIQ 6 (CE),2021 - 2024,"3,566","Due to a software issue in the Integrated Charging Control Unit, the auxiliary 12 Volt battery may not charge as intended, resulting in battery drainage and loss of motive power. Due to a software issue in the Integrated Charging Control Unit, the auxiliary 12 Volt battery may not charge as intended, resulting in battery drainage and loss of motive power. What are the hazards? A loss of motive power whilst driving could increase the risk of an accident causing injury or death to vehicle occupants and/or other road users.",https://www.vehiclerecalls.gov.au/recalls/rec-006224
REC-006228,4-Apr-25,Raised Air Intake (RAI),JLR,2023 - 2024,140,"The Raised Air Intake (RAI) snorkel fitted to certain vehicles may have not been secured to the required specifications and could detach from the vehicle whilst driving. The Raised Air Intake (RAI) snorkel fitted to certain vehicles may have not been secured to the required specifications and could detach from the vehicle whilst driving. What are the hazards? If the RAI detaches from the vehicle whilst driving, it could increase the risk of an accident causing injury or death to other road users and bystanders.",https://www.vehiclerecalls.gov.au/recalls/rec-006228
REC-006233,17-Jan-25,SMART,"HX11,HC11",2024,112,"The rear double seat belt buckles may have been incorrectly anchored. As a result, when the centre seat belt is fastened the buckle could interfere with the left seat belt buckle and potentially release it. The rear double seat belt buckles may have been incorrectly anchored. As a result, when the centre seat belt is fastened the buckle could interfere with the left seat belt buckle and potentially release it. What are the hazards? If the seat belt does not operate as intended, the occupant may not receive the full protection of the seatbelt system. This could increase the risk of injury or death to vehicle occupants.",https://www.vehiclerecalls.gov.au/recalls/rec-006233
REC-006234,2-Jan-25,GENESIS,"G80, GV60 & GV70",2021 - 2024,572,"Due to a software issue, the Integrated Charging Control Unit (ICCU) may develop an internal fault causing the 12 Volt battery to stop charging. This could result in a loss of motive power whilst driving. Due to a software issue, the Integrated Charging Control Unit (ICCU) may develop an internal fault causing the 12 Volt battery to stop charging. This could result in a loss of motive power whilst driving. What are the hazards? A loss of motive power whilst driving could increase the risk of an accident, causing injury or death to the vehicle occupants and/or other road users.",https://www.vehiclerecalls.gov.au/recalls/rec-006234
REC-006238,3-Jan-25,KIA,CV EV6,2021 - 2024,"4,551","Due to a software issue, the Integrated Charging Control Unit (ICCU) may develop an internal fault causing a warning light to illuminate on the instrument cluster and the 12 Volt battery to stop charging. This could result in a loss of motive power. Due to a software issue, the Integrated Charging Control Unit (ICCU) may develop an internal fault causing a warning light to illuminate on the instrument cluster and the 12 Volt battery to stop charging. This could result in a loss of motive power. What are the hazards? A loss of motive power may occur if the warning lights are ignored which could increase the risk of an accident, causing injury or death to the vehicle occupants and/or other road users.",https://www.vehiclerecalls.gov.au/recalls/rec-006238
REC-006239,3-Jan-25,KIA,MQ4 PE Sorento,2023 - 2024,"5,978","Due to a software issue, the turn indicator light and/or the upper part of the Daytime Running Lights (DRL) may not operate as intended. This may result in reduced visibility. Due to a software issue, the turn indicator light and/or the upper part of the Daytime Running Lights (DRL) may not operate as intended. This may result in reduced visibility. What are the hazards? Reduced visibility will potentially increase the risk of an accident causing injury or death to vehicle occupants and other road users. Vehicles are not compliant with Australian Design Rule (ADR) 13/00 - Installation of Lighting and Light Signalling Devices on other than L-Group Vehicles and ADR 76/00 - Daytime Running Lamps.",https://www.vehiclerecalls.gov.au/recalls/rec-006239
REC-006244,17-Jan-25,HYUNDAI,"Kona N (OS), i30 Sedan N (CN7)",2020 - 2023,"4,781","Due to a manufacturing defect, the fuel control valve in the high-Pressure fuel pump could allow excess fuel to enter the pump. If this occurs, the engine could stall resulting in a sudden loss of motive power whilst driving. Due to a manufacturing defect, the fuel control valve in the high-Pressure fuel pump could allow excess fuel to enter the pump. If this occurs, the engine could stall resulting in a sudden loss of motive power whilst driving. What are the hazards? A sudden loss of motive power whilst driving increases the risk of an accident, causing serious injury or death to vehicle occupants and other road users.",https://www.vehiclerecalls.gov.au/recalls/rec-006244
REC-006245,17-Jan-25,GENESIS,G70 (IK) 2.0T,2017 - 2023,216,"Due to a manufacturing defect, the fuel control valve in the high-Pressure fuel pump could allow excess fuel to enter the pump. If this occurs, the engine could stall resulting in a sudden loss of motive power whilst driving. Due to a manufacturing defect, the fuel control valve in the high-Pressure fuel pump could allow excess fuel to enter the pump. If this occurs, the engine could stall resulting in a sudden loss of motive power whilst driving. What are the hazards? A sudden loss of motive power whilst driving increases the risk of an accident, causing serious injury or death to vehicle occupants and other road users.",https://www.vehiclerecalls.gov.au/recalls/rec-006245
REC-006247,21-Jan-25,HYUNDAI,"iLoad (TQ-V), iMax (TQ-W)",2016 - 2018,"9,826","Due to a manufacturing defect, the outer sheath of the electrical cable connecting the fuse box and alternator may deteriorate and cause the wiring to be exposed. This may lead to a short circuit resulting in a vehicle fire. Due to a manufacturing defect, the outer sheath of the electrical cable connecting the fuse box and alternator may deteriorate and cause the wiring to be exposed. This may lead to a short circuit resulting in a vehicle fire. What are the hazards? A vehicle fire could increase the risk of injury or death to vehicle occupants, other road users and bystanders, and/or damage to property.",https://www.vehiclerecalls.gov.au/recalls/rec-006247
REC-006248,23-Jan-25,Mazda,MX-5 (ND),2023 - 2024,565,"Due to a software issue, the parking assist control unit in the vehicle that detects obstructions when reversing may not operate as intended. Due to a software issue, the parking assist control unit in the vehicle that detects obstructions when reversing may not operate as intended. What are the hazards? If the obstruction while reversing the vehicle is not detected, it could increase the risk of an accident causing serious injury or death to any persons located behind the vehicle.",https://www.vehiclerecalls.gov.au/recalls/rec-006248
REC-006249,17-Jan-25,Toyota,Hiace Mobility,2004,6,A number of Toyota Hiace vehicles modified in accordance with Model Report MRE-000038 include a built-in hoist for lifting a wheelchair and a wheelchair tie-down and occupant restraint system that does not comply with Australian Standards. A number of Toyota Hiace vehicles modified in accordance with Model Report MRE-000038 include a built-in hoist for lifting a wheelchair and a wheelchair tie-down and occupant restraint system that does not comply with Australian Standards. What are the hazards? If the wheelchair lift hoist does not operate as intended or the wheelchair tie-down and occupant restraints are not able to be correctly fastened it may lead to an increased risk of injury or death to vehicle occupants.,https://www.vehiclerecalls.gov.au/recalls/rec-006249
REC-006250,22-Jan-25,KIA,MV EV9,2023 - 2024,305,"Due to a manufacturing defect, vehicles may have been assembled with missing seat mounting bolts. As a result, the seats may not be correctly secured to the vehicle and could move inadvertently. Due to a manufacturing defect, vehicles may have been assembled with missing seat mounting bolts. As a result, the seats may not be correctly secured to the vehicle and could move inadvertently. What are the hazards? If the seats move inadvertently in the event of an accident or hard braking it may increase the risk of injury or death to occupants.",https://www.vehiclerecalls.gov.au/recalls/rec-006250
REC-006257,21-Feb-25,Chevrolet,Silverado 2500HD,2018 - 2019,3,"Due to a manufacturing defect, the left and right-side roof-rail airbag inflator end cap may separate or the inflator sidewall could fracture. As a result, the airbag inflators may rupture. Due to a manufacturing defect, the left and right-side roof-rail airbag inflator end cap may separate or the inflator sidewall could fracture. As a result, the airbag inflators may rupture. What are the hazards? If the airbag inflators rupture, compressed gas and metal fragments may be propelled through the airbag cushion towards the vehicle occupants causing serious injury or death.",https://www.vehiclerecalls.gov.au/recalls/rec-006257
REC-006259,5-Feb-25,SUZUKI,Suzuki Swift & Suzuki Ignis,2022 - 2023,"1,259","Due to a manufacturing defect, the steering shaft nut may not be tightened to specifications. This may cause the steering wheel to become loose resulting in a loss of vehicle control. Due to a manufacturing defect, the steering shaft nut may not be tightened to specifications. This may cause the steering wheel to become loose resulting in a loss of vehicle control. What are the hazards? A loss of vehicle control could increase the risk of an accident causing injury or death to vehicle occupants and/or other road users.",https://www.vehiclerecalls.gov.au/recalls/rec-006259
REC-006260,3-Feb-25,Toyota,Hiace Mobility,2017,1,A number of Toyota Hiace vehicles modified in accordance with Model Report MRE-000038 include a built-in hoist for lifting a wheelchair and a wheelchair tie-down and occupant restraint system that does not comply with Australian Standards. A number of Toyota Hiace vehicles modified in accordance with Model Report MRE-000038 include a built-in hoist for lifting a wheelchair and a wheelchair tie-down and occupant restraint system that does not comply with Australian Standards. What are the hazards? If the wheelchair tie-down and occupant restraints are not able to be correctly fastened or the wheelchair lift hoist does not operate as intended it may potentially lead to an increased risk of injury to vehicle occupants.,https://www.vehiclerecalls.gov.au/recalls/rec-006260
REC-006261,12-Feb-25,Ford,Escape PHEV,2019 - 2023,479,"Due to a manufacturing issue, there may be a defect in one or more cells within the high voltage battery. As a result, this could cause an internal short circuit leading to a loss of motive power whilst driving. Note: Drivers will be alerted by ""Stop Safely Now” in the instrument cluster if a loss of motive power occurs. The vehicle may also experience battery thermal venting, potentially resulting in a vehicle fire. Due to a manufacturing issue, there may be a defect in one or more cells within the high voltage battery. As a result, this could cause an internal short circuit leading to a loss of motive power whilst driving. Note: Drivers will be alerted by ""Stop Safely Now” in the instrument cluster if a loss of motive power occurs. The vehicle may also experience battery thermal venting, potentially resulting in a vehicle fire.",https://www.vehiclerecalls.gov.au/recalls/rec-006261
REC-006262,5-Feb-25,SUZUKI,"A2L310/ A2L412, A2L414 Swift, Swift Sport and ATK412 Ignis",2022 - 2023,"4,472","Due to a manufacturing defect, the steering shaft nut may not be tightened to specifications. This may cause the steering wheel to become loose resulting in a loss of vehicle control. Due to a manufacturing defect, the steering shaft nut may not be tightened to specifications. This may cause the steering wheel to become loose resulting in a loss of vehicle control. What are the hazards? A loss of vehicle control could increase the risk of an accident causing injury or death to vehicle occupants and/or other road users.",https://www.vehiclerecalls.gov.au/recalls/rec-006262
REC-006263,10-Feb-25,CHERY,Tiggo 4,2024,"1,923","Due to a software issue, the vehicle may not have the Autonomous Emergency Brake (AEB) sound alarm activated. Due to a software issue, the vehicle may not have the Autonomous Emergency Brake (AEB) sound alarm activated. What are the hazards? Vehicles are not compliant with Australian Design Rule 98/01 – Advanced Emergency Braking for Passenger Vehicles and Light Goods Vehicles.",https://www.vehiclerecalls.gov.au/recalls/rec-006263
REC-006274,17-Feb-25,Toyota,Hiace Mobility,2005 - 2019,52,A number of Toyota Hiace vehicles modified in accordance with Model Report MRE-000038 include a built-in hoist for lifting a wheelchair and a wheelchair tie-down and occupant restraint system that does not comply with Australian Standards. A number of Toyota Hiace vehicles modified in accordance with Model Report MRE-000038 include a built-in hoist for lifting a wheelchair and a wheelchair tie-down and occupant restraint system that does not comply with Australian Standards. What are the hazards? If the wheelchair tie-down and occupant restraints are not able to be correctly fastened or the wheelchair lift hoist does not operate as intended it may potentially lead to an increased risk of injury to vehicle occupants.,https://www.vehiclerecalls.gov.au/recalls/rec-006274
REC-006279,25-Feb-25,KIA,DE EV Niro,2021,24,"Due to a manufacturing issue, the high voltage battery safety plug may become loose, resulting in poor terminal contact. If this occurs, the vehicle may experience a loss of motive power, and the driver may be unable to restart the engine. Due to a manufacturing issue, the high voltage battery safety plug may become loose, resulting in poor terminal contact. If this occurs, the vehicle may experience a loss of motive power, and the driver may be unable to restart the engine. What are the hazards? A sudden loss of motive power whilst driving increases the risk of an accident, causing serious injury or death to vehicle occupants and other road users.",https://www.vehiclerecalls.gov.au/recalls/rec-006279
REC-006283,31-Mar-25,Toyota,Hiace Mobility,2004,3,A number of Toyota Hiace vehicles modified in accordance with Model Report MRE-000038 include a built-in hoist for lifting a wheelchair and a wheelchair tie-down and occupant restraint system that does not comply with Australian Standards. A number of Toyota Hiace vehicles modified in accordance with Model Report MRE-000038 include a built-in hoist for lifting a wheelchair and a wheelchair tie-down and occupant restraint system that does not comply with Australian Standards. What are the hazards? If the wheelchair lift hoist does not operate as intended or the wheelchair tie-down and occupant restraints are not able to be correctly fastened it may lead to an increased risk of injury or death to vehicle occupants.,https://www.vehiclerecalls.gov.au/recalls/rec-006283
REC-006284,3-Mar-25,Mazda,BT-50 (TF),2024,912,"Due to a manufacturing defect, the left leaf spring bracket may have been insufficiently welded and could crack resulting in a loss of vehicle control. Due to a manufacturing defect, the left leaf spring bracket may have been insufficiently welded and could crack resulting in a loss of vehicle control. What are the hazards? A loss of vehicle control will increase the risk of an accident which may cause injury or death to vehicle occupants and other road users.",https://www.vehiclerecalls.gov.au/recalls/rec-006284
REC-006285,28-Feb-25,AUDI,Q5,2021 - 2023,600,"Due to a manufacturing issue, the modules installed in the high voltage battery may be defective. During charging a thermal overload could result in a vehicle fire. Due to a manufacturing issue, the modules installed in the high voltage battery may be defective. During charging a thermal overload could result in a vehicle fire. What are the hazards? A vehicle fire could increase the risk of injury or death to vehicle occupants, other road users, bystanders and/or damage to property.",https://www.vehiclerecalls.gov.au/recalls/rec-006285
REC-006288,28-Feb-25,RAM TRUCK,1500 (DS) & 2500 (DJ),2018 - 2019,17,"Due to a manufacturing defect, the right side curtain airbag inflator may unexpectedly rupture. Due to a manufacturing defect, the right side curtain airbag inflator may unexpectedly rupture. What are the hazards? If airbag inflator ruptures, compressed gas can rapidly escape from the inflator, propelling material, such as headliner or trim pieces into the vehicle. Material being propelled into an occupied vehicle may cause injury.",https://www.vehiclerecalls.gov.au/recalls/rec-006288
REC-006289,28-Feb-25,RAM TRUCK,1500 (DS),2019,1,"Due to a manufacturing defect, the left and right side curtain airbag inflators may unexpectedly rupture. Due to a manufacturing defect, the left and right side curtain airbag inflators may unexpectedly rupture. What are the hazards? If airbag inflator ruptures, compressed gas and metal fragments may be propelled through the airbag cushion towards the vehicle occupants causing serious injury or death.",https://www.vehiclerecalls.gov.au/recalls/rec-006289
REC-006290,28-Feb-25,RAM TRUCK,1500 (DS),2018 - 2019,9,"Due to a manufacturing defect, the left side curtain airbag inflator may unexpectedly rupture. Due to a manufacturing defect, the left side curtain airbag inflator may unexpectedly rupture. What are the hazards? If airbag inflator ruptures, compressed gas can rapidly escape from the inflator, propelling material, such as headliner or trim pieces into the vehicle. Material being propelled into an occupied vehicle may cause injury.",https://www.vehiclerecalls.gov.au/recalls/rec-006290
REC-006292,19-Mar-25,PEUGEOT,308 & 408,2024,130,"Due to a software issue, the Door Control Unit (DCU) for the drivers and front passenger doors may not operate as intended. As a result, it could prevent the doors from locking or unlocking, exterior mirrors from folding or adjusting and the windows from auto reversing. In addition, when the vehicle has been parked for an extended period, the vehicle transmission may lock in Park position and unable to move the vehicle forward. Due to a software issue, the Door Control Unit (DCU) for the drivers and front passenger doors may not operate as intended. As a result, it could prevent the doors from locking or unlocking, exterior mirrors from folding or adjusting and the windows from auto reversing. In addition, when the vehicle has been parked for an extended period, the vehicle transmission may lock in Park position and unable to move the vehicle forward.",https://www.vehiclerecalls.gov.au/recalls/rec-006292
REC-006298,28-Feb-25,HYUNDAI,iX35,2012 - 2013,"8,794","Due to a manufacturing defect, brake fluid may leak into the Antilock Braking System (ABS) control module. This could cause an electrical short circuit leading to a vehicle engine compartment fire while parked or driving. Due to a manufacturing defect, brake fluid may leak into the Antilock Braking System (ABS) control module. This could cause an electrical short circuit leading to a vehicle engine compartment fire while parked or driving. What are the hazards? A vehicle fire could increase the risk of an accident causing serious injury or death to vehicle occupants, other road users, bystanders and/or damage to property.",https://www.vehiclerecalls.gov.au/recalls/rec-006298
REC-006299,3-Mar-25,Mercedes-Benz,420 eSPRINTER,2024,8,"Due to a manufacturing defect, gears inside the rear axle drivetrain may have not been welded to the required specifications and could break. As a result, the vehicle may experience loss of propulsion whilst driving. In addition, the parking lock may not operate as intended. This could result in the vehicle moving or rolling away whilst engaged in park position. Due to a manufacturing defect, gears inside the rear axle drivetrain may have not been welded to the required specifications and could break. As a result, the vehicle may experience loss of propulsion whilst driving. In addition, the parking lock may not operate as intended. This could result in the vehicle moving or rolling away whilst engaged in park position.",https://www.vehiclerecalls.gov.au/recalls/rec-006299
REC-006300,3-Mar-25,TESLA,Y and 3,2022 - 2023,297,"Due to a software issue, the Electronic Power Assist Steering system (EPAS) may not operate as intended. This may result in a loss of power steering assist and could require greater steering effort from the driver. Due to a software issue, the Electronic Power Assist Steering system (EPAS) may not operate as intended. This may result in a loss of power steering assist and could require greater steering effort from the driver. What are the hazards? A loss of power steering assist driving may increase the risk of an accident, causing serious injury or death to vehicle occupants and other road users.",https://www.vehiclerecalls.gov.au/recalls/rec-006300
REC-006301,28-Feb-25,Toyota,Hiace Mobility,2004,1,A number of Toyota Hiace vehicles modified in accordance with Model Report MRE-000038 include a built-in hoist for lifting a wheelchair and a wheelchair tie-down and occupant restraint system that does not comply with Australian Standards. A number of Toyota Hiace vehicles modified in accordance with Model Report MRE-000038 include a built-in hoist for lifting a wheelchair and a wheelchair tie-down and occupant restraint system that does not comply with Australian Standards. What are the hazards? If the wheelchair lift hoist does not operate as intended or the wheelchair tie-down and occupant restraints are not able to be correctly fastened it may lead to an increased risk of injury or death to vehicle occupants.,https://www.vehiclerecalls.gov.au/recalls/rec-006301
REC-006302,5-Mar-25,Toyota,Prado (GDJ251R),2024,524,"Due to an error in the fitting instructions for the optional accessory Electric Brake Controller, the Lower Driver’s Airbag Assembly (removed during accessory fitment) may have been reinstalled using the incorrect torque. As a result, the lower driver’s airbag may not deploy as intended. Due to an error in the fitting instructions for the optional accessory Electric Brake Controller, the Lower Driver’s Airbag Assembly (removed during accessory fitment) may have been reinstalled using the incorrect torque. As a result, the lower driver’s airbag may not deploy as intended. What are the hazards? In the event of an accident, the airbag not deploying as intended could increase the risk of injury or death to vehicle occupants.",https://www.vehiclerecalls.gov.au/recalls/rec-006302
REC-006303,5-Mar-25,LEXUS,GX 550 (VJA252R),2024,28,"Due to an error in the fitting instructions for the optional accessory Electric Brake Controller, the Lower Driver’s Airbag Assembly (removed during accessory fitment) may have been reinstalled using the incorrect torque. As a result, the lower driver’s airbag may not deploy as intended. Due to an error in the fitting instructions for the optional accessory Electric Brake Controller, the Lower Driver’s Airbag Assembly (removed during accessory fitment) may have been reinstalled using the incorrect torque. As a result, the lower driver’s airbag may not deploy as intended. What are the hazards? In the event of an accident, the airbag not deploying as intended could increase the risk of injury or death to vehicle occupants.",https://www.vehiclerecalls.gov.au/recalls/rec-006303
REC-006304,3-Mar-25,Toyota,Hiace Mobility,2008 - 2022,40,A number of Toyota Hiace vehicles modified in accordance with Model Report MRE-000038 include a built-in hoist for lifting a wheelchair and a wheelchair tie-down and occupant restraint system that does not comply with Australian Standards. A number of Toyota Hiace vehicles modified in accordance with Model Report MRE-000038 include a built-in hoist for lifting a wheelchair and a wheelchair tie-down and occupant restraint system that does not comply with Australian Standards. What are the hazards? If the wheelchair lift hoist does not operate as intended or the wheelchair tie-down and occupant restraints are not able to be correctly fastened it may lead to an increased risk of injury or death to vehicle occupants.,https://www.vehiclerecalls.gov.au/recalls/rec-006304
REC-006308,13-Mar-25,NISSAN,J12 Qashqai,2022 - 2024,"11,107","Due to a manufacturing defect, the wiring harness near the 12-volt battery may have been incorrectly assembled. As a result, the harness retaining nut can become loose and increase electrical resistance which may lead to a vehicle fire. Due to a manufacturing defect, the wiring harness near the 12-volt battery may have been incorrectly assembled. As a result, the harness retaining nut can become loose and increase electrical resistance which may lead to a vehicle fire. What are the hazards? A vehicle fire could increase the risk of an accident causing serious injury or death to vehicle occupants, other road users, bystanders and/or damage to property.",https://www.vehiclerecalls.gov.au/recalls/rec-006308
REC-006310,11-Mar-25,Toyota,Hiace Mobility,2004,31,A number of Toyota Hiace vehicles modified in accordance with Model Report MRE-000038 include a built-in hoist for lifting a wheelchair and a wheelchair tie-down and occupant restraint system that does not comply with Australian Standards. A number of Toyota Hiace vehicles modified in accordance with Model Report MRE-000038 include a built-in hoist for lifting a wheelchair and a wheelchair tie-down and occupant restraint system that does not comply with Australian Standards. What are the hazards? If the wheelchair lift hoist does not operate as intended or the wheelchair tie-down and occupant restraints are not able to be correctly fastened it may lead to an increased risk of injury or death to vehicle occupants.,https://www.vehiclerecalls.gov.au/recalls/rec-006310
REC-006313,14-Mar-25,AUDI,RS6,2024 - 2025,2,"On certain vehicles, the front passenger airbag may have been damaged in transit prior to installation in the vehicle. On certain vehicles, the front passenger airbag may have been damaged in transit prior to installation in the vehicle. What are the hazards? In the event of an accident, the airbag not deploying as intended could increase the risk of injury or death to vehicle occupants.",https://www.vehiclerecalls.gov.au/recalls/rec-006313
REC-006314,18-Mar-25,PORSCHE,911 (992),2023,11,"Due to a manufacturing defect, the rear seat belt buckles may have been incorrectly anchored. As a result, the seat belt may not operate as intended. Due to a manufacturing defect, the rear seat belt buckles may have been incorrectly anchored. As a result, the seat belt may not operate as intended. What are the hazards? If the seat belt does not operate as intended, the occupant may not receive the full protection of the seatbelt system. This could increase the risk of injury or death to vehicle occupants.",https://www.vehiclerecalls.gov.au/recalls/rec-006314
REC-006315,27-Mar-25,VOLKSWAGEN,T-Roc,2024 - 2025,359,"Due to a calibration issue, the LED Matrix HD headlights may have been adjusted incorrectly. As a result, oncoming traffic could be dazzled by the dipped beam. Due to a calibration issue, the LED Matrix HD headlights may have been adjusted incorrectly. As a result, oncoming traffic could be dazzled by the dipped beam. What are the hazards? If the vehicle headlights do not operate as intended it could increase the risk of an accident causing injury or death to vehicle occupants or other road users.",https://www.vehiclerecalls.gov.au/recalls/rec-006315
REC-006316,1-Apr-25,Mercedes-Benz,Certain S Class 223,2020 - 2023,423,The front axle brake hoses could become defective over time due to high temperature and moisture. This may lead to a brake fluid leak resulting in a reduction in braking performance. The front axle brake hoses could become defective over time due to high temperature and moisture. This may lead to a brake fluid leak resulting in a reduction in braking performance. What are the hazards? A reduction in braking performance could increase the risk of an accident causing injury or death to vehicle occupants and other road users.,https://www.vehiclerecalls.gov.au/recalls/rec-006316
REC-006317,26-Mar-25,NISSAN,F16 Juke,2024,200,"Due to a manufacturing issue, the front seat belt webbing material may have been damaged or lightly scored during assembly. Due to a manufacturing issue, the front seat belt webbing material may have been damaged or lightly scored during assembly. What are the hazards? There is no safety hazard associated with this recall and the defect will not affect the performance of the seat belts.",https://www.vehiclerecalls.gov.au/recalls/rec-006317
REC-006318,28-Mar-25,Mercedes-Benz,AMG GLC 63 S and AMG GT 63 S,2022 - 2025,605,"Due to a software issue, the high-voltage starter generator may experience an intermittent overload, which could deactivate functions of the system. If this occurs, the vehicle may experience loss of propulsion whilst driving. Due to a software issue, the high-voltage starter generator may experience an intermittent overload, which could deactivate functions of the system. If this occurs, the vehicle may experience loss of propulsion whilst driving. What are the hazards? A loss of propulsion whilst driving could increase the risk of an accident causing injury or death to vehicle occupants and other road users.",https://www.vehiclerecalls.gov.au/recalls/rec-006318
REC-006319,2-Apr-25,Volvo,"S60, V60, XC60 and XC90",2019 - 2021,195,"Due to a manufacturing defect, the cell modules installed in the high voltage battery may be defective. As a result, it could cause a thermal overload leading to a vehicle fire when the vehicle is parked with a fully charged battery. Due to a manufacturing defect, the cell modules installed in the high voltage battery may be defective. As a result, it could cause a thermal overload leading to a vehicle fire when the vehicle is parked with a fully charged battery. What are the hazards? A vehicle fire could increase the risk of injury or death to vehicle occupants, other road users, bystanders and/or damage to property.",https://www.vehiclerecalls.gov.au/recalls/rec-006319
REC-006322,1-Apr-25,MITSUBISHI,OUTLANDER,2022 - 2023,"7,489","Due to a manufacturing defect, the steering wheel touch sensors may be defective. As a result, the vehicle may not accurately detect the driver's hands on the steering wheel and the MI-PILOT system may not operate as intended. Due to a manufacturing defect, the steering wheel touch sensors may be defective. As a result, the vehicle may not accurately detect the driver's hands on the steering wheel and the MI-PILOT system may not operate as intended. What are the hazards? If the MI-PILOT system does not operate as intended it could increase the risk of an accident, causing injury or death to vehicle occupants and other road users.",https://www.vehiclerecalls.gov.au/recalls/rec-006322
REC-006323,2-Apr-25,PEUGEOT,"e2008, ePartner",2023,20,"Due to a software issue, the Battery Monitoring Unit (BMU) in vehicles equipped with a high voltage battery may be defective. As a result, it could cause invalid cell voltage and incorrect temperatures leading to a sudden loss of motive power and/or engine stalling whilst driving. Due to a software issue, the Battery Monitoring Unit (BMU) in vehicles equipped with a high voltage battery may be defective. As a result, it could cause invalid cell voltage and incorrect temperatures leading to a sudden loss of motive power and/or engine stalling whilst driving. What are the hazards? A sudden loss of motive power and/or engine stalling whilst driving could increase the risk of an accident causing injury or death to vehicle occupants and other road users.",https://www.vehiclerecalls.gov.au/recalls/rec-006323
REC-006324,4-Apr-25,NISSAN,J12 Qashqai,2023,380,"Due to incorrect Battery Management System (BMS) software calibration, the calculated battery state of charge may rapidly fluctuate. This may cause the vehicle to activate limp-home mode potentially resulting in a loss of motive power whilst driving and an inability to restart the engine. Due to incorrect Battery Management System (BMS) software calibration, the calculated battery state of charge may rapidly fluctuate. This may cause the vehicle to activate limp-home mode potentially resulting in a loss of motive power whilst driving and an inability to restart the engine. What are the hazards? A loss of motive power may increase the risk of an accident, causing serious injury or death to vehicle occupants and other road users.",https://www.vehiclerecalls.gov.au/recalls/rec-006324
REC-006325,4-Apr-25,Mercedes-Benz,GLA,2024,291,"Due to a manufacturing defect, the stop rivets on the adjustment rails of the rear seats may have not been installed. As a result, the seats could move beyond the defined end position during manual adjustment. Due to a manufacturing defect, the stop rivets on the adjustment rails of the rear seats may have not been installed. As a result, the seats could move beyond the defined end position during manual adjustment. What are the hazards? In the event of an accident or hard braking if the rear seats move beyond their defined end position it could increase the risk of injury or death to vehicle occupants.",https://www.vehiclerecalls.gov.au/recalls/rec-006325
REC-006326,4-Apr-25,Mercedes-Benz,CLA,2024,37,"Due to a manufacturing defect, the rear axle brake hoses may become damaged over time. If this occurs it could lead to a brake fluid leak resulting in reduced braking performance. Due to a manufacturing defect, the rear axle brake hoses may become damaged over time. If this occurs it could lead to a brake fluid leak resulting in reduced braking performance. What are the hazards? A reduction in braking performance could increase the risk of an accident causing injury or death to vehicle occupants and other road users.",https://www.vehiclerecalls.gov.au/recalls/rec-006326
REC-006327,8-Apr-25,SSANGYONG,Musso & Rexton,2020 - 2024,"15,284","Due to a manufacturing defect, under certain driving conditions the engine cooling fan fuse may fail. As a result, the engine may overheat leading to a sudden loss of motive power whilst driving. Due to a manufacturing defect, under certain driving conditions the engine cooling fan fuse may fail. As a result, the engine may overheat leading to a sudden loss of motive power whilst driving. What are the hazards? A sudden loss of motive power whilst driving increases the risk of an accident, causing serious injury or death to vehicle occupants and other road users.",https://www.vehiclerecalls.gov.au/recalls/rec-006327
REC-006332,8-Apr-25,GENESIS,"G80 (RG3), GV80 (JX1) & GV70 (JK1)",2023 - 2024,138,"Due to a software issue, the instrument panel cluster may fail to display the visual seat belt warnings, vehicle speed, fuel level, engine status and other critical safety information. Due to a software issue, the instrument panel cluster may fail to display the visual seat belt warnings, vehicle speed, fuel level, engine status and other critical safety information. What are the hazards? A loss of safety system warnings whilst driving could increase the risk of an accident causing injury or death to vehicle occupants, other road user and bystanders.",https://www.vehiclerecalls.gov.au/recalls/rec-006332
REC-006334,15-Apr-25,BMW,520i and X3,2024 - 2025,273,"Due to a manufacturing defect, an electrical connection within the vehicle’s starter generator may not have been assembled to specifications. This could cause a sudden loss of power whilst driving. In addition, a faulty connection may also generate excessive heat, which could lead to a vehicle fire. Due to a manufacturing defect, an electrical connection within the vehicle’s starter generator may not have been assembled to specifications. This could cause a sudden loss of power whilst driving. In addition, a faulty connection may also generate excessive heat, which could lead to a vehicle fire.",https://www.vehiclerecalls.gov.au/recalls/rec-006334
REC-006338,28-Apr-25,MCLAREN,GT,2020 - 2023,2,"Due to a manufacturing defect, the pipes to the rear brake system may have been incorrectly assembled. As a result, the Anti-Lock Brake System (ABS) and the Electronic Stability Program (ESP) may not operate as intended leading to a loss of vehicle control whilst driving. Due to a manufacturing defect, the pipes to the rear brake system may have been incorrectly assembled. As a result, the Anti-Lock Brake System (ABS) and the Electronic Stability Program (ESP) may not operate as intended leading to a loss of vehicle control whilst driving. What are the hazards? A loss of vehicle control whilst driving could increase the risk of an accident causing injury or death to vehicle occupants and/or other road users.",https://www.vehiclerecalls.gov.au/recalls/rec-006338
REC-006340,6-May-25,Marks 4WD Toyota,Landcruiser J7 Gen II Portal,2024 - 2025,14,"Due to a manufacturing defect, the front suspension swivel housing may not meet specifications. As a result, the connection between the axles and the steering arms could fail leading to a loss of vehicle control whilst driving. Due to a manufacturing defect, the front suspension swivel housing may not meet specifications. As a result, the connection between the axles and the steering arms could fail leading to a loss of vehicle control whilst driving. What are the hazards? A loss of vehicle control whilst driving could increase the risk of an accident causing injury or death to vehicle occupants and/or other road users.",https://www.vehiclerecalls.gov.au/recalls/rec-006340
REC-006341,30-Apr-25,Ford,RANGER & EVEREST,2022 - 2025,"13,490","Due to a manufacturing defect, the left-hand engine camshaft sprocket may fracture. As a result, the engine could stall leading to a sudden loss of motive power whilst driving. Due to a manufacturing defect, the left-hand engine camshaft sprocket may fracture. As a result, the engine could stall leading to a sudden loss of motive power whilst driving. What are the hazards? A sudden loss of motive power whilst driving increases the risk of an accident, which may result in serious injury or death to vehicle occupants and other road users.",https://www.vehiclerecalls.gov.au/recalls/rec-006341
REC-006343,29-Apr-25,HYUNDAI,Ioniq 5N (NE),2023,307,"Due to a software issue, under certain driving conditions the Integrated Electronic Brake (IEB) system may affect the hydraulic pressure within the Anti-lock Braking System (ABS). If this occurs, it could reduce braking performance and lead to longer stopping distances. Due to a software issue, under certain driving conditions the Integrated Electronic Brake (IEB) system may affect the hydraulic pressure within the Anti-lock Braking System (ABS). If this occurs, it could reduce braking performance and lead to longer stopping distances. What are the hazards? A reduction in braking performance could increase the risk of an accident causing serious injury or death to vehicle occupants and other road users.",https://www.vehiclerecalls.gov.au/recalls/rec-006343
REC-006344,6-May-25,Chevrolet,MY21-24 Silverado LD(1500),2021 - 2024,"9,468","The connecting rod and/or crankshaft engine components may have manufacturing defects that can lead to engine damage and engine failure. This may result in a no start condition, engine hesitation, abnormal shifting or reduced propulsion prior to engine failure. Note: The engine light warning may appear on the instrument cluster, consumers of affected vehicles are advised to pay attention to any abnormal knocking noise from the engine. The connecting rod and/or crankshaft engine components may have manufacturing defects that can lead to engine damage and engine failure. This may result in a no start condition, engine hesitation, abnormal shifting or reduced propulsion prior to engine failure. Note: The engine light warning may appear on the instrument cluster, consumers of affected vehicles are advised to pay attention to any abnormal knocking noise from the engine.",https://www.vehiclerecalls.gov.au/recalls/rec-006344
REC-006345,29-Apr-25,Mercedes-Benz,C Class,2024,1,"The driver’s seat belt safety cap may have been incorrectly installed and could become loose. As a result, the seat belt may not operate as intended. The driver’s seat belt safety cap may have been incorrectly installed and could become loose. As a result, the seat belt may not operate as intended. What are the hazards? If the seat belt does not operate as intended, the occupant may not receive the full protection of the seatbelt system. This could increase the risk of injury or death to vehicle occupants.",https://www.vehiclerecalls.gov.au/recalls/rec-006345
REC-006348,15-May-25,Mercedes-Benz,"Certain AMG EQE 53, EQS 53 and GLC 300",2023,19,"Due to a manufacturing defect, vehicle management systems connected to the fuse box may fail. If this occurs, it may lead to a sudden loss of motive power and/or a vehicle fire. Certain vehicles that previously had this recall rectification carried out may have been fitted with the incorrect replacement part. Due to a manufacturing defect, vehicle management systems connected to the fuse box may fail. If this occurs, it may lead to a sudden loss of motive power and/or a vehicle fire. Certain vehicles that previously had this recall rectification carried out may have been fitted with the incorrect replacement part.",https://www.vehiclerecalls.gov.au/recalls/rec-006348
REC-006349,15-May-25,Mercedes-Benz,"Certain AMG C 63 S, AMG SL63, GLC 300, AMG C43",2023,18,"Due to a manufacturing defect, vehicle management systems connected to the fuse box may fail. If this occurs, it may lead to a sudden loss of motive power and/or a vehicle fire. Certain vehicles that previously had this recall rectification carried out may have been fitted with the incorrect replacement part. Due to a manufacturing defect, vehicle management systems connected to the fuse box may fail. If this occurs, it may lead to a sudden loss of motive power and/or a vehicle fire. Certain vehicles that previously had this recall rectification carried out may have been fitted with the incorrect replacement part.",https://www.vehiclerecalls.gov.au/recalls/rec-006349
REC-006350,23-May-25,Toyota,Tundra (VXKH75),2022 - 2024,831,"Due to a manufacturing defect, moisture may enter the internal circuit board of the reverse lamps over time. As a result, the reverse lamps may not illuminate as intended. Also, the rear-view camera may become activated whilst driving. Due to a manufacturing defect, moisture may enter the internal circuit board of the reverse lamps over time. As a result, the reverse lamps may not illuminate as intended. Also, the rear-view camera may become activated whilst driving. What are the hazards? If the traffic behind is unable to identify if the vehicle is reversing, it could increase the risk of an accident causing serious injury or death to vehicle occupants and/or other road users.",https://www.vehiclerecalls.gov.au/recalls/rec-006350
REC-006353,4-Jun-25,Ford,PUMA,2021 - 2024,"5,034","Due to a manufacturing defect, the fuel line sleeve may chafe against the support bracket and become damaged. If this occurs fuel may leak, potentially resulting in loss of motive power while driving, and if in the presence of an external ignition source may result in a vehicle fire. Due to a manufacturing defect, the fuel line sleeve may chafe against the support bracket and become damaged. If this occurs fuel may leak, potentially resulting in loss of motive power while driving, and if in the presence of an external ignition source may result in a vehicle fire. What are the hazards? A loss of motive power or vehicle fire could increase the risk of injury or death to vehicle occupants, other road users or bystanders and/or damage to property.",https://www.vehiclerecalls.gov.au/recalls/rec-006353
REC-006355,4-Jun-25,Mazda,MX-5 (ND),2023 - 2025,967,"Due to a software programming issue, the Dynamic Stability Control (DSC) module may fail to illuminate the visual warning lights. Due to a software programming issue, the Dynamic Stability Control (DSC) module may fail to illuminate the visual warning lights. What are the hazards? There is no safety hazard associated with this recall and the defect will not affect the performance of the vehicle.",https://www.vehiclerecalls.gov.au/recalls/rec-006355
REC-006358,16-Jun-25,Ford,"Mach E, F 150, Ranger, Everest, Mustang, Transit and Transit Custom Vehicles",2022 - 2024,"29,874","Due to a software issue, the rear-view camera may not display the rear-view image whilst reversing as intended. Due to a software issue, the rear-view camera may not display the rear-view image whilst reversing as intended. What are the hazards? If the rear-view camera does not operate as intended while reversing the vehicle, it could increase the risk of an accident causing serious injury or death to persons located behind the vehicle.",https://www.vehiclerecalls.gov.au/recalls/rec-006358
REC-006360,16-Jun-25,Ford,EVEREST,2022 - 2024,955,"Due to a software issue, if a vehicle occupant places an obstruction such as a body part in the window space when the driver or passenger side windows are closing, the window may not automatically reverse and may exert an upward force greater than the design intent. Due to a software issue, if a vehicle occupant places an obstruction such as a body part in the window space when the driver or passenger side windows are closing, the window may not automatically reverse and may exert an upward force greater than the design intent. What are the hazards? If the driver or passenger side window auto reverse function does not operate as intended, it can increase the risk of serious injury to vehicle occupants.",https://www.vehiclerecalls.gov.au/recalls/rec-006360
REC-006362,16-Jun-25,Mercedes-Benz,Certain GLE and GLS,2024,5,"Due to a manufacturing defect, the multi-purpose camera and/or the interior rear-view mirror on the windscreen may not have been bonded correctly and could detach. If this occurs, the advanced driver assistance systems may not operate as intended and the driver’s rear vision may be impaired. Due to a manufacturing defect, the multi-purpose camera and/or the interior rear-view mirror on the windscreen may not have been bonded correctly and could detach. If this occurs, the advanced driver assistance systems may not operate as intended and the driver’s rear vision may be impaired. What are the hazards? A loss of these systems or an impaired rear vision could increase the risk of an accident, causing serious injury or death vehicle occupants, other road users and any persons located behind the vehicle.",https://www.vehiclerecalls.gov.au/recalls/rec-006362
REC-006363,17-Jun-25,Polestar,2,2024,23,"Due to a software issue, under certain driving conditions if the vehicle’s one-pedal drive function is activated it may lead to a loss of braking performance. Note: The vehicle is safe when driven with one-pedal drive function deactivated. Due to a software issue, under certain driving conditions if the vehicle’s one-pedal drive function is activated it may lead to a loss of braking performance. Note: The vehicle is safe when driven with one-pedal drive function deactivated. What are the hazards? A loss of braking performance could increase the risk of an accident causing injury or death to vehicle occupants and/or other road users.",https://www.vehiclerecalls.gov.au/recalls/rec-006363
REC-006368,23-Jun-25,Volvo,"XC60, XC90 & XC40",2022 - 2025,518,"Due to a software issue, there is a risk that the vehicle’s braking performance may be temporarily disabled if the car has been coasting downhill for at least 1 minute and 30 seconds in ‘B’ mode (in the plug-in hybrid cars) or One Pedal Drive (in the pure electric cars). Due to a software issue, there is a risk that the vehicle’s braking performance may be temporarily disabled if the car has been coasting downhill for at least 1 minute and 30 seconds in ‘B’ mode (in the plug-in hybrid cars) or One Pedal Drive (in the pure electric cars). What are the hazards? A loss of braking performance could increase the risk of an accident causing injury or death to vehicle occupants and/or other road users.",https://www.vehiclerecalls.gov.au/recalls/rec-006368
REC-006370,26-Jun-25,VOLKSWAGEN,"ID.Buzz, Polo",2024 - 2025,63,"Due to a manufacturing issue, the front passenger airbag may be fitted with a faulty gas generator. As a result, the airbag may not deploy as intended. Due to a manufacturing issue, the front passenger airbag may be fitted with a faulty gas generator. As a result, the airbag may not deploy as intended. What are the hazards? In the event of airbag deployment in an accident, the front passenger airbag may not provide adequate protection for vehicle occupants which could increase the risk of injury or death.",https://www.vehiclerecalls.gov.au/recalls/rec-006370
REC-006373,4-Jul-25,KIA,MY2025 NQ5 Sportage,2024,605,"Due to an incorrectly manufactured High-Pressure Fuel Pipe, poor sealing of the fuel system may occur resulting in a fuel leak. Due to an incorrectly manufactured High-Pressure Fuel Pipe, poor sealing of the fuel system may occur resulting in a fuel leak. What are the hazards? A fuel leak could increase the risk of a fire, causing injury or death to the vehicle occupants and/or other road users.",https://www.vehiclerecalls.gov.au/recalls/rec-006373
REC-006375,4-Jul-25,Ford,Transit Custom / Tourneo,2024 - 2025,59,"Due to a manufacturing defect, the child lock feature on the dual power sliding door may not operate as intended. As a result, the sliding door may be opened from the inside using the interior handle. Due to a manufacturing defect, the child lock feature on the dual power sliding door may not operate as intended. As a result, the sliding door may be opened from the inside using the interior handle. What are the hazards? If the child lock feature on the sliding door does not operate as intended, occupants could pull the interior handle and open the door while the vehicle is in motion. This could increase the risk of injury and/or death to vehicle occupants.",https://www.vehiclerecalls.gov.au/recalls/rec-006375
REC-006377,8-Jul-25,JAC,T9,2023 - 2024,161,"Due to a manufacturing defect, the retaining bolts on the left and right-side curtain airbags may not have been fastened with sufficient torque. As a result, the airbags may not deploy as intended. Due to a manufacturing defect, the retaining bolts on the left and right-side curtain airbags may not have been fastened with sufficient torque. As a result, the airbags may not deploy as intended. What are the hazards? In the event of an accident, the airbags not deploying as intended could increase the risk of injury or death to vehicle occupants.",https://www.vehiclerecalls.gov.au/recalls/rec-006377
REC-006378,10-Jul-25,VOLKSWAGEN,Tiguan,2018 - 2019,86,"Due to a manufacturing issue, the right and/or left curtain airbag/s may be fitted with a faulty gas generator. As a result, the airbags may not deploy as intended. Due to a manufacturing issue, the right and/or left curtain airbag/s may be fitted with a faulty gas generator. As a result, the airbags may not deploy as intended. What are the hazards? In the event of airbag deployment during an accident, the curtain airbag/s may not provide adequate protection for vehicle occupants which could increase the risk of injury or death.",https://www.vehiclerecalls.gov.au/recalls/rec-006378
REC-006379,16-Jul-25,Polestar,3,2024 - 2025,172,"Due to a manufacturing defect, moisture may enter the bumper wiring harness causing corrosion. This could result in reduced efficiency of the power assisted steering and a loss of safety systems such as pilot and park assist features. Additionally, unable to restart the vehicle . Due to a manufacturing defect, moisture may enter the bumper wiring harness causing corrosion. This could result in reduced efficiency of the power assisted steering and a loss of safety systems such as pilot and park assist features. Additionally, unable to restart the vehicle . What are the hazards? A loss of safety systems such as power steering assist, pilot and park assist and/or unable to restart the vehicle could increase the risk of an accident causing injury or death to vehicle occupants and other road users.",https://www.vehiclerecalls.gov.au/recalls/rec-006379
REC-006380,22-Jul-25,LAND ROVER,Range Rover,2020 - 2024,"2,818","Due to a manufacturing defect, the passenger airbag may tear during deployment. This could cause hot gases to escape from the airbag and result in insufficient protection to the passenger. Due to a manufacturing defect, the passenger airbag may tear during deployment. This could cause hot gases to escape from the airbag and result in insufficient protection to the passenger. What are the hazards? In the event of an accident, the airbag not deploying as intended and hot gas escaping towards the vehicle occupants could increase the risk of injury or death to vehicle occupants.",https://www.vehiclerecalls.gov.au/recalls/rec-006380
REC-006386,23-Jul-25,Ford,Mustang Mach-E,2023 - 2025,"1,234","Due to a software issue, if the occupants exit the driver and/or front passenger doors using the interior mechanical release handles when the12 volt battery is discharged and the doors are in lock status, the doors may remain locked when they are re-closed. If this occurs, the key fob, interior and exterior handles will not unlock the doors. Due to a software issue, if the occupants exit the driver and/or front passenger doors using the interior mechanical release handles when the12 volt battery is discharged and the doors are in lock status, the doors may remain locked when they are re-closed. If this occurs, the key fob, interior and exterior handles will not unlock the doors.",https://www.vehiclerecalls.gov.au/recalls/rec-006386
REC-006390,22-Jul-25,Toyota,Various Toyota s,2022 - 2025,"69,586","Due to a software programming issue, a memory device in the Combination Meter may deteriorate over time. If this occurs, the Combination Meter display may remain blank when the vehicle starts. This will cause a failure to illuminate the visual indicators, display of vehicle speed, engine status, and other critical safety information. Due to a software programming issue, a memory device in the Combination Meter may deteriorate over time. If this occurs, the Combination Meter display may remain blank when the vehicle starts. This will cause a failure to illuminate the visual indicators, display of vehicle speed, engine status, and other critical safety information.",https://www.vehiclerecalls.gov.au/recalls/rec-006390
REC-006391,22-Jul-25,LEXUS,Various s,2023 - 2025,"1,987","Due to a software programming issue, a memory device in the Combination Meter may deteriorate over time. If this occurs, the Combination Meter display may remain blank when the vehicle starts. This will cause a failure to illuminate the visual indicators, display of vehicle speed, engine status, and other critical safety information. Due to a software programming issue, a memory device in the Combination Meter may deteriorate over time. If this occurs, the Combination Meter display may remain blank when the vehicle starts. This will cause a failure to illuminate the visual indicators, display of vehicle speed, engine status, and other critical safety information.",https://www.vehiclerecalls.gov.au/recalls/rec-006391
REC-006392,23-Jul-25,JAGUAR,E-PACE,2021 - 2024,388,"Due to a manufacturing defect, the passenger airbag may tear during deployment. This could cause hot gas to escape from the airbag and result in insufficient protection to the passenger. Due to a manufacturing defect, the passenger airbag may tear during deployment. This could cause hot gas to escape from the airbag and result in insufficient protection to the passenger. What are the hazards? In the event of an accident, the airbag not deploying as intended and hot gas escaping towards the vehicle occupants could increase the risk of injury or death to vehicle occupants.",https://www.vehiclerecalls.gov.au/recalls/rec-006392
REC-006394,30-Jul-25,HYUNDAI,Inster (AX),2024 - 2025,245,"Due to a manufacturing defect, the retaining studs under the driver’s seat may not have a safety sealing cap installed during assembly. Due to a manufacturing defect, the retaining studs under the driver’s seat may not have a safety sealing cap installed during assembly. What are the hazards? The exposed studs with sharp edges may cause injury to individuals reaching under the seat.",https://www.vehiclerecalls.gov.au/recalls/rec-006394
REC-006395,30-Jul-25,KIA,BD Cerato and SP2 Seltos,2020 - 2022,"9,534","The piston rings fitted to the engines of certain vehicles may not meet manufacturing specifications, and could cause engine failure and vehicle stalling. The piston rings fitted to the engines of certain vehicles may not meet manufacturing specifications, and could cause engine failure and vehicle stalling. What are the hazards? A damaged engine may result in the vehicle stalling and/or engine oil leaking, increasing the risk of an accident or vehicle fire causing injury or death to vehicle occupants and other road users.",https://www.vehiclerecalls.gov.au/recalls/rec-006395
REC-006396,30-Jul-25,BMW,X3,2024 - 2025,326,"Due to a manufacturing defect, the outer head restraints of the rear row seats may not be manufactured correctly. As a result, they may move or detach from the seat in an event of an accident. Due to a manufacturing defect, the outer head restraints of the rear row seats may not be manufactured correctly. As a result, they may move or detach from the seat in an event of an accident. What are the hazards? If the head restraints move or become detached, it could increase the risk of injury or death to vehicle occupants.",https://www.vehiclerecalls.gov.au/recalls/rec-006396
REC-006397,29-Jul-25,PEUGEOT,"308 (P5), 408 (P54), 2008 (P24), 3008 (P64), 5008 (P74)",2024 - 2025,934,"Due to a manufacturing defect, the threaded connection between the high-pressure fuel pump and the fuel rail may become loose. If this occurs, fuel may leak in the presence of an external ignition source and could result in a vehicle fire. Due to a manufacturing defect, the threaded connection between the high-pressure fuel pump and the fuel rail may become loose. If this occurs, fuel may leak in the presence of an external ignition source and could result in a vehicle fire. What are the hazards? A vehicle fire could increase the risk of injury or death to vehicle occupants, other road users and/or damage to property.",https://www.vehiclerecalls.gov.au/recalls/rec-006397
REC-006399,1-Aug-25,Ford,Transit Custom / Tourneo,2023 - 2025,47,"Due to a manufacturing issue, the passenger airbag inflator may rupture in the event of airbag deployment. Due to a manufacturing issue, the passenger airbag inflator may rupture in the event of airbag deployment. What are the hazards? In the event of an airbag inflator rupture, compressed gas and metal fragments may be propelled through the airbag cushion towards the vehicle occupants, or damage to the airbag cushion or complete loss of airbag functionality may occur, causing serious injury or death.",https://www.vehiclerecalls.gov.au/recalls/rec-006399
REC-006400,1-Aug-25,Ford,MUSTANG,2021 - 2022,"2,039","Due to a manufacturing defect, the fuel pump impeller may not operate as intended. If this occurs, it could impair the fuel supply to the engine and result in a loss of motive power whilst driving. Due to a manufacturing defect, the fuel pump impeller may not operate as intended. If this occurs, it could impair the fuel supply to the engine and result in a loss of motive power whilst driving. What are the hazards? A loss of motive power whilst driving increases the risk of an accident, causing serious injury or death to vehicle occupants and other road users.",https://www.vehiclerecalls.gov.au/recalls/rec-006400
REC-006401,1-Aug-25,Ford,"Endure, Escape, Range, Mustang and Focus",2018 - 2023,167,"Due to an error in the SYNC software, the rear-view camera may not display the rear-view image whilst reversing or the rear-view image may remain on display after reversing. Additionally, this may cause the infotainment screen to display a blank image, an incorrect language setting, and/or potential inability to perform software updates. Due to an error in the SYNC software, the rear-view camera may not display the rear-view image whilst reversing or the rear-view image may remain on display after reversing. Additionally, this may cause the infotainment screen to display a blank image, an incorrect language setting, and/or potential inability to perform software updates.",https://www.vehiclerecalls.gov.au/recalls/rec-006401
REC-006402,7-Aug-25,LAMBORGHINI,Revuelto,2023 - 2024,2,"The pin that supports the door gas springs may not have been assembled according to manufacturing specifications and could become loose and/or detach. If this occurs when in the open position the door may descend downwards with significant force on the driver or passenger. Additionally, excess force may be required to open the door from the inside of the vehicle and the occupant may need extra time to exit the vehicle. The pin that supports the door gas springs may not have been assembled according to manufacturing specifications and could become loose and/or detach. If this occurs when in the open position the door may descend downwards with significant force on the driver or passenger. Additionally, excess force may be required to open the door from the inside of the vehicle and the occupant may need extra time to exit the vehicle.",https://www.vehiclerecalls.gov.au/recalls/rec-006402
REC-006403,5-Aug-25,PEUGEOT,308 Wagon (T92),2015 - 2018,199,"The upper anchorage points for the seatbelts in the second-row left and right-hand seating positions may not meet load specifications. As a result, the seat belt may not operate as intended. The upper anchorage points for the seatbelts in the second-row left and right-hand seating positions may not meet load specifications. As a result, the seat belt may not operate as intended. What are the hazards? If the seat belt does not operate as intended, the occupant may not receive the full protection of the seatbelt system. This could increase the risk of injury or death to vehicle occupants.",https://www.vehiclerecalls.gov.au/recalls/rec-006403
REC-006404,7-Aug-25,LAND ROVER,Discovery and Range Rover,2021 - 2025,322,"Due to a software issue, the high voltage battery may discharge when driving in EV mode. As a result, the vehicle may experience a loss of motive power whilst driving and an inability to restart the engine. Due to a software issue, the high voltage battery may discharge when driving in EV mode. As a result, the vehicle may experience a loss of motive power whilst driving and an inability to restart the engine. What are the hazards? A sudden loss of motive power whilst driving increases the risk of an accident, causing serious injury or death to vehicle occupants and other road users.",https://www.vehiclerecalls.gov.au/recalls/rec-006404
REC-006406,25-Aug-25,Chevrolet,Camaro ZL1,2020 - 2021,59,"Due to a manufacturing defect, the transmission control valve may lose pressure. As a result, changing gears may become more difficult and the vehicle’s wheels may become momentarily locked. Due to a manufacturing defect, the transmission control valve may lose pressure. As a result, changing gears may become more difficult and the vehicle’s wheels may become momentarily locked. What are the hazards? If the vehicle’s wheels become locked whilst driving, it could increase the risk of an accident causing injury or death to vehicle occupants and other road users.",https://www.vehiclerecalls.gov.au/recalls/rec-006406
REC-006407,26-Aug-25,FIAT,Ducato Series 2,2024 - 2025,525,"Due to a software issue, the Automatic Emergency Brake (AEB) function may not reactivate when manually turned off and then on during the same ignition cycle. In addition, the AEB icon may not illuminate to alert the driver as intended. Due to a software issue, the Automatic Emergency Brake (AEB) function may not reactivate when manually turned off and then on during the same ignition cycle. In addition, the AEB icon may not illuminate to alert the driver as intended. What are the hazards? A loss of safety systems such as AEB could increase the risk of an accident causing injury or death to vehicle occupants and other road users.",https://www.vehiclerecalls.gov.au/recalls/rec-006407
REC-006408,22-Aug-25,Ford,F-150,2023 - 2025,"6,415","Due to a manufacturing defect, the rear wheel hub bolts may become loose or break causing damage to the wheel axle and axle hub splines over time. This could result in the vehicle moving whilst engaged in park position or a loss of motive power. Note: A broken wheel hub bolt will not result in wheel separation. Due to a manufacturing defect, the rear wheel hub bolts may become loose or break causing damage to the wheel axle and axle hub splines over time. This could result in the vehicle moving whilst engaged in park position or a loss of motive power. Note: A broken wheel hub bolt will not result in wheel separation.",https://www.vehiclerecalls.gov.au/recalls/rec-006408
REC-006409,22-Aug-25,Ford,"MUSTANG, RANGER, EVEREST",2025,13,"Due to a manufacturing defect, the transmission main valve body may not meet engineering specifications. As a result, when the gear selector is placed into the reverse position the vehicle may fail to reverse and/or move forward inadvertently when placed into reverse or neutral position. Note: The Malfunction Indicator Light (MIL) and Wrench light will illuminate when the malfunction occurs. Due to a manufacturing defect, the transmission main valve body may not meet engineering specifications. As a result, when the gear selector is placed into the reverse position the vehicle may fail to reverse and/or move forward inadvertently when placed into reverse or neutral position. Note: The Malfunction Indicator Light (MIL) and Wrench light will illuminate when the malfunction occurs.",https://www.vehiclerecalls.gov.au/recalls/rec-006409
REC-006410,26-Aug-25,GWM,Cannon Alpha,2023 - 2025,"2,457","Due to a manufacturing defect, the Electronic Power Steering wiring harness may come into contact with the driveshaft when driving and become damaged. As a result, the vehicle may experience a loss of power steering or engine shutdown without warning. Due to a manufacturing defect, the Electronic Power Steering wiring harness may come into contact with the driveshaft when driving and become damaged. As a result, the vehicle may experience a loss of power steering or engine shutdown without warning. What are the hazards? A sudden loss of power steering while driving and/or an engine shutdown increases the risk of an accident causing serious injury or death to vehicle occupants, other road users and bystanders.",https://www.vehiclerecalls.gov.au/recalls/rec-006410
REC-006413,2-Sep-25,ASTON MARTIN,Vanquish,2024 - 2025,13,"A software error may cause the vacuum pump to malfunction. As a result, braking assistance could be reduced, requiring greater pedal force and potentially increasing the vehicle’s stopping distance. A software error may cause the vacuum pump to malfunction. As a result, braking assistance could be reduced, requiring greater pedal force and potentially increasing the vehicle’s stopping distance. What are the hazards? A reduction in braking performance could increase the risk of an accident causing serious injury or death to vehicle occupants and other road users.",https://www.vehiclerecalls.gov.au/recalls/rec-006413
REC-006414,29-Aug-25,Mercedes-Benz,Certain EQE and GLC vehicles,2022 - 2025,403,"Due to a manufacturing defect, the steering coupling bolts may not meet specifications and could become loose. This can result in a loss of steering control. Due to a manufacturing defect, the steering coupling bolts may not meet specifications and could become loose. This can result in a loss of steering control. What are the hazards? A loss of steering control could increase the risk of an accident causing injury or death to vehicle occupants and/or other road users.",https://www.vehiclerecalls.gov.au/recalls/rec-006414
REC-006415,1-Sep-25,Chevrolet,Corvette,2022 - 2025,134,"Due to a design defect, fuel spilled into the fuel filler pocket whilst refuelling can come in contact with an ignition source resulting in a vehicle fire. Note: General Motors advises owners to always follow the fuelling instructions detailed in their owner’s manual. Due to a design defect, fuel spilled into the fuel filler pocket whilst refuelling can come in contact with an ignition source resulting in a vehicle fire. Note: General Motors advises owners to always follow the fuelling instructions detailed in their owner’s manual. What are the hazards? A vehicle fire could increase the risk of injury or death to vehicle occupants, other road users and/or damage to property.",https://www.vehiclerecalls.gov.au/recalls/rec-006415
REC-006417,1-Sep-25,Ford,"Mustang, Mach E",2025,452,"Due to a programming issue, the Light Emitting Diode Driver Control Module (LDM) may fail. As a result, high beam, low beam, position lamps and daytime running lamps may not operate as intended. Due to a programming issue, the Light Emitting Diode Driver Control Module (LDM) may fail. As a result, high beam, low beam, position lamps and daytime running lamps may not operate as intended. What are the hazards? Lighting features not operating as intended may reduce the driver’s visibility. Additionally, other road users may be unable to identify the vehicle in dark conditions increasing the risk of an accident causing serious injury or death to vehicle occupants and/or other road users.",https://www.vehiclerecalls.gov.au/recalls/rec-006417
REC-006419,29-Aug-25,TESLA,Y,2025,"7,301","Due to a software issue, the driver side window’s automatic protection system may not operate as intended and result in the window closing with excessive force on any obstruction such as a body part. Due to a software issue, the driver side window’s automatic protection system may not operate as intended and result in the window closing with excessive force on any obstruction such as a body part. What are the hazards? If a body part is in the window space when the driver's side window is closing, it can increase the risk of injury to a vehicle occupant.",https://www.vehiclerecalls.gov.au/recalls/rec-006419
REC-006420,5-Sep-25,CADILLAC,LYRIQ,2024 - 2025,42,"Due to a software issue, the headlamp high beam auto control may not detect oncoming bicycle/motorcycle traffic. If this occurs, the headlamps may not switch from high to low beam and result in excessive glare to oncoming riders. Due to a software issue, the headlamp high beam auto control may not detect oncoming bicycle/motorcycle traffic. If this occurs, the headlamps may not switch from high to low beam and result in excessive glare to oncoming riders. What are the hazards? Excessive glare to oncoming bicycle/motorcycle riders could increase the risk of an accident causing injury to vehicle occupants or other road users.",https://www.vehiclerecalls.gov.au/recalls/rec-006420
REC-006421,4-Sep-25,PEUGEOT,"3008 (P84), 5008 (P87)",2018 - 2022,286,"Due to a software issue, the Selective Catalytic Reduction (SCR) may not operate as intended. This could result in the AdBlue low level warning light not illuminating. A software update is required to ensure the correct operation of the warning light. Due to a software issue, the Selective Catalytic Reduction (SCR) may not operate as intended. This could result in the AdBlue low level warning light not illuminating. A software update is required to ensure the correct operation of the warning light. What are the hazards? There is no safety hazard associated with this recall and the defect will not affect the performance of the vehicle. Vehicles that experience this issue may not comply with Australian Design Rule 79/04 – Emission Control for Light Vehicles.",https://www.vehiclerecalls.gov.au/recalls/rec-006421
REC-006422,1-Sep-25,HYUNDAI,i30 (PD),2020 - 2021,"18,634","Due to a manufacturing defect, the fuel pump impeller may become deformed under certain environmental conditions, interrupting the fuel supply. If this occurs, the engine could stall resulting in a sudden loss of motive power. Due to a manufacturing defect, the fuel pump impeller may become deformed under certain environmental conditions, interrupting the fuel supply. If this occurs, the engine could stall resulting in a sudden loss of motive power. What are the hazards? A sudden loss of motive power whilst driving may increase the risk of an accident causing injury or death to vehicle occupants and/or other road users.",https://www.vehiclerecalls.gov.au/recalls/rec-006422
REC-006426,10-Sep-25,LEXUS,Lexus UX300e (KMA10R),2021 - 2023,303,"Due to a manufacturing defect, the electric heater element within the Heating Ventilation Air Conditioning (HVAC) system may deteriorate over time. If this occurs, the windscreen defrost function may not operate correctly and could lead to poor visibility for the driver. Due to a manufacturing defect, the electric heater element within the Heating Ventilation Air Conditioning (HVAC) system may deteriorate over time. If this occurs, the windscreen defrost function may not operate correctly and could lead to poor visibility for the driver. What are the hazards? Poor visibility will potentially increase the risk of an accident, causing serious injury or death to vehicle occupants and other road users.",https://www.vehiclerecalls.gov.au/recalls/rec-006426
REC-006427,10-Sep-25,LEXUS,RZ (XEBM15R),2023,523,"Due to a software programming issue, the Heating Ventilation Air Conditioning (HVAC) electrical compressor may fail. If this occurs, the windscreen defrost function may not operate correctly and could lead to poor visibility for the driver. Due to a software programming issue, the Heating Ventilation Air Conditioning (HVAC) electrical compressor may fail. If this occurs, the windscreen defrost function may not operate correctly and could lead to poor visibility for the driver. What are the hazards? Poor visibility will potentially increase the risk of an accident, causing serious injury or death to vehicle occupants and other road users.",https://www.vehiclerecalls.gov.au/recalls/rec-006427
REC-006428,10-Sep-25,Toyota,"bZ4X (XEAM10R, YEAM15R)",2023 - 2025,"1,583","Due to a software programming issue, the Heating Ventilation Air Conditioning (HVAC) electrical compressor may fail. If this occurs, the windscreen defrost function may not operate correctly and could lead to poor visibility for the driver. Due to a software programming issue, the Heating Ventilation Air Conditioning (HVAC) electrical compressor may fail. If this occurs, the windscreen defrost function may not operate correctly and could lead to poor visibility for the driver. What are the hazards? Poor visibility will potentially increase the risk of an accident, causing serious injury or death to vehicle occupants and other road users.",https://www.vehiclerecalls.gov.au/recalls/rec-006428
REC-006429,11-Sep-25,Ford,Everest,2021,701,"Due to a manufacturing defect, the tow bar hitch may not have been welded to the required specifications and could detach from the tow bar whilst driving. Note: Whilst towing a caravan/trailer, it would remain attached to the tow vehicle if the safety chains have been correctly fitted. Due to a manufacturing defect, the tow bar hitch may not have been welded to the required specifications and could detach from the tow bar whilst driving. Note: Whilst towing a caravan/trailer, it would remain attached to the tow vehicle if the safety chains have been correctly fitted. What are the hazards? If the tow bar hitch detaches from the vehicle whilst towing, it could increase the risk of an accident causing injury or death to other road users and bystanders.",https://www.vehiclerecalls.gov.au/recalls/rec-006429
REC-006430,12-Sep-25,Ford,Ranger,2024 - 2025,"1,643","Due to a software issue, the brake boost function may not operate as intended. As a result, braking could be reduced requiring greater pedal force and potentially increasing the vehicle’s stopping distance. Note: If this occurs, the Anti-lock Brake System (ABS), Electronic Stability Control (ESC), and Brake telltales will illuminate warning lights and audible alert on the instrument cluster. Due to a software issue, the brake boost function may not operate as intended. As a result, braking could be reduced requiring greater pedal force and potentially increasing the vehicle’s stopping distance. Note: If this occurs, the Anti-lock Brake System (ABS), Electronic Stability Control (ESC), and Brake telltales will illuminate warning lights and audible alert on the instrument cluster.",https://www.vehiclerecalls.gov.au/recalls/rec-006430
REC-006432,12-Sep-25,SUBARU,SOLTERRA,2023 - 2025,460,"Due to the programming of the Heating, Ventilation, and Air Conditioning (HVAC) control ECU software. Under certain conditions, such as a specific failure mode of the electric compressor, the HVAC system will enter a failsafe mode that suspends the heater operation of the system and affects defroster function. Due to the programming of the Heating, Ventilation, and Air Conditioning (HVAC) control ECU software. Under certain conditions, such as a specific failure mode of the electric compressor, the HVAC system will enter a failsafe mode that suspends the heater operation of the system and affects defroster function.",https://www.vehiclerecalls.gov.au/recalls/rec-006432
REC-006434,15-Sep-25,Mazda,"CX-70 (KJ), CX-80 (KL), CX-90 (KK)",2023 - 2025,"5,081","Due to a software programming issue of the Body Control Module (BCM), the instrument cluster fuel level may not operate as intended. This may result in an incorrect display of fuel level and therefore the driver may not be aware when the fuel tank becomes empty. Due to a software programming issue of the Body Control Module (BCM), the instrument cluster fuel level may not operate as intended. This may result in an incorrect display of fuel level and therefore the driver may not be aware when the fuel tank becomes empty. What are the hazards? If the fuel tank becomes empty whilst driving, it may lead to a sudden loss of motive power increasing the risk of an accident causing injury or death to vehicle occupants and/or other road users.",https://www.vehiclerecalls.gov.au/recalls/rec-006434
REC-006435,17-Sep-25,Ford,F150,2020 - 2022,32,"Due to a manufacturing defect, the rear wheel hub bolts may become loose or break causing damage to the wheel axle and axle hub splines over time. This could result in the vehicle moving whilst engaged in park position or a loss of motive power. Note: A broken wheel hub bolt will not result in wheel separation. Due to a manufacturing defect, the rear wheel hub bolts may become loose or break causing damage to the wheel axle and axle hub splines over time. This could result in the vehicle moving whilst engaged in park position or a loss of motive power. Note: A broken wheel hub bolt will not result in wheel separation.",https://www.vehiclerecalls.gov.au/recalls/rec-006435
REC-006436,19-Sep-25,Ford,Super Duty,2024 - 2025,20,"Due to a software issue, when the vehicle starts the Instrument Panel Cluster (IPC) may fail to illuminate visual critical safety information upon start-up. Due to a software issue, when the vehicle starts the Instrument Panel Cluster (IPC) may fail to illuminate visual critical safety information upon start-up. What are the hazards? A loss of critical safety warning information whilst driving, could increase the risk of an accident causing injury or death to vehicle occupants, other road user and bystanders.",https://www.vehiclerecalls.gov.au/recalls/rec-006436
REC-006439,23-Sep-25,Ford,Mustang,2022 - 2025,"7,222","Due to a manufacturing defect, the Body Control Module (BCM) may be susceptible to water ingress. As a result, the front and rear side marker lamps, taillamps, and license plate lamps may not operate as intended. Due to a manufacturing defect, the Body Control Module (BCM) may be susceptible to water ingress. As a result, the front and rear side marker lamps, taillamps, and license plate lamps may not operate as intended. What are the hazards? Lighting features not operating as intended may reduce the driver’s visibility. Additionally, other road users may be unable to identify the vehicle in dark conditions increasing the risk of an accident causing serious injury or death to vehicle occupants and/or other road users.",https://www.vehiclerecalls.gov.au/recalls/rec-006439
REC-006441,30-Sep-25,VOLKSWAGEN,Amarok,2025,646,"Due to a software issue, the electromechanical brake servo control unit may switch off. As a result, the braking assistance could be reduced, requiring greater pedal force and potentially increasing the vehicle’s stopping distance. Due to a software issue, the electromechanical brake servo control unit may switch off. As a result, the braking assistance could be reduced, requiring greater pedal force and potentially increasing the vehicle’s stopping distance. What are the hazards? A reduction in braking performance could increase the risk of an accident causing serious injury or death to vehicle occupants and other road users.",https://www.vehiclerecalls.gov.au/recalls/rec-006441
REC-006442,8-Oct-25,MINI,"Cooper S, Cooper C, Countryman, JCW, & JCW Countryman",2025,99,"Due to a manufacturing defect, the front passenger and/or driver seatbelts may not meet the required specifications. As a result, the seatbelt(s) may not operate as intended in the event of an accident. Due to a manufacturing defect, the front passenger and/or driver seatbelts may not meet the required specifications. As a result, the seatbelt(s) may not operate as intended in the event of an accident. What are the hazards? In the event of an accident, if the seat belt(s) does not operate as intended, the occupant may not receive the full protection of the seatbelt system. This could increase the risk of injury or death to vehicle occupants.",https://www.vehiclerecalls.gov.au/recalls/rec-006442
REC-006443,10-Oct-25,Ford,MUSTANG,2015 - 2018,"24,476","Due to a manufacturing issue, the rear-view camera may not display the rear-view image whilst reversing as intended. Due to a manufacturing issue, the rear-view camera may not display the rear-view image whilst reversing as intended. What are the hazards? If the rear-view camera does not operate as intended while reversing the vehicle, it could increase the risk of an accident causing serious injury or death to persons located behind the vehicle.",https://www.vehiclerecalls.gov.au/recalls/rec-006443
REC-006444,8-Oct-25,Mazda,MX-5 (ND),2015 - 2018,"1,174","Due to a manufacturing defect, the fuel pipe may become damaged over time, caused by vibration and extended high RPM usage. If this occurs, fuel may leak potentially causing a loss of motive power whilst driving. Fuel leak in the presence of an external ignition source could result in a vehicle fire. Due to a manufacturing defect, the fuel pipe may become damaged over time, caused by vibration and extended high RPM usage. If this occurs, fuel may leak potentially causing a loss of motive power whilst driving. Fuel leak in the presence of an external ignition source could result in a vehicle fire.",https://www.vehiclerecalls.gov.au/recalls/rec-006444
REC-006445,8-Oct-25,LAMBORGHINI,Urus SE,2025,2,"Due to a supplier manufacturing defect, the high-pressure fuel pump may not have been fastened to the cylinder head with sufficient torque. As a result, fuel may leak, and in the presence of an external ignition source lead to a vehicle fire. Due to a supplier manufacturing defect, the high-pressure fuel pump may not have been fastened to the cylinder head with sufficient torque. As a result, fuel may leak, and in the presence of an external ignition source lead to a vehicle fire. What are the hazards? A vehicle fire could increase the risk of injury or death to vehicle occupants, other road users and/or damage to property.",https://www.vehiclerecalls.gov.au/recalls/rec-006445
REC-006446,8-Oct-25,BMW,"320d, 320i, 330i, 420i, 430i, 520d, 520i, 530i, 620d, 630i, X3, X4 & Z4",2016 - 2020,"15,352","Due to a manufacturing defect, inadequate sealing of the starter motor may allow moisture to enter into the unit. If this occurs, corrosion may result in the engine not starting. In rare cases, it could also cause a short circuit leading to overheating of the starter motor and in the worst case, to a vehicle fire while parked or driving. Due to a manufacturing defect, inadequate sealing of the starter motor may allow moisture to enter into the unit. If this occurs, corrosion may result in the engine not starting. In rare cases, it could also cause a short circuit leading to overheating of the starter motor and in the worst case, to a vehicle fire while parked or driving.",https://www.vehiclerecalls.gov.au/recalls/rec-006446
REC-006450,16-Oct-25,NISSAN,J12 Qashqai,2022 - 2024,"13,706","Due to a manufacturing defect, the fuel pipe may chafe against the support bracket and become damaged. If this occurs fuel may leak, potentially resulting in loss of motive power whilst driving, and if in the presence of an external ignition source may result in a vehicle fire. Due to a manufacturing defect, the fuel pipe may chafe against the support bracket and become damaged. If this occurs fuel may leak, potentially resulting in loss of motive power whilst driving, and if in the presence of an external ignition source may result in a vehicle fire. What are the hazards? A loss of motive power or vehicle fire could increase the risk of injury or death to vehicle occupants, other road users or bystanders and/or damage to property.",https://www.vehiclerecalls.gov.au/recalls/rec-006450
REC-006451,17-Oct-25,Ford,MUSTANG,2024,45,"Due to a software issue, the Instrument Panel Cluster (IPC) may fail to illuminate the visual and audible warnings for seat belt, vehicle speed, fuel level, engine status and other critical safety information. Due to a software issue, the Instrument Panel Cluster (IPC) may fail to illuminate the visual and audible warnings for seat belt, vehicle speed, fuel level, engine status and other critical safety information. What are the hazards? A loss of safety system warnings whilst driving, could increase the risk of an accident causing injury or death to vehicle occupants, other road users and bystanders.",https://www.vehiclerecalls.gov.au/recalls/rec-006451
REC-006453,17-Oct-25,Ford,MUSTANG MACH-E,2023 - 2025,367,Incorrect fuel consumption and emission data has been provided on the fuel consumption label. Incorrect fuel consumption and emission data has been provided on the fuel consumption label. What are the hazards? There is no safety hazard associated with this recall and the defect will not affect the performance of the vehicle. Vehicles are not compliant with Australian Design Rule 81/02 - Fuel Consumption Labelling for Light Vehicles.,https://www.vehiclerecalls.gov.au/recalls/rec-006453
REC-006455,20-Oct-25,PORSCHE,Panamera (YAA),2023 - 2025,142,"Due to a manufacturing issue, the wiring harness between the door pressure sensor and the airbag control unit has an incorrect connector pin allocation. Due to a manufacturing issue, the wiring harness between the door pressure sensor and the airbag control unit has an incorrect connector pin allocation. What are the hazards? An incorrectly assigned sensor can delay the side airbag trigger in crash situations. A delayed trigger of the side airbag can increase the risk of injury or death to vehicle occupants.",https://www.vehiclerecalls.gov.au/recalls/rec-006455
REC-006460,22-Oct-25,RAM,1500 DS 3.0 ECO DIESEL,2017 - 2019,423,"Due to a software issue with the Powertrain Control Module (PCM), the signal from the crankshaft position sensor may fail. As a result, the vehicle may experience a loss of motive power whilst driving and an inability to restart the engine. Due to a software issue with the Powertrain Control Module (PCM), the signal from the crankshaft position sensor may fail. As a result, the vehicle may experience a loss of motive power whilst driving and an inability to restart the engine. What are the hazards? A loss of motive power whilst driving could increase the risk of an accident and injury to vehicle occupants or other road users.",https://www.vehiclerecalls.gov.au/recalls/rec-006460
REC-006465,29-Oct-25,VOLKSWAGEN,Tiguan,2024 - 2025,"1,482","Due to a software issue, if the driver does not have their hands on the steering wheel for an extended period, the brake jolt triggered by the Emergency Assist (EA) or Travel Assist (TA) assistance functions meant to alert the driver may be misinterpreted as the driver braking. As a result, the Emergency Assist (EA) or Travel Assist (TA) assistance functions are deactivated. Note: The instrument cluster may fail to illuminate the visual and audible warnings that the safety functions are deactivated. Due to a software issue, if the driver does not have their hands on the steering wheel for an extended period, the brake jolt triggered by the Emergency Assist (EA) or Travel Assist (TA) assistance functions meant to alert the driver may be misinterpreted as the driver braking. As a result, the Emergency Assist (EA) or Travel Assist (TA) assistance functions are deactivated. Note: The instrument cluster may fail to illuminate the visual and audible warnings that the safety functions are deactivated.",https://www.vehiclerecalls.gov.au/recalls/rec-006465
REC-006466,29-Oct-25,Ford,E-TRANSIT,2021 - 2025,278,"Due to a manufacturing defect, the 12-volt battery vent may not operate as intended. As a result, under certain driving conditions such as high temperatures toxic gases may leak into the cabin. Note: Occupants may experience hissing sound, smell of acid or rotten eggs, a visible gas leak and/or heat in seat. Due to a manufacturing defect, the 12-volt battery vent may not operate as intended. As a result, under certain driving conditions such as high temperatures toxic gases may leak into the cabin. Note: Occupants may experience hissing sound, smell of acid or rotten eggs, a visible gas leak and/or heat in seat.",https://www.vehiclerecalls.gov.au/recalls/rec-006466
REC-006468,3-Nov-25,MG,MG3,2024 - 2025,"10,516","In the event of collision, the inner side of the cushion frame may move forward and downwards much further than expected, inadvertently contacting the unlocking lever and then the locking pin, thereby causing the inboard rail to unlock. In the event of collision, the inner side of the cushion frame may move forward and downwards much further than expected, inadvertently contacting the unlocking lever and then the locking pin, thereby causing the inboard rail to unlock. What are the hazards? In the event of an accident if the driver seat moves excessively, it could increase the risk of injury or death to vehicle occupants.",https://www.vehiclerecalls.gov.au/recalls/rec-006468
REC-006471,5-Nov-25,Ford,MUSTANG,2023 - 2025,37,"The affected vehicles are provided with supercharger upgrade kits that include a Powertrain Control Module (PCM) that may experience a software error and disable functional safety features. This may result in unintended acceleration and/or vehicle movement. The affected vehicles are provided with supercharger upgrade kits that include a Powertrain Control Module (PCM) that may experience a software error and disable functional safety features. This may result in unintended acceleration and/or vehicle movement. What are the hazards? An unintended acceleration and/or vehicle movement whilst driving could increase the risk of an accident, causing serious injury or death to vehicle occupants and other road users.",https://www.vehiclerecalls.gov.au/recalls/rec-006471
REC-006473,5-Nov-25,AUDI,"Q7, Q8",2019 - 2024,33,"Due to a manufacturing issue, the modules installed in the high voltage battery may be defective. During charging a thermal overload could result in a vehicle fire. Due to a manufacturing issue, the modules installed in the high voltage battery may be defective. During charging a thermal overload could result in a vehicle fire. What are the hazards? A vehicle fire could increase the risk of injury or death to vehicle occupants, other road users, bystanders and/or damage to property.",https://www.vehiclerecalls.gov.au/recalls/rec-006473
REC-006475,10-Nov-25,Mercedes-Benz,Certain EQA and EQB vehicles,2023 - 2024,6,"Due to a software issue, the high voltage battery may short circuit if charged over 80 percent capacity. If this occurs, the battery could overheat and lead to a vehicle fire. Due to a software issue, the high voltage battery may short circuit if charged over 80 percent capacity. If this occurs, the battery could overheat and lead to a vehicle fire. What are the hazards? A vehicle fire could increase the risk of serious injury or death to vehicle occupants, other road users, and bystanders, and/or damage to property.",https://www.vehiclerecalls.gov.au/recalls/rec-006475
REC-006478,11-Nov-25,LEXUS,GX550 (VJA252R) & LX600 (VJA310R),2022 - 2024,789,"Due to a manufacturing defect, there is a possibility of engine machining debris contamination within the engine. This could lead to potential engine knocking, rough running and/or stalling during operation causing a loss of motive power. Due to a manufacturing defect, there is a possibility of engine machining debris contamination within the engine. This could lead to potential engine knocking, rough running and/or stalling during operation causing a loss of motive power. What are the hazards? A loss of motive power or engine stalling whilst driving could increase the risk of an accident causing injury or death to vehicle occupants and/or other road users.",https://www.vehiclerecalls.gov.au/recalls/rec-006478
REC-006483,25-Nov-25,Ford,F150,2023,"3,166","Due to a manufacturing defect, the fuel vapour line may come into contact with the coolant hose and become damaged. This may result in a fuel smell and/or a coolant leak and may cause an engine compartment fire. In addition, the vehicle may experience excessive coolant consumption, lack of heater performance, reduced engine performance and drivability issues. Note: If excessive coolant consumption occurs, the malfunction indicator warning light will display in the instrument cluster. Due to a manufacturing defect, the fuel vapour line may come into contact with the coolant hose and become damaged. This may result in a fuel smell and/or a coolant leak and may cause an engine compartment fire. In addition, the vehicle may experience excessive coolant consumption, lack of heater performance, reduced engine performance and drivability issues. Note: If excessive coolant consumption occurs, the malfunction indicator warning light will display in the instrument cluster.",https://www.vehiclerecalls.gov.au/recalls/rec-006483
REC-006484,21-Nov-25,LAND ROVER,Range Rover,2018,1,"Due to a manufacturing defect, the high voltage battery may experience cell degradation. This can result in a loss of motive power and a vehicle fire. Due to a manufacturing defect, the high voltage battery may experience cell degradation. This can result in a loss of motive power and a vehicle fire. What are the hazards? A loss of motive power or vehicle fire could increase the risk of injury or death to vehicle occupants, other road users, bystanders and/or damage to property.",https://www.vehiclerecalls.gov.au/recalls/rec-006484
REC-006485,20-Nov-25,Honda,Accord,2024 - 2025,180,"Due to a software issue, the integrated control module software may cause system errors. This can result in a sudden loss of motive power. Due to a software issue, the integrated control module software may cause system errors. This can result in a sudden loss of motive power. What are the hazards? A sudden loss of power while driving may increase the risk of an accident causing serious injury or death to vehicle occupants and/or other road users.",https://www.vehiclerecalls.gov.au/recalls/rec-006485
REC-006489,26-Nov-25,HYUNDAI,Ioniq 6 (CE),2022 - 2024,"1,191","The affected vehicles charging port door panel may misaligned due to poor adhesive application that cause the retaining hook to unlatch, resulting in the port door panel detaching from the hinge assembly whilst driving. The affected vehicles charging port door panel may misaligned due to poor adhesive application that cause the retaining hook to unlatch, resulting in the port door panel detaching from the hinge assembly whilst driving. What are the hazards? If the charging port door panel detaches from vehicle whilst driving, this could increase the risk of an accident-causing injury or death to road users, bystanders, and/or damage to property.",https://www.vehiclerecalls.gov.au/recalls/rec-006489
REC-006491,27-Nov-25,GENESIS,GV60 (JW),2022 - 2024,381,"Due to a manufacturing defect, the windscreen may have insufficient adhesion and could detach from the vehicle whilst driving. Due to a manufacturing defect, the windscreen may have insufficient adhesion and could detach from the vehicle whilst driving. What are the hazards? If the windscreen detaches from the vehicle whilst driving, it could increase the risk of an accident causing injury or death to other road users, bystanders and/or damage to property.",https://www.vehiclerecalls.gov.au/recalls/rec-006491
REC-006492,3-Dec-25,BENTLEY,Bentayga Hybrid,2023,16,"Due to a hardware defect, the high voltage battery may discharge whilst charging the vehicle. If this occurs, it could overheat leading to a vehicle fire. Due to a hardware defect, the high voltage battery may discharge whilst charging the vehicle. If this occurs, it could overheat leading to a vehicle fire. What are the hazards? A vehicle fire could increase the risk of injury or death to vehicle occupants, other road users, bystanders and/or damage to property.",https://www.vehiclerecalls.gov.au/recalls/rec-006492
REC-006497,10-Dec-25,Ford,"Ranger, Everest and F150",2019 - 2025,"2,696","Due to a manufacturing defect, moisture may enter the ARB Solis lights wiring harness causing corrosion. If this occurs, it could generate excessive heat leading to a vehicle fire while parked or driving. Note: Affected vehicles should be parked in an open space and away from flammable materials and structures, until the defect has been rectified by Ford dealership. Due to a manufacturing defect, moisture may enter the ARB Solis lights wiring harness causing corrosion. If this occurs, it could generate excessive heat leading to a vehicle fire while parked or driving. Note: Affected vehicles should be parked in an open space and away from flammable materials and structures, until the defect has been rectified by Ford dealership.",https://www.vehiclerecalls.gov.au/recalls/rec-006497
REC-006498,10-Dec-25,Ford,Transit,2024 - 2025,"1,487","Due to a manufacturing defect, the main body wiring harness may chafe against the transmission housing and become damaged. If this occurs, it could lead to a short circuit resulting in a vehicle fire. Due to a manufacturing defect, the main body wiring harness may chafe against the transmission housing and become damaged. If this occurs, it could lead to a short circuit resulting in a vehicle fire. What are the hazards? A vehicle fire may increase the risk of serious injury or death to the rider, other road users, bystanders and/or damage to property.",https://www.vehiclerecalls.gov.au/recalls/rec-006498
REC-006506,19-Dec-25,RAM TRUCKS,1500 DT,2025,"1,020","Due to a software issue, the Instrument Panel Cluster (IPC) may fail to illuminate the visual warnings for the brake system lights, gear selection indicators, and other critical safety information. Due to a software issue, the Instrument Panel Cluster (IPC) may fail to illuminate the visual warnings for the brake system lights, gear selection indicators, and other critical safety information. What are the hazards? A loss of safety system warnings whilst driving, could increase the risk of an accident without prior warning, causing injury or death to vehicle occupants and other road users.",https://www.vehiclerecalls.gov.au/recalls/rec-006506
REC-006507,19-Dec-25,RAM TRUCKS,1500 (DT) 2500 (DJ) & 3500 (D2),2025,218,"Due to a software issue, the Instrument Panel Cluster (IPC) may fail to illuminate the visual warnings for the brake system lights, gear selection indicators, and other critical safety information. Due to a software issue, the Instrument Panel Cluster (IPC) may fail to illuminate the visual warnings for the brake system lights, gear selection indicators, and other critical safety information. What are the hazards? A loss of safety system warnings whilst driving, could increase the risk of an accident without prior warning, causing injury or death to vehicle occupants and other road users.",https://www.vehiclerecalls.gov.au/recalls/rec-006507
REC-006508,19-Dec-25,RAM TRUCKS,1500 (DS),2019,12,"Due to a manufacturing defect, the right-side curtain airbag inflators may unexpectedly rupture. Due to a manufacturing defect, the right-side curtain airbag inflators may unexpectedly rupture. What are the hazards? If airbag inflator ruptures, compressed gas and metal fragments may be propelled through the airbag cushion towards the vehicle occupants causing serious injury or death.",https://www.vehiclerecalls.gov.au/recalls/rec-006508
REC-006509,19-Dec-25,RAM TRUCKS,1500 (DS),2019,6,"Due to a manufacturing defect, the left-side curtain airbag inflators may unexpectedly rupture. Due to a manufacturing defect, the left-side curtain airbag inflators may unexpectedly rupture. What are the hazards? If airbag inflator ruptures, compressed gas and metal fragments may be propelled through the airbag cushion towards the vehicle occupants causing serious injury or death.",https://www.vehiclerecalls.gov.au/recalls/rec-006509
REC-006512,19-Dec-25,RAM TRUCKS,1500 (DS),2019,1,"Due to a manufacturing defect, the left and right curtain airbag inflators may unexpectedly rupture. Due to a manufacturing defect, the left and right curtain airbag inflators may unexpectedly rupture. What are the hazards? If airbag inflator ruptures, compressed gas and metal fragments may be propelled through the airbag cushion towards the vehicle occupants causing serious injury or death.",https://www.vehiclerecalls.gov.au/recalls/rec-006512
REC-006513,18-Dec-25,GWM,Haval H7,2024 - 2025,571,"The HAVAL H7 headrest utilises a unilateral locking mechanism, where the locking pin slides downward along the headrest rod into the lock slot to secure the position. In affected vehicles, the locking groove may be out of specification, preventing proper engagement when the headrest is set to the lowest non-locking position. The HAVAL H7 headrest utilises a unilateral locking mechanism, where the locking pin slides downward along the headrest rod into the lock slot to secure the position. In affected vehicles, the locking groove may be out of specification, preventing proper engagement when the headrest is set to the lowest non-locking position.",https://www.vehiclerecalls.gov.au/recalls/rec-006513
REC-006516,24-Dec-25,GWM,"Cannon Alpha PHEV, Tank 300 HEV, Tank 500 HEV and PHEV",2025,"1,445","Due to a manufacturing defect, the shielding ring in the high voltage wiring harness may not be properly grounded. This can reduce the effectiveness of electromagnetic shielding, which may cause abnormal communication with the engine and transmission control systems. As a result, warning lights may illuminate, vehicle torque may be reduced, and cooling performance of the hybrid system may be affected. Due to a manufacturing defect, the shielding ring in the high voltage wiring harness may not be properly grounded. This can reduce the effectiveness of electromagnetic shielding, which may cause abnormal communication with the engine and transmission control systems. As a result, warning lights may illuminate, vehicle torque may be reduced, and cooling performance of the hybrid system may be affected.",https://www.vehiclerecalls.gov.au/recalls/rec-006516
REC-006517,23-Dec-25,Ford,Escape PHEV,2019 - 2023,477,"Due to a manufacturing issue, the cell modules installed in the high voltage battery may be defective, which could cause an internal short circuit. A short circuit could result in a loss of motive power. A short circuit could also result in battery thermal venting while charging leading to a vehicle fire. Note: Do not plug in and charge the high voltage battery to above 80% level and only drive in auto EV mode. Due to a manufacturing issue, the cell modules installed in the high voltage battery may be defective, which could cause an internal short circuit. A short circuit could result in a loss of motive power. A short circuit could also result in battery thermal venting while charging leading to a vehicle fire. Note: Do not plug in and charge the high voltage battery to above 80% level and only drive in auto EV mode.",https://www.vehiclerecalls.gov.au/recalls/rec-006517
REC-006518,23-Dec-25,Ford,Transit Custom / Tourneo,2021 - 2025,"7,509","Due to a manufacturing defect, the 12-volt battery vent may not operate as intended. As a result, under certain driving conditions such as high temperatures toxic gases may leak into the cabin. Note: Occupants may experience hissing sound, smell of acid or rotten eggs, a visible gas leak and/or heat in seat. Due to a manufacturing defect, the 12-volt battery vent may not operate as intended. As a result, under certain driving conditions such as high temperatures toxic gases may leak into the cabin. Note: Occupants may experience hissing sound, smell of acid or rotten eggs, a visible gas leak and/or heat in seat.",https://www.vehiclerecalls.gov.au/recalls/rec-006518
REC-006520,23-Dec-25,SUZUKI,Fronx - A3L415,2025,249,"Due to a manufacturing defect, the left rear seat belt retractor mechanism may not operate as intended. As a result, excessive belt lengths may be released in the event of an accident or hard braking. Due to a manufacturing defect, the left rear seat belt retractor mechanism may not operate as intended. As a result, excessive belt lengths may be released in the event of an accident or hard braking. What are the hazards? In the event of an accident or hard braking, if the left rear seat belt does not operate as intended, it could increase the risk of injury or death to vehicle occupant.",https://www.vehiclerecalls.gov.au/recalls/rec-006520
REC-006521,23-Dec-25,SUZUKI,Fronx,2025,75,"Due to a manufacturing defect, the left rear seat belt retractor mechanism may not operate as intended. As a result, excessive belt lengths may be released in the event of an accident or hard braking. Due to a manufacturing defect, the left rear seat belt retractor mechanism may not operate as intended. As a result, excessive belt lengths may be released in the event of an accident or hard braking. What are the hazards? In the event of an accident or hard braking, if the left rear seat belt does not operate as intended, it could increase the risk of injury or death to vehicle occupant.",https://www.vehiclerecalls.gov.au/recalls/rec-006521
REC-006523,7-Jan-26,RAM TRUCKS,3500 (D2) & 2500 (DJ),2025,79,"Due to a manufacturing defect, the Occupant Restraint Controller (ORC) module may disable the Electronic Stability Control (ESC). If this occurs, the ESC may fail without warning resulting in a loss of vehicle control. This may also result in the seatbelt pretensioners and airbags not performing as intended in the event of an accident. Due to a manufacturing defect, the Occupant Restraint Controller (ORC) module may disable the Electronic Stability Control (ESC). If this occurs, the ESC may fail without warning resulting in a loss of vehicle control. This may also result in the seatbelt pretensioners and airbags not performing as intended in the event of an accident.",https://www.vehiclerecalls.gov.au/recalls/rec-006523
REC-006524,9-Jan-26,Volvo,EX30,2024,"2,815","Due to a manufacturing issue, the cell modules installed in the high voltage battery may overheat at high charge levels. If this occurs, it could lead to a vehicle fire. Note: Keep the battery charge level below 70% which can be set in the Charging setting menu on the vehicle display. Due to a manufacturing issue, the cell modules installed in the high voltage battery may overheat at high charge levels. If this occurs, it could lead to a vehicle fire. Note: Keep the battery charge level below 70% which can be set in the Charging setting menu on the vehicle display. What are the hazards? A vehicle fire could increase the risk of injury or death to vehicle occupants, other road users and bystanders, and/or damage to property.",https://www.vehiclerecalls.gov.au/recalls/rec-006524
REC-006525,8-Jan-26,VOLKSWAGEN,Touareg,2020 - 2024,214,"Due to a manufacturing issue, the cell modules installed in the high voltage battery may be defective and overheat during charging. If this occurs, it could lead to a vehicle fire. Note: Until the software is installed, we ask that you request can consumers refrain from charging the high-voltage battery using an external charging source and refrain from driving in electric only mode. We further request ask that the setting “battery hold” in hybrid mode be selected at a charge level of a maximum of 50%. These measures are required for the safety of your vehicle. You can of course continue to safely drive your vehicle in petrol mode.",https://www.vehiclerecalls.gov.au/recalls/rec-006525
REC-006526,9-Jan-26,Ford,Transit Battery Electric Vehicles,2021 - 2025,279,"Due to a manufacturing defect, the left-hand rear drive shaft may have been incorrectly installed. As a result, it could lead to a loss of motive power whilst driving and/or unintended vehicle movement while the vehicle is in park if the parking brake is not applied. Due to a manufacturing defect, the left-hand rear drive shaft may have been incorrectly installed. As a result, it could lead to a loss of motive power whilst driving and/or unintended vehicle movement while the vehicle is in park if the parking brake is not applied. What are the hazards? A loss of power whilst driving and/or unintended vehicle movement could increase the risk of an accident causing serious injury or death to vehicle occupants and/or other road users.",https://www.vehiclerecalls.gov.au/recalls/rec-006526
REC-006528,9-Jan-26,PEUGEOT,Partner & Expert,2024 - 2025,451,"Due to a software issue, the Instrument Panel Cluster (IPC) may fail to illuminate the visual vehicle speed, lane keep assist and Advanced Emergency Brake System (AEB deactivation warning). Due to a software issue, the Instrument Panel Cluster (IPC) may fail to illuminate the visual vehicle speed, lane keep assist and Advanced Emergency Brake System (AEB deactivation warning). What are the hazards? A loss of safety system warnings whilst driving, could increase the risk of an accident causing injury or death to vehicle occupants and other road users.",https://www.vehiclerecalls.gov.au/recalls/rec-006528
REC-006530,14-Jan-26,Mercedes-Benz,AMG E53 Hybrid,2024 - 2025,18,"Due to a manufacturing defect, the transmission wiring harness may chafe against the front drive shaft and become damaged. This could lead to a sudden loss of motive power whilst driving without warning. Additionally, the vehicle may experience reduced emissions performance. Due to a manufacturing defect, the transmission wiring harness may chafe against the front drive shaft and become damaged. This could lead to a sudden loss of motive power whilst driving without warning. Additionally, the vehicle may experience reduced emissions performance. What are the hazards? A sudden loss of motive power whilst driving could increase the risk of an accident, causing injury or death to vehicle occupants and/or other road users.",https://www.vehiclerecalls.gov.au/recalls/rec-006530
REC-006531,22-Jan-26,CUPRA,Born,2023,3,"Due to a manufacturing issue, the cell modules installed in the high voltage battery may be defective and could overheat. If this occurs, it could lead to a vehicle fire. The range of the vehicle may also be affected. Note: A warning light may illuminate in the instrument cluster. Due to a manufacturing issue, the cell modules installed in the high voltage battery may be defective and could overheat. If this occurs, it could lead to a vehicle fire. The range of the vehicle may also be affected. Note: A warning light may illuminate in the instrument cluster. What are the hazards? A vehicle fire could increase the risk of injury or death to vehicle occupants, other road users and bystanders, and/or damage to property.",https://www.vehiclerecalls.gov.au/recalls/rec-006531
REC-006532,22-Jan-26,Ford,F-150 Lightning,2021 - 2023,2,"Due to a manufacturing defect, moisture may enter the rear light bar assembly unit. This can cause the reverse lamps to become inoperative or to flicker intermittently. Due to a manufacturing defect, moisture may enter the rear light bar assembly unit. This can cause the reverse lamps to become inoperative or to flicker intermittently. What are the hazards? If the traffic behind is unable to identify if the vehicle is reversing, it could increase the risk of an accident causing serious injury or death to vehicle occupants and/or other road users.",https://www.vehiclerecalls.gov.au/recalls/rec-006532
REC-006533,28-Jan-26,PORSCHE,Taycan Turbo GT,2024 - 2025,6,"Due to a manufacturing issue, the wiring harness under the front seats may not have been positioned according to specifications. As a result, it may become damaged over time and affect the deployment of the seat side airbags. Due to a manufacturing issue, the wiring harness under the front seats may not have been positioned according to specifications. As a result, it may become damaged over time and affect the deployment of the seat side airbags. What are the hazards? In the event of an accident, a seat side airbag not deploying as intended could increase the risk of injury or death to vehicle occupants.",https://www.vehiclerecalls.gov.au/recalls/rec-006533
REC-006534,29-Jan-26,Jaecoo,T35,2025,"1,028","Due to a manufacturing defect, the Electronic Control Unit (ECU) wiring harness may chafe against the engine mounting bracket and become damaged. As a result, this could lead to a sudden loss of motive power and/or engine shutdown without warning. Due to a manufacturing defect, the Electronic Control Unit (ECU) wiring harness may chafe against the engine mounting bracket and become damaged. As a result, this could lead to a sudden loss of motive power and/or engine shutdown without warning. What are the hazards? A sudden loss of motive power and/or engine shut down whilst driving could increase the risk of an accident, causing injury or death to vehicle occupants and/or other road users.",https://www.vehiclerecalls.gov.au/recalls/rec-006534